video_id,path,duration,ad_name,website,watch_count,total_time_watched,price_per_watch,video_type
185,/videos/2020-02-04/chats-conditionate-short.mp4,29,chats-conditionate,reverbnation.com,91286,2647294,0.31,short
86,/root/bucket3/chats-conditionate-long.mp4,28,chats-conditionate,unknown,1994,55832,0.19,long
86,/root/bucket3/chats-conditionate-long.mp4,28,chats-conditionate,wufoo.com,701835,19651380,0.16,long
86,/root/bucket3/chats-conditionate-long.mp4,28,chats-conditionate,yale.edu,1501,42028,0.49,long
86,/root/bucket3/chats-conditionate-long.mp4,28,chats-conditionate,springer.com,544306,15240568,0.23,long
1007,/videos/2020-02-01/isomerizing-louma-long.mp4,50,isomerizing-louma,g.co,586691,29334550,0.12,long
1007,/videos/2020-02-01/isomerizing-louma-long.mp4,50,isomerizing-louma,storify.com,759319,37965950,0.47,long
1007,/videos/2020-02-01/isomerizing-louma-long.mp4,50,isomerizing-louma,elegantthemes.com,464595,23229750,0.12,long
1007,/videos/2020-02-01/isomerizing-louma-long.mp4,50,isomerizing-louma,about.com,442675,22133750,0.1,long
1007,/videos/2020-02-01/isomerizing-louma-long.mp4,50,isomerizing-louma,usnews.com,48562,2428100,0.15,long
1229,/media/tipcat-preorder-short.mp4,28,tipcat-preorder,slate.com,941869,26372332,0.36,short
1229,/media/tipcat-preorder-short.mp4,28,tipcat-preorder,blog.com,1504,42112,0.36,short
1229,/media/tipcat-preorder-short.mp4,28,tipcat-preorder,yale.edu,1494,41832,0.39,short
1890,/root/bucket5/tipcat-preorder-long.mp4,58,tipcat-preorder,unknown,2001,116058,0.19,long
1890,/root/bucket5/tipcat-preorder-long.mp4,58,tipcat-preorder,unknown,1999,115942,0.16,long
1890,/root/bucket5/tipcat-preorder-long.mp4,58,tipcat-preorder,auda.org.au,920817,53407386,0.35,long
1890,/root/bucket5/tipcat-preorder-long.mp4,58,tipcat-preorder,earthlink.net,569725,33044050,0.36,long
1890,/root/bucket5/tipcat-preorder-long.mp4,58,tipcat-preorder,jigsy.com,581698,33738484,0.19,long
435,/videos/2020-02-03/incipient-mumpishly-short.mp4,11,incipient-mumpishly,nba.com,532937,5862307,0.19,short
435,/videos/2020-02-03/incipient-mumpishly-short.mp4,11,incipient-mumpishly,mayoclinic.com,464090,5104990,0.36,short
435,/videos/2020-02-03/incipient-mumpishly-short.mp4,11,incipient-mumpishly,unknown,1505,16555,0.45,short
435,/videos/2020-02-03/incipient-mumpishly-short.mp4,11,incipient-mumpishly,yale.edu,1494,16434,0.33,short
59,/videos/2020-02-04/incipient-mumpishly-long.mp4,25,incipient-mumpishly,artisteer.com,989822,24745550,0.18,long
59,/videos/2020-02-04/incipient-mumpishly-long.mp4,25,incipient-mumpishly,cnet.com,822470,20561750,0.14,long
59,/videos/2020-02-04/incipient-mumpishly-long.mp4,25,incipient-mumpishly,unknown,432002,10800050,0.16,long
59,/videos/2020-02-04/incipient-mumpishly-long.mp4,25,incipient-mumpishly,patch.com,811351,20283775,0.47,long
1596,/videos/2020-02-01/xylorimbas-drosophilas-short.mp4,13,xylorimbas-drosophilas,ocn.ne.jp,225760,2934880,0.28,short
1596,/videos/2020-02-01/xylorimbas-drosophilas-short.mp4,13,xylorimbas-drosophilas,bravesites.com,417712,5430256,0.45,short
1596,/videos/2020-02-01/xylorimbas-drosophilas-short.mp4,13,xylorimbas-drosophilas,zdnet.com,951368,12367784,0.18,short
1596,/videos/2020-02-01/xylorimbas-drosophilas-short.mp4,13,xylorimbas-drosophilas,macromedia.com,306756,3987828,0.4,short
1596,/videos/2020-02-01/xylorimbas-drosophilas-short.mp4,13,xylorimbas-drosophilas,redcross.org,901883,11724479,0.21,short
1217,/videos/2020-02-04/xylorimbas-drosophilas-long.mp4,29,xylorimbas-drosophilas,unknown,2002,58058,0.28,long
1217,/videos/2020-02-04/xylorimbas-drosophilas-long.mp4,29,xylorimbas-drosophilas,yale.edu,1497,43413,0.48,long
1217,/videos/2020-02-04/xylorimbas-drosophilas-long.mp4,29,xylorimbas-drosophilas,fc2.com,492619,14285951,0.27,long
535,/root/bucket1/disloyalties-modulates-long.mp4,50,disloyalties-modulates,unknown,1510,75500,0.45,long
535,/root/bucket1/disloyalties-modulates-long.mp4,50,disloyalties-modulates,reddit.com,587489,29374450,0.35,long
535,/root/bucket1/disloyalties-modulates-long.mp4,50,disloyalties-modulates,unknown,1999,99950,0.33,long
535,/root/bucket1/disloyalties-modulates-long.mp4,50,disloyalties-modulates,g.co,796864,39843200,0.49,long
535,/root/bucket1/disloyalties-modulates-long.mp4,50,disloyalties-modulates,moonfruit.com,837894,41894700,0.41,long
535,/root/bucket1/disloyalties-modulates-long.mp4,50,disloyalties-modulates,chron.com,520061,26003050,0.18,long
535,/root/bucket1/disloyalties-modulates-long.mp4,50,disloyalties-modulates,github.com,727488,36374400,0.31,long
535,/root/bucket1/disloyalties-modulates-long.mp4,50,disloyalties-modulates,nbcnews.com,344625,17231250,0.35,long
535,/root/bucket1/disloyalties-modulates-long.mp4,50,disloyalties-modulates,discovery.com,235109,11755450,0.24,long
1252,/media/scoreboards-preselections-short.mp4,10,scoreboards-preselections,yale.edu,1505,15050,0.34,short
1252,/media/scoreboards-preselections-short.mp4,10,scoreboards-preselections,yale.edu,1502,15020,0.15,short
1252,/media/scoreboards-preselections-short.mp4,10,scoreboards-preselections,bravesites.com,674774,6747740,0.13,short
484,/videos/2020-02-01/scoreboards-preselections-long.mp4,41,scoreboards-preselections,ebay.co.uk,1499,61459,0.46,long
484,/videos/2020-02-01/scoreboards-preselections-long.mp4,41,scoreboards-preselections,blogs.com,397590,16301190,0.43,long
484,/videos/2020-02-01/scoreboards-preselections-long.mp4,41,scoreboards-preselections,reddit.com,768206,31496446,0.33,long
1481,/videos/2020-02-01/tiptop-stummel-short.mp4,11,tiptop-stummel,blog.com,1497,16467,0.47,short
1481,/videos/2020-02-01/tiptop-stummel-short.mp4,11,tiptop-stummel,yale.edu,1502,16522,0.17,short
1587,/root/bucket3/also-subovate-short.mp4,25,also-subovate,spotify.com,561314,14032850,0.41,short
1587,/root/bucket3/also-subovate-short.mp4,25,also-subovate,unknown,1508,37700,0.39,short
1587,/root/bucket3/also-subovate-short.mp4,25,also-subovate,skype.com,113684,2842100,0.37,short
1587,/root/bucket3/also-subovate-short.mp4,25,also-subovate,goo.ne.jp,954185,23854625,0.32,short
1587,/root/bucket3/also-subovate-short.mp4,25,also-subovate,dedecms.com,629515,15737875,0.29,short
1587,/root/bucket3/also-subovate-short.mp4,25,also-subovate,so-net.ne.jp,221067,5526675,0.24,short
508,/media/also-subovate-long.mp4,58,also-subovate,blog.com,1503,87174,0.1,long
508,/media/also-subovate-long.mp4,58,also-subovate,sourceforge.net,262723,15237934,0.37,long
704,/media/stimy-cathodically-short.mp4,30,stimy-cathodically,unknown,1505,45150,0.17,short
1316,/root/bucket4/stimy-cathodically-long.mp4,59,stimy-cathodically,unknown,1511,89149,0.46,long
1316,/root/bucket4/stimy-cathodically-long.mp4,59,stimy-cathodically,storify.com,524609,30951931,0.47,long
196,/videos/2020-02-01/basher-jarping-short.mp4,12,basher-jarping,msu.edu,11053,132636,0.31,short
196,/videos/2020-02-01/basher-jarping-short.mp4,12,basher-jarping,unknown,257294,3087528,0.49,short
196,/videos/2020-02-01/basher-jarping-short.mp4,12,basher-jarping,livejournal.com,822918,9875016,0.31,short
196,/videos/2020-02-01/basher-jarping-short.mp4,12,basher-jarping,blogs.com,382986,4595832,0.24,short
1531,/root/bucket2/basher-jarping-long.mp4,44,basher-jarping,blog.com,1501,66044,0.15,long
1531,/root/bucket2/basher-jarping-long.mp4,44,basher-jarping,spotify.com,612787,26962628,0.24,long
1531,/root/bucket2/basher-jarping-long.mp4,44,basher-jarping,fc2.com,909283,40008452,0.46,long
1838,/videos/2020-02-04/nonresident-scrofulously-short.mp4,8,nonresident-scrofulously,blog.com,1503,12024,0.11,short
1838,/videos/2020-02-04/nonresident-scrofulously-short.mp4,8,nonresident-scrofulously,google.nl,488879,3911032,0.22,short
1838,/videos/2020-02-04/nonresident-scrofulously-short.mp4,8,nonresident-scrofulously,istockphoto.com,24577,196616,0.23,short
1838,/videos/2020-02-04/nonresident-scrofulously-short.mp4,8,nonresident-scrofulously,unknown,2001,16008,0.33,short
1838,/videos/2020-02-04/nonresident-scrofulously-short.mp4,8,nonresident-scrofulously,yale.edu,1494,11952,0.21,short
269,/root/bucket2/nonresident-scrofulously-long.mp4,48,nonresident-scrofulously,ebay.co.uk,1499,71952,0.15,long
269,/root/bucket2/nonresident-scrofulously-long.mp4,48,nonresident-scrofulously,chron.com,730782,35077536,0.35,long
269,/root/bucket2/nonresident-scrofulously-long.mp4,48,nonresident-scrofulously,g.co,288996,13871808,0.43,long
240,/videos/2020-02-04/reembark-avoidance-short.mp4,17,reembark-avoidance,bravesites.com,34162,580754,0.3,short
240,/videos/2020-02-04/reembark-avoidance-short.mp4,17,reembark-avoidance,blog.com,1499,25483,0.19,short
240,/videos/2020-02-04/reembark-avoidance-short.mp4,17,reembark-avoidance,free13runpool.com,899275,15287675,0.24,short
208,/root/bucket1/reembark-avoidance-long.mp4,46,reembark-avoidance,wufoo.com,981320,45140720,0.17,long
1140,/media/electrophysiologically-toothless-short.mp4,15,electrophysiologically-toothless,ebay.co.uk,1498,22470,0.5,short
1140,/media/electrophysiologically-toothless-short.mp4,15,electrophysiologically-toothless,comsenz.com,930417,13956255,0.16,short
1140,/media/electrophysiologically-toothless-short.mp4,15,electrophysiologically-toothless,simplemachines.org,450663,6759945,0.28,short
1140,/media/electrophysiologically-toothless-short.mp4,15,electrophysiologically-toothless,loc.gov,108802,1632030,0.11,short
1515,/media/electrophysiologically-toothless-long.mp4,44,electrophysiologically-toothless,blog.com,1503,66132,0.49,long
1837,/videos/2020-02-04/salmagundi-excommunications-short.mp4,15,salmagundi-excommunications,icio.us,232303,3484545,0.48,short
1837,/videos/2020-02-04/salmagundi-excommunications-short.mp4,15,salmagundi-excommunications,washington.edu,137576,2063640,0.16,short
1837,/videos/2020-02-04/salmagundi-excommunications-short.mp4,15,salmagundi-excommunications,nbcnews.com,491279,7369185,0.26,short
1837,/videos/2020-02-04/salmagundi-excommunications-short.mp4,15,salmagundi-excommunications,auda.org.au,332209,4983135,0.11,short
717,/videos/2020-02-04/salmagundi-excommunications-long.mp4,33,salmagundi-excommunications,unknown,773392,25521936,0.29,long
717,/videos/2020-02-04/salmagundi-excommunications-long.mp4,33,salmagundi-excommunications,ebay.co.uk,1499,49467,0.26,long
717,/videos/2020-02-04/salmagundi-excommunications-long.mp4,33,salmagundi-excommunications,unknown,274241,9049953,0.47,long
717,/videos/2020-02-04/salmagundi-excommunications-long.mp4,33,salmagundi-excommunications,washington.edu,399507,13183731,0.2,long
1171,/videos/2020-02-04/elasticness-bandager-short.mp4,23,elasticness-bandager,yolasite.com,819390,18845970,0.27,short
1171,/videos/2020-02-04/elasticness-bandager-short.mp4,23,elasticness-bandager,istockphoto.com,859642,19771766,0.24,short
1988,/root/bucket1/elasticness-bandager-long.mp4,42,elasticness-bandager,yale.edu,824311,34621062,0.5,long
1988,/root/bucket1/elasticness-bandager-long.mp4,42,elasticness-bandager,cnet.com,559798,23511516,0.36,long
1988,/root/bucket1/elasticness-bandager-long.mp4,42,elasticness-bandager,unknown,243518,10227756,0.1,long
1988,/root/bucket1/elasticness-bandager-long.mp4,42,elasticness-bandager,dedecms.com,299411,12575262,0.37,long
1988,/root/bucket1/elasticness-bandager-long.mp4,42,elasticness-bandager,twitter.com,925173,38857266,0.43,long
1201,/root/bucket3/carboxylases-faint-short.mp4,23,carboxylases-faint,unknown,2006,46138,0.34,short
1201,/root/bucket3/carboxylases-faint-short.mp4,23,carboxylases-faint,blogtalkradio.com,334519,7693937,0.24,short
1201,/root/bucket3/carboxylases-faint-short.mp4,23,carboxylases-faint,amazon.com,47109,1083507,0.21,short
1201,/root/bucket3/carboxylases-faint-short.mp4,23,carboxylases-faint,unknown,602499,13857477,0.41,short
1201,/root/bucket3/carboxylases-faint-short.mp4,23,carboxylases-faint,google.fr,314091,7224093,0.29,short
783,/root/bucket3/carboxylases-faint-long.mp4,45,carboxylases-faint,unknown,2001,90045,0.42,long
908,/videos/2020-02-03/redshirted-deflexional-short.mp4,8,redshirted-deflexional,unknown,2000,16000,0.39,short
908,/videos/2020-02-03/redshirted-deflexional-short.mp4,8,redshirted-deflexional,redcross.org,565568,4524544,0.33,short
908,/videos/2020-02-03/redshirted-deflexional-short.mp4,8,redshirted-deflexional,unknown,2001,16008,0.39,short
908,/videos/2020-02-03/redshirted-deflexional-short.mp4,8,redshirted-deflexional,blog.com,1497,11976,0.18,short
908,/videos/2020-02-03/redshirted-deflexional-short.mp4,8,redshirted-deflexional,ebay.co.uk,1498,11984,0.44,short
1009,/root/bucket5/tarpon-hamartiology-short.mp4,10,tarpon-hamartiology,ebay.co.uk,1503,15030,0.31,short
1009,/root/bucket5/tarpon-hamartiology-short.mp4,10,tarpon-hamartiology,blog.com,1500,15000,0.32,short
1535,/root/bucket5/tarpon-hamartiology-long.mp4,59,tarpon-hamartiology,unknown,1515,89385,0.35,long
1535,/root/bucket5/tarpon-hamartiology-long.mp4,59,tarpon-hamartiology,unknown,643903,37990277,0.22,long
1535,/root/bucket5/tarpon-hamartiology-long.mp4,59,tarpon-hamartiology,yale.edu,1498,88382,0.15,long
1535,/root/bucket5/tarpon-hamartiology-long.mp4,59,tarpon-hamartiology,nba.com,29013,1711767,0.18,long
1535,/root/bucket5/tarpon-hamartiology-long.mp4,59,tarpon-hamartiology,unknown,1508,88972,0.4,long
1535,/root/bucket5/tarpon-hamartiology-long.mp4,59,tarpon-hamartiology,reddit.com,41475,2447025,0.22,long
610,/root/bucket2/praetorships-buggering-long.mp4,37,praetorships-buggering,bbb.org,984502,36426574,0.46,long
610,/root/bucket2/praetorships-buggering-long.mp4,37,praetorships-buggering,yale.edu,1498,55426,0.34,long
610,/root/bucket2/praetorships-buggering-long.mp4,37,praetorships-buggering,dion.ne.jp,574456,21254872,0.19,long
610,/root/bucket2/praetorships-buggering-long.mp4,37,praetorships-buggering,icio.us,581200,21504400,0.15,long
610,/root/bucket2/praetorships-buggering-long.mp4,37,praetorships-buggering,jigsy.com,218611,8088607,0.44,long
610,/root/bucket2/praetorships-buggering-long.mp4,37,praetorships-buggering,goodreads.com,412499,15262463,0.15,long
149,/videos/2020-02-03/lurch-galivant-long.mp4,54,lurch-galivant,ebay.co.uk,1498,80892,0.33,long
149,/videos/2020-02-03/lurch-galivant-long.mp4,54,lurch-galivant,unknown,1511,81594,0.29,long
149,/videos/2020-02-03/lurch-galivant-long.mp4,54,lurch-galivant,nymag.com,297136,16045344,0.48,long
149,/videos/2020-02-03/lurch-galivant-long.mp4,54,lurch-galivant,netvibes.com,324756,17536824,0.43,long
149,/videos/2020-02-03/lurch-galivant-long.mp4,54,lurch-galivant,usgs.gov,715163,38618802,0.43,long
149,/videos/2020-02-03/lurch-galivant-long.mp4,54,lurch-galivant,yolasite.com,490829,26504766,0.37,long
1219,/root/bucket2/deflowering-insincerities-long.mp4,45,deflowering-insincerities,hhs.gov,645808,29061360,0.36,long
1219,/root/bucket2/deflowering-insincerities-long.mp4,45,deflowering-insincerities,npr.org,422912,19031040,0.16,long
1219,/root/bucket2/deflowering-insincerities-long.mp4,45,deflowering-insincerities,unknown,908402,40878090,0.11,long
1219,/root/bucket2/deflowering-insincerities-long.mp4,45,deflowering-insincerities,purevolume.com,215503,9697635,0.24,long
928,/root/bucket4/bibliothecae-blackjack-short.mp4,14,bibliothecae-blackjack,unknown,1997,27958,0.13,short
928,/root/bucket4/bibliothecae-blackjack-short.mp4,14,bibliothecae-blackjack,fc2.com,772864,10820096,0.44,short
928,/root/bucket4/bibliothecae-blackjack-short.mp4,14,bibliothecae-blackjack,blog.com,1499,20986,0.49,short
928,/root/bucket4/bibliothecae-blackjack-short.mp4,14,bibliothecae-blackjack,ebay.co.uk,1495,20930,0.48,short
928,/root/bucket4/bibliothecae-blackjack-short.mp4,14,bibliothecae-blackjack,unknown,93353,1306942,0.31,short
928,/root/bucket4/bibliothecae-blackjack-short.mp4,14,bibliothecae-blackjack,netvibes.com,694904,9728656,0.27,short
928,/root/bucket4/bibliothecae-blackjack-short.mp4,14,bibliothecae-blackjack,unknown,355623,4978722,0.35,short
530,/root/bucket5/bibliothecae-blackjack-long.mp4,44,bibliothecae-blackjack,yale.edu,1500,66000,0.19,long
530,/root/bucket5/bibliothecae-blackjack-long.mp4,44,bibliothecae-blackjack,unknown,458143,20158292,0.24,long
1248,/videos/2020-02-03/prioritises-macromolecular-short.mp4,29,prioritises-macromolecular,scribd.com,316561,9180269,0.35,short
1248,/videos/2020-02-03/prioritises-macromolecular-short.mp4,29,prioritises-macromolecular,ebay.co.uk,1508,43732,0.25,short
1248,/videos/2020-02-03/prioritises-macromolecular-short.mp4,29,prioritises-macromolecular,washington.edu,714484,20720036,0.13,short
366,/root/bucket5/prioritises-macromolecular-long.mp4,32,prioritises-macromolecular,exblog.jp,323315,10346080,0.36,long
366,/root/bucket5/prioritises-macromolecular-long.mp4,32,prioritises-macromolecular,unknown,1508,48256,0.28,long
366,/root/bucket5/prioritises-macromolecular-long.mp4,32,prioritises-macromolecular,reddit.com,832014,26624448,0.39,long
366,/root/bucket5/prioritises-macromolecular-long.mp4,32,prioritises-macromolecular,dailymotion.com,65294,2089408,0.18,long
366,/root/bucket5/prioritises-macromolecular-long.mp4,32,prioritises-macromolecular,yale.edu,1504,48128,0.42,long
242,/videos/2020-02-03/moleskin-depuratives-short.mp4,9,moleskin-depuratives,moonfruit.com,309529,2785761,0.11,short
242,/videos/2020-02-03/moleskin-depuratives-short.mp4,9,moleskin-depuratives,ebay.co.uk,1497,13473,0.16,short
34,/videos/2020-02-04/moleskin-depuratives-long.mp4,40,moleskin-depuratives,unknown,1515,60600,0.16,long
34,/videos/2020-02-04/moleskin-depuratives-long.mp4,40,moleskin-depuratives,webs.com,928580,37143200,0.11,long
34,/videos/2020-02-04/moleskin-depuratives-long.mp4,40,moleskin-depuratives,unknown,1511,60440,0.21,long
34,/videos/2020-02-04/moleskin-depuratives-long.mp4,40,moleskin-depuratives,g.co,44905,1796200,0.2,long
34,/videos/2020-02-04/moleskin-depuratives-long.mp4,40,moleskin-depuratives,ebay.co.uk,1498,59920,0.49,long
34,/videos/2020-02-04/moleskin-depuratives-long.mp4,40,moleskin-depuratives,washington.edu,279999,11199960,0.32,long
1866,/root/bucket2/liquidating-set-short.mp4,17,liquidating-set,yale.edu,1506,25602,0.3,short
1866,/root/bucket2/liquidating-set-short.mp4,17,liquidating-set,comcast.net,705049,11985833,0.19,short
1717,/root/bucket5/liquidating-set-long.mp4,40,liquidating-set,unknown,2000,80000,0.49,long
773,/root/bucket2/orchestraters-septentrional-short.mp4,14,orchestraters-septentrional,ebay.co.uk,1497,20958,0.12,short
773,/root/bucket2/orchestraters-septentrional-short.mp4,14,orchestraters-septentrional,techcrunch.com,626670,8773380,0.12,short
773,/root/bucket2/orchestraters-septentrional-short.mp4,14,orchestraters-septentrional,nature.com,171530,2401420,0.43,short
773,/root/bucket2/orchestraters-septentrional-short.mp4,14,orchestraters-septentrional,yandex.ru,921723,12904122,0.41,short
773,/root/bucket2/orchestraters-septentrional-short.mp4,14,orchestraters-septentrional,ebay.co.uk,1500,21000,0.49,short
773,/root/bucket2/orchestraters-septentrional-short.mp4,14,orchestraters-septentrional,blog.com,1502,21028,0.29,short
1648,/root/bucket3/orchestraters-septentrional-long.mp4,45,orchestraters-septentrional,multiply.com,641675,28875375,0.29,long
1648,/root/bucket3/orchestraters-septentrional-long.mp4,45,orchestraters-septentrional,phoca.cz,567313,25529085,0.32,long
1648,/root/bucket3/orchestraters-septentrional-long.mp4,45,orchestraters-septentrional,unknown,2002,90090,0.25,long
1228,/videos/2020-02-01/retimed-stelleridan-short.mp4,23,retimed-stelleridan,blog.com,1493,34339,0.36,short
1228,/videos/2020-02-01/retimed-stelleridan-short.mp4,23,retimed-stelleridan,joomla.org,31341,720843,0.14,short
1228,/videos/2020-02-01/retimed-stelleridan-short.mp4,23,retimed-stelleridan,unknown,1508,34684,0.32,short
285,/root/bucket2/retimed-stelleridan-long.mp4,48,retimed-stelleridan,google.fr,287756,13812288,0.38,long
285,/root/bucket2/retimed-stelleridan-long.mp4,48,retimed-stelleridan,netvibes.com,934457,44853936,0.43,long
285,/root/bucket2/retimed-stelleridan-long.mp4,48,retimed-stelleridan,yale.edu,1504,72192,0.27,long
285,/root/bucket2/retimed-stelleridan-long.mp4,48,retimed-stelleridan,unknown,1510,72480,0.15,long
984,/videos/2020-02-03/accended-marooned-short.mp4,19,accended-marooned,nymag.com,570804,10845276,0.2,short
984,/videos/2020-02-03/accended-marooned-short.mp4,19,accended-marooned,cnet.com,182962,3476278,0.43,short
984,/videos/2020-02-03/accended-marooned-short.mp4,19,accended-marooned,unknown,2004,38076,0.45,short
984,/videos/2020-02-03/accended-marooned-short.mp4,19,accended-marooned,artisteer.com,406315,7719985,0.44,short
984,/videos/2020-02-03/accended-marooned-short.mp4,19,accended-marooned,yale.edu,1504,28576,0.12,short
984,/videos/2020-02-03/accended-marooned-short.mp4,19,accended-marooned,blogs.com,424243,8060617,0.23,short
1051,/root/bucket4/accended-marooned-long.mp4,37,accended-marooned,blogtalkradio.com,582174,21540438,0.23,long
1051,/root/bucket4/accended-marooned-long.mp4,37,accended-marooned,ebay.co.uk,1501,55537,0.49,long
760,/root/bucket3/alexine-dapperer-long.mp4,60,alexine-dapperer,epa.gov,157840,9470400,0.32,long
760,/root/bucket3/alexine-dapperer-long.mp4,60,alexine-dapperer,istockphoto.com,978967,58738020,0.33,long
137,/root/bucket1/nationalisms-anecdotist-short.mp4,24,nationalisms-anecdotist,blog.com,1497,35928,0.44,short
1283,/root/bucket3/nationalisms-anecdotist-long.mp4,34,nationalisms-anecdotist,phoca.cz,349395,11879430,0.17,long
1298,/root/bucket2/bichrome-confiseurs-short.mp4,23,bichrome-confiseurs,unknown,615134,14148082,0.4,short
1298,/root/bucket2/bichrome-confiseurs-short.mp4,23,bichrome-confiseurs,epa.gov,431900,9933700,0.2,short
1298,/root/bucket2/bichrome-confiseurs-short.mp4,23,bichrome-confiseurs,csmonitor.com,405137,9318151,0.37,short
1699,/videos/2020-02-01/bichrome-confiseurs-long.mp4,33,bichrome-confiseurs,exblog.jp,967572,31929876,0.31,long
989,/media/italicisation-drinkablenesses-short.mp4,10,italicisation-drinkablenesses,usnews.com,813532,8135320,0.45,short
989,/media/italicisation-drinkablenesses-short.mp4,10,italicisation-drinkablenesses,istockphoto.com,470966,4709660,0.38,short
989,/media/italicisation-drinkablenesses-short.mp4,10,italicisation-drinkablenesses,webs.com,571585,5715850,0.12,short
577,/root/bucket3/italicisation-drinkablenesses-long.mp4,43,italicisation-drinkablenesses,yale.edu,1501,64543,0.36,long
577,/root/bucket3/italicisation-drinkablenesses-long.mp4,43,italicisation-drinkablenesses,epa.gov,729240,31357320,0.14,long
577,/root/bucket3/italicisation-drinkablenesses-long.mp4,43,italicisation-drinkablenesses,yale.edu,1501,64543,0.44,long
577,/root/bucket3/italicisation-drinkablenesses-long.mp4,43,italicisation-drinkablenesses,storify.com,269168,11574224,0.28,long
1378,/videos/2020-02-01/diplozoic-pellack-short.mp4,11,diplozoic-pellack,mail.ru,233801,2571811,0.11,short
1378,/videos/2020-02-01/diplozoic-pellack-short.mp4,11,diplozoic-pellack,blog.com,1496,16456,0.12,short
1378,/videos/2020-02-01/diplozoic-pellack-short.mp4,11,diplozoic-pellack,phoca.cz,168304,1851344,0.18,short
1378,/videos/2020-02-01/diplozoic-pellack-short.mp4,11,diplozoic-pellack,npr.org,176996,1946956,0.29,short
1378,/videos/2020-02-01/diplozoic-pellack-short.mp4,11,diplozoic-pellack,yale.edu,1504,16544,0.18,short
1378,/videos/2020-02-01/diplozoic-pellack-short.mp4,11,diplozoic-pellack,goodreads.com,48450,532950,0.35,short
888,/videos/2020-02-01/diplozoic-pellack-long.mp4,51,diplozoic-pellack,blog.com,1496,76296,0.33,long
888,/videos/2020-02-01/diplozoic-pellack-long.mp4,51,diplozoic-pellack,scribd.com,102515,5228265,0.31,long
888,/videos/2020-02-01/diplozoic-pellack-long.mp4,51,diplozoic-pellack,yale.edu,1500,76500,0.21,long
888,/videos/2020-02-01/diplozoic-pellack-long.mp4,51,diplozoic-pellack,washington.edu,242024,12343224,0.35,long
1588,/root/bucket4/disinvest-branders-short.mp4,29,disinvest-branders,yale.edu,1505,43645,0.39,short
1588,/root/bucket4/disinvest-branders-short.mp4,29,disinvest-branders,unknown,322762,9360098,0.41,short
1588,/root/bucket4/disinvest-branders-short.mp4,29,disinvest-branders,unknown,796764,23106156,0.42,short
1588,/root/bucket4/disinvest-branders-short.mp4,29,disinvest-branders,archive.org,896239,25990931,0.25,short
1588,/root/bucket4/disinvest-branders-short.mp4,29,disinvest-branders,springer.com,644639,18694531,0.31,short
1588,/root/bucket4/disinvest-branders-short.mp4,29,disinvest-branders,istockphoto.com,425009,12325261,0.33,short
689,/root/bucket1/disinvest-branders-long.mp4,56,disinvest-branders,istockphoto.com,73407,4110792,0.39,long
1294,/root/bucket1/flashlamps-oligarchically-short.mp4,21,flashlamps-oligarchically,storify.com,677591,14229411,0.22,short
1294,/root/bucket1/flashlamps-oligarchically-short.mp4,21,flashlamps-oligarchically,ebay.co.uk,1500,31500,0.19,short
663,/videos/2020-02-01/flashlamps-oligarchically-long.mp4,58,flashlamps-oligarchically,yale.edu,1499,86942,0.13,long
106,/videos/2020-02-03/eyeshadows-disentrail-short.mp4,14,eyeshadows-disentrail,csmonitor.com,977328,13682592,0.42,short
106,/videos/2020-02-03/eyeshadows-disentrail-short.mp4,14,eyeshadows-disentrail,unknown,652188,9130632,0.21,short
106,/videos/2020-02-03/eyeshadows-disentrail-short.mp4,14,eyeshadows-disentrail,macromedia.com,163294,2286116,0.49,short
106,/videos/2020-02-03/eyeshadows-disentrail-short.mp4,14,eyeshadows-disentrail,unknown,85387,1195418,0.48,short
106,/videos/2020-02-03/eyeshadows-disentrail-short.mp4,14,eyeshadows-disentrail,springer.com,538652,7541128,0.22,short
1668,/videos/2020-02-03/eyeshadows-disentrail-long.mp4,42,eyeshadows-disentrail,artisteer.com,528472,22195824,0.4,long
1668,/videos/2020-02-03/eyeshadows-disentrail-long.mp4,42,eyeshadows-disentrail,yale.edu,1503,63126,0.39,long
1668,/videos/2020-02-03/eyeshadows-disentrail-long.mp4,42,eyeshadows-disentrail,unknown,550336,23114112,0.46,long
1668,/videos/2020-02-03/eyeshadows-disentrail-long.mp4,42,eyeshadows-disentrail,redcross.org,893607,37531494,0.23,long
1668,/videos/2020-02-03/eyeshadows-disentrail-long.mp4,42,eyeshadows-disentrail,mayoclinic.com,824403,34624926,0.23,long
1668,/videos/2020-02-03/eyeshadows-disentrail-long.mp4,42,eyeshadows-disentrail,csmonitor.com,430073,18063066,0.44,long
1668,/videos/2020-02-03/eyeshadows-disentrail-long.mp4,42,eyeshadows-disentrail,unknown,1506,63252,0.36,long
468,/root/bucket5/multitudes-bedticks-short.mp4,28,multitudes-bedticks,yandex.ru,219233,6138524,0.19,short
468,/root/bucket5/multitudes-bedticks-short.mp4,28,multitudes-bedticks,unknown,855486,23953608,0.17,short
468,/root/bucket5/multitudes-bedticks-short.mp4,28,multitudes-bedticks,yale.edu,1493,41804,0.43,short
468,/root/bucket5/multitudes-bedticks-short.mp4,28,multitudes-bedticks,zdnet.com,99369,2782332,0.31,short
468,/root/bucket5/multitudes-bedticks-short.mp4,28,multitudes-bedticks,unknown,1513,42364,0.27,short
356,/videos/2020-02-03/multitudes-bedticks-long.mp4,55,multitudes-bedticks,ebay.co.uk,1503,82665,0.12,long
356,/videos/2020-02-03/multitudes-bedticks-long.mp4,55,multitudes-bedticks,blog.com,1500,82500,0.15,long
356,/videos/2020-02-03/multitudes-bedticks-long.mp4,55,multitudes-bedticks,unknown,656365,36100075,0.19,long
356,/videos/2020-02-03/multitudes-bedticks-long.mp4,55,multitudes-bedticks,loc.gov,848164,46649020,0.45,long
356,/videos/2020-02-03/multitudes-bedticks-long.mp4,55,multitudes-bedticks,artisteer.com,273626,15049430,0.46,long
1511,/media/counterarguments-bagpiping-short.mp4,20,counterarguments-bagpiping,unknown,1998,39960,0.46,short
1511,/media/counterarguments-bagpiping-short.mp4,20,counterarguments-bagpiping,google.nl,62234,1244680,0.39,short
1511,/media/counterarguments-bagpiping-short.mp4,20,counterarguments-bagpiping,ebay.co.uk,1505,30100,0.4,short
1785,/videos/2020-02-02/counterarguments-bagpiping-long.mp4,30,counterarguments-bagpiping,unknown,1513,45390,0.17,long
1785,/videos/2020-02-02/counterarguments-bagpiping-long.mp4,30,counterarguments-bagpiping,java.com,14698,440940,0.41,long
1785,/videos/2020-02-02/counterarguments-bagpiping-long.mp4,30,counterarguments-bagpiping,netvibes.com,580905,17427150,0.1,long
90,/root/bucket3/inundated-gutsers-short.mp4,21,inundated-gutsers,about.com,867347,18214287,0.24,short
90,/root/bucket3/inundated-gutsers-short.mp4,21,inundated-gutsers,livejournal.com,516070,10837470,0.31,short
1307,/videos/2020-02-04/inundated-gutsers-long.mp4,47,inundated-gutsers,npr.org,353993,16637671,0.11,long
1307,/videos/2020-02-04/inundated-gutsers-long.mp4,47,inundated-gutsers,fc2.com,600516,28224252,0.43,long
1307,/videos/2020-02-04/inundated-gutsers-long.mp4,47,inundated-gutsers,yale.edu,1497,70359,0.31,long
1307,/videos/2020-02-04/inundated-gutsers-long.mp4,47,inundated-gutsers,dailymotion.com,333152,15658144,0.34,long
1307,/videos/2020-02-04/inundated-gutsers-long.mp4,47,inundated-gutsers,topsy.com,461545,21692615,0.18,long
1600,/root/bucket3/manoscopy-naifer-short.mp4,15,manoscopy-naifer,blog.com,1502,22530,0.12,short
1600,/root/bucket3/manoscopy-naifer-short.mp4,15,manoscopy-naifer,auda.org.au,909450,13641750,0.23,short
1600,/root/bucket3/manoscopy-naifer-short.mp4,15,manoscopy-naifer,unknown,852264,12783960,0.49,short
261,/videos/2020-02-04/manoscopy-naifer-long.mp4,29,manoscopy-naifer,moonfruit.com,24582,712878,0.3,long
261,/videos/2020-02-04/manoscopy-naifer-long.mp4,29,manoscopy-naifer,mail.ru,653519,18952051,0.15,long
261,/videos/2020-02-04/manoscopy-naifer-long.mp4,29,manoscopy-naifer,free13runpool.com,637019,18473551,0.29,long
261,/videos/2020-02-04/manoscopy-naifer-long.mp4,29,manoscopy-naifer,de.vu,120598,3497342,0.46,long
261,/videos/2020-02-04/manoscopy-naifer-long.mp4,29,manoscopy-naifer,wiley.com,554799,16089171,0.44,long
1385,/root/bucket5/cantharidic-misfires-long.mp4,29,cantharidic-misfires,nbcnews.com,207811,6026519,0.17,long
1385,/root/bucket5/cantharidic-misfires-long.mp4,29,cantharidic-misfires,sourceforge.net,978211,28368119,0.13,long
1385,/root/bucket5/cantharidic-misfires-long.mp4,29,cantharidic-misfires,goo.ne.jp,680063,19721827,0.13,long
1385,/root/bucket5/cantharidic-misfires-long.mp4,29,cantharidic-misfires,blog.com,1506,43674,0.39,long
1385,/root/bucket5/cantharidic-misfires-long.mp4,29,cantharidic-misfires,ebay.co.uk,1501,43529,0.18,long
1385,/root/bucket5/cantharidic-misfires-long.mp4,29,cantharidic-misfires,opera.com,680217,19726293,0.39,long
1385,/root/bucket5/cantharidic-misfires-long.mp4,29,cantharidic-misfires,zdnet.com,269313,7810077,0.43,long
1385,/root/bucket5/cantharidic-misfires-long.mp4,29,cantharidic-misfires,blog.com,1501,43529,0.47,long
1385,/root/bucket5/cantharidic-misfires-long.mp4,29,cantharidic-misfires,blog.com,1498,43442,0.14,long
1385,/root/bucket5/cantharidic-misfires-long.mp4,29,cantharidic-misfires,usnews.com,795224,23061496,0.3,long
1616,/videos/2020-02-01/supplicatory-dicrotism-short.mp4,30,supplicatory-dicrotism,unknown,1510,45300,0.35,short
1616,/videos/2020-02-01/supplicatory-dicrotism-short.mp4,30,supplicatory-dicrotism,unknown,861998,25859940,0.49,short
191,/root/bucket3/supplicatory-dicrotism-long.mp4,25,supplicatory-dicrotism,ebay.co.uk,1501,37525,0.26,long
191,/root/bucket3/supplicatory-dicrotism-long.mp4,25,supplicatory-dicrotism,nature.com,236848,5921200,0.11,long
191,/root/bucket3/supplicatory-dicrotism-long.mp4,25,supplicatory-dicrotism,earthlink.net,904099,22602475,0.24,long
134,/videos/2020-02-02/iconolater-numerate-short.mp4,27,iconolater-numerate,flavors.me,531874,14360598,0.4,short
134,/videos/2020-02-02/iconolater-numerate-short.mp4,27,iconolater-numerate,unknown,1999,53973,0.16,short
134,/videos/2020-02-02/iconolater-numerate-short.mp4,27,iconolater-numerate,yale.edu,1502,40554,0.49,short
828,/videos/2020-02-02/iconolater-numerate-long.mp4,28,iconolater-numerate,delicious.com,244503,6846084,0.37,long
828,/videos/2020-02-02/iconolater-numerate-long.mp4,28,iconolater-numerate,unknown,2001,56028,0.1,long
441,/root/bucket3/librations-nichering-short.mp4,6,librations-nichering,amazon.com,100082,600492,0.12,short
441,/root/bucket3/librations-nichering-short.mp4,6,librations-nichering,blogtalkradio.com,881263,5287578,0.45,short
441,/root/bucket3/librations-nichering-short.mp4,6,librations-nichering,bravesites.com,162953,977718,0.26,short
441,/root/bucket3/librations-nichering-short.mp4,6,librations-nichering,auda.org.au,310539,1863234,0.26,short
441,/root/bucket3/librations-nichering-short.mp4,6,librations-nichering,nature.com,28573,171438,0.37,short
441,/root/bucket3/librations-nichering-short.mp4,6,librations-nichering,yale.edu,1494,8964,0.44,short
441,/root/bucket3/librations-nichering-short.mp4,6,librations-nichering,loc.gov,49365,296190,0.35,short
441,/root/bucket3/librations-nichering-short.mp4,6,librations-nichering,ocn.ne.jp,107175,643050,0.12,short
1954,/root/bucket4/librations-nichering-long.mp4,46,librations-nichering,yale.edu,1501,69046,0.39,long
540,/videos/2020-02-02/fumarolic-manyfold-short.mp4,13,fumarolic-manyfold,opera.com,476102,6189326,0.43,short
540,/videos/2020-02-02/fumarolic-manyfold-short.mp4,13,fumarolic-manyfold,dedecms.com,287806,3741478,0.34,short
540,/videos/2020-02-02/fumarolic-manyfold-short.mp4,13,fumarolic-manyfold,unknown,1510,19630,0.25,short
1609,/root/bucket5/fumarolic-manyfold-long.mp4,29,fumarolic-manyfold,harvard.edu,553215,16043235,0.14,long
576,/root/bucket5/merceries-pyranoside-short.mp4,7,merceries-pyranoside,goodreads.com,435748,3050236,0.19,short
576,/root/bucket5/merceries-pyranoside-short.mp4,7,merceries-pyranoside,unknown,1510,10570,0.17,short
1002,/videos/2020-02-01/merceries-pyranoside-long.mp4,59,merceries-pyranoside,meetup.com,500585,29534515,0.18,long
1002,/videos/2020-02-01/merceries-pyranoside-long.mp4,59,merceries-pyranoside,mail.ru,790029,46611711,0.17,long
1591,/root/bucket4/convexity-pinchbugs-short.mp4,8,convexity-pinchbugs,usgs.gov,206219,1649752,0.23,short
1591,/root/bucket4/convexity-pinchbugs-short.mp4,8,convexity-pinchbugs,springer.com,3678,29424,0.47,short
1591,/root/bucket4/convexity-pinchbugs-short.mp4,8,convexity-pinchbugs,yale.edu,1500,12000,0.25,short
1510,/root/bucket1/convexity-pinchbugs-long.mp4,40,convexity-pinchbugs,unknown,594809,23792360,0.35,long
1510,/root/bucket1/convexity-pinchbugs-long.mp4,40,convexity-pinchbugs,csmonitor.com,29320,1172800,0.2,long
1033,/media/mollycoddles-gullying-short.mp4,11,mollycoddles-gullying,cnet.com,219139,2410529,0.25,short
150,/videos/2020-02-04/mollycoddles-gullying-long.mp4,51,mollycoddles-gullying,goo.ne.jp,897214,45757914,0.36,long
150,/videos/2020-02-04/mollycoddles-gullying-long.mp4,51,mollycoddles-gullying,thetimes.co.uk,170474,8694174,0.48,long
150,/videos/2020-02-04/mollycoddles-gullying-long.mp4,51,mollycoddles-gullying,yale.edu,1498,76398,0.13,long
93,/root/bucket3/faineances-panpsychists-short.mp4,18,faineances-panpsychists,moonfruit.com,379241,6826338,0.41,short
93,/root/bucket3/faineances-panpsychists-short.mp4,18,faineances-panpsychists,icio.us,114547,2061846,0.12,short
93,/root/bucket3/faineances-panpsychists-short.mp4,18,faineances-panpsychists,fc2.com,147171,2649078,0.27,short
93,/root/bucket3/faineances-panpsychists-short.mp4,18,faineances-panpsychists,yale.edu,1499,26982,0.19,short
93,/root/bucket3/faineances-panpsychists-short.mp4,18,faineances-panpsychists,dion.ne.jp,28031,504558,0.35,short
1860,/root/bucket3/faineances-panpsychists-long.mp4,59,faineances-panpsychists,foxnews.com,251682,14849238,0.17,long
374,/root/bucket4/howling-oeuvre-short.mp4,8,howling-oeuvre,mail.ru,684524,5476192,0.4,short
374,/root/bucket4/howling-oeuvre-short.mp4,8,howling-oeuvre,hhs.gov,362246,2897968,0.35,short
374,/root/bucket4/howling-oeuvre-short.mp4,8,howling-oeuvre,unknown,1507,12056,0.28,short
1833,/root/bucket4/howling-oeuvre-long.mp4,42,howling-oeuvre,mail.ru,792037,33265554,0.13,long
1833,/root/bucket4/howling-oeuvre-long.mp4,42,howling-oeuvre,unknown,315685,13258770,0.32,long
858,/videos/2020-02-02/weightlessness-underestimations-short.mp4,8,weightlessness-underestimations,scribd.com,221583,1772664,0.21,short
858,/videos/2020-02-02/weightlessness-underestimations-short.mp4,8,weightlessness-underestimations,usnews.com,805900,6447200,0.22,short
858,/videos/2020-02-02/weightlessness-underestimations-short.mp4,8,weightlessness-underestimations,unknown,1998,15984,0.39,short
858,/videos/2020-02-02/weightlessness-underestimations-short.mp4,8,weightlessness-underestimations,ebay.co.uk,1506,12048,0.42,short
858,/videos/2020-02-02/weightlessness-underestimations-short.mp4,8,weightlessness-underestimations,unknown,397950,3183600,0.23,short
858,/videos/2020-02-02/weightlessness-underestimations-short.mp4,8,weightlessness-underestimations,unknown,1508,12064,0.16,short
1341,/root/bucket3/weightlessness-underestimations-long.mp4,45,weightlessness-underestimations,about.com,353462,15905790,0.12,long
1341,/root/bucket3/weightlessness-underestimations-long.mp4,45,weightlessness-underestimations,yale.edu,1505,67725,0.39,long
1341,/root/bucket3/weightlessness-underestimations-long.mp4,45,weightlessness-underestimations,blog.com,1504,67680,0.19,long
1455,/videos/2020-02-03/microbiological-singing-short.mp4,21,microbiological-singing,foxnews.com,581811,12218031,0.11,short
1455,/videos/2020-02-03/microbiological-singing-short.mp4,21,microbiological-singing,goo.ne.jp,164131,3446751,0.31,short
1455,/videos/2020-02-03/microbiological-singing-short.mp4,21,microbiological-singing,buzzfeed.com,625190,13128990,0.28,short
1455,/videos/2020-02-03/microbiological-singing-short.mp4,21,microbiological-singing,unknown,1510,31710,0.13,short
1455,/videos/2020-02-03/microbiological-singing-short.mp4,21,microbiological-singing,storify.com,91565,1922865,0.5,short
1628,/root/bucket5/microbiological-singing-long.mp4,57,microbiological-singing,csmonitor.com,607371,34620147,0.24,long
1628,/root/bucket5/microbiological-singing-long.mp4,57,microbiological-singing,unknown,552871,31513647,0.36,long
1628,/root/bucket5/microbiological-singing-long.mp4,57,microbiological-singing,yale.edu,1497,85329,0.5,long
1628,/root/bucket5/microbiological-singing-long.mp4,57,microbiological-singing,ebay.co.uk,1500,85500,0.28,long
1312,/root/bucket3/medics-funner-short.mp4,30,medics-funner,goodreads.com,510894,15326820,0.45,short
1312,/root/bucket3/medics-funner-short.mp4,30,medics-funner,storify.com,686227,20586810,0.31,short
1312,/root/bucket3/medics-funner-short.mp4,30,medics-funner,yale.edu,777445,23323350,0.12,short
1312,/root/bucket3/medics-funner-short.mp4,30,medics-funner,unknown,615832,18474960,0.2,short
66,/videos/2020-02-03/medics-funner-long.mp4,31,medics-funner,yale.edu,145425,4508175,0.2,long
66,/videos/2020-02-03/medics-funner-long.mp4,31,medics-funner,npr.org,19391,601121,0.1,long
983,/videos/2020-02-01/finaliser-monohydric-short.mp4,15,finaliser-monohydric,webs.com,335082,5026230,0.13,short
983,/videos/2020-02-01/finaliser-monohydric-short.mp4,15,finaliser-monohydric,fc2.com,140387,2105805,0.19,short
983,/videos/2020-02-01/finaliser-monohydric-short.mp4,15,finaliser-monohydric,blog.com,1503,22545,0.14,short
983,/videos/2020-02-01/finaliser-monohydric-short.mp4,15,finaliser-monohydric,unknown,2006,30090,0.46,short
983,/videos/2020-02-01/finaliser-monohydric-short.mp4,15,finaliser-monohydric,blog.com,1498,22470,0.28,short
983,/videos/2020-02-01/finaliser-monohydric-short.mp4,15,finaliser-monohydric,istockphoto.com,101040,1515600,0.47,short
1056,/videos/2020-02-03/finaliser-monohydric-long.mp4,60,finaliser-monohydric,unknown,2004,120240,0.42,long
1056,/videos/2020-02-03/finaliser-monohydric-long.mp4,60,finaliser-monohydric,goo.ne.jp,460504,27630240,0.3,long
1653,/root/bucket3/anopsia-sentimentalism-short.mp4,8,anopsia-sentimentalism,earthlink.net,586389,4691112,0.12,short
1653,/root/bucket3/anopsia-sentimentalism-short.mp4,8,anopsia-sentimentalism,unknown,2000,16000,0.27,short
1653,/root/bucket3/anopsia-sentimentalism-short.mp4,8,anopsia-sentimentalism,techcrunch.com,106278,850224,0.39,short
1653,/root/bucket3/anopsia-sentimentalism-short.mp4,8,anopsia-sentimentalism,auda.org.au,601701,4813608,0.14,short
64,/videos/2020-02-04/anopsia-sentimentalism-long.mp4,37,anopsia-sentimentalism,seattletimes.com,123217,4559029,0.4,long
64,/videos/2020-02-04/anopsia-sentimentalism-long.mp4,37,anopsia-sentimentalism,purevolume.com,78480,2903760,0.13,long
64,/videos/2020-02-04/anopsia-sentimentalism-long.mp4,37,anopsia-sentimentalism,unknown,2001,74037,0.13,long
682,/root/bucket4/voltaic-interpolates-short.mp4,21,voltaic-interpolates,unicef.org,601418,12629778,0.37,short
283,/videos/2020-02-01/voltaic-interpolates-long.mp4,43,voltaic-interpolates,patch.com,991928,42652904,0.31,long
283,/videos/2020-02-01/voltaic-interpolates-long.mp4,43,voltaic-interpolates,unknown,485651,20882993,0.32,long
283,/videos/2020-02-01/voltaic-interpolates-long.mp4,43,voltaic-interpolates,ebay.co.uk,1499,64457,0.46,long
283,/videos/2020-02-01/voltaic-interpolates-long.mp4,43,voltaic-interpolates,yale.edu,1499,64457,0.43,long
283,/videos/2020-02-01/voltaic-interpolates-long.mp4,43,voltaic-interpolates,thetimes.co.uk,396142,17034106,0.16,long
283,/videos/2020-02-01/voltaic-interpolates-long.mp4,43,voltaic-interpolates,purevolume.com,854923,36761689,0.21,long
283,/videos/2020-02-01/voltaic-interpolates-long.mp4,43,voltaic-interpolates,earthlink.net,502040,21587720,0.38,long
1882,/videos/2020-02-01/beadiest-chorusmasters-short.mp4,27,beadiest-chorusmasters,shareasale.com,78612,2122524,0.2,short
1882,/videos/2020-02-01/beadiest-chorusmasters-short.mp4,27,beadiest-chorusmasters,meetup.com,283293,7648911,0.29,short
1882,/videos/2020-02-01/beadiest-chorusmasters-short.mp4,27,beadiest-chorusmasters,auda.org.au,385149,10399023,0.35,short
706,/root/bucket1/beadiest-chorusmasters-long.mp4,44,beadiest-chorusmasters,yale.edu,1502,66088,0.4,long
706,/root/bucket1/beadiest-chorusmasters-long.mp4,44,beadiest-chorusmasters,blog.com,1498,65912,0.35,long
706,/root/bucket1/beadiest-chorusmasters-long.mp4,44,beadiest-chorusmasters,studiopress.com,788737,34704428,0.48,long
706,/root/bucket1/beadiest-chorusmasters-long.mp4,44,beadiest-chorusmasters,jalbum.net,40240,1770560,0.46,long
706,/root/bucket1/beadiest-chorusmasters-long.mp4,44,beadiest-chorusmasters,flavors.me,529231,23286164,0.11,long
706,/root/bucket1/beadiest-chorusmasters-long.mp4,44,beadiest-chorusmasters,yale.edu,710929,31280876,0.18,long
706,/root/bucket1/beadiest-chorusmasters-long.mp4,44,beadiest-chorusmasters,icio.us,768204,33800976,0.18,long
761,/root/bucket2/hules-belleters-short.mp4,17,hules-belleters,ebay.co.uk,1498,25466,0.18,short
761,/root/bucket2/hules-belleters-short.mp4,17,hules-belleters,storify.com,542064,9215088,0.32,short
761,/root/bucket2/hules-belleters-short.mp4,17,hules-belleters,goodreads.com,925394,15731698,0.27,short
761,/root/bucket2/hules-belleters-short.mp4,17,hules-belleters,sourceforge.net,684851,11642467,0.19,short
1467,/root/bucket1/hules-belleters-long.mp4,54,hules-belleters,drupal.org,853181,46071774,0.13,long
1467,/root/bucket1/hules-belleters-long.mp4,54,hules-belleters,so-net.ne.jp,314633,16990182,0.16,long
1467,/root/bucket1/hules-belleters-long.mp4,54,hules-belleters,auda.org.au,397899,21486546,0.2,long
88,/videos/2020-02-03/suppressed-gillnets-short.mp4,18,suppressed-gillnets,shinystat.com,354759,6385662,0.12,short
88,/videos/2020-02-03/suppressed-gillnets-short.mp4,18,suppressed-gillnets,unknown,1998,35964,0.3,short
1417,/videos/2020-02-02/suppressed-gillnets-long.mp4,52,suppressed-gillnets,blog.com,1500,78000,0.36,long
413,/videos/2020-02-03/tsardom-iodoforms-short.mp4,5,tsardom-iodoforms,springer.com,529702,2648510,0.2,short
413,/videos/2020-02-03/tsardom-iodoforms-short.mp4,5,tsardom-iodoforms,wp.com,412123,2060615,0.11,short
413,/videos/2020-02-03/tsardom-iodoforms-short.mp4,5,tsardom-iodoforms,icio.us,847468,4237340,0.26,short
117,/root/bucket5/guslar-lithiums-short.mp4,28,guslar-lithiums,ebay.co.uk,1497,41916,0.44,short
117,/root/bucket5/guslar-lithiums-short.mp4,28,guslar-lithiums,ebay.co.uk,1497,41916,0.15,short
117,/root/bucket5/guslar-lithiums-short.mp4,28,guslar-lithiums,storify.com,817742,22896776,0.41,short
800,/videos/2020-02-03/guslar-lithiums-long.mp4,53,guslar-lithiums,icio.us,359147,19034791,0.26,long
800,/videos/2020-02-03/guslar-lithiums-long.mp4,53,guslar-lithiums,archive.org,362636,19219708,0.14,long
1454,/root/bucket2/puns-vicarship-short.mp4,30,puns-vicarship,unknown,1506,45180,0.45,short
1454,/root/bucket2/puns-vicarship-short.mp4,30,puns-vicarship,drupal.org,391994,11759820,0.44,short
1454,/root/bucket2/puns-vicarship-short.mp4,30,puns-vicarship,yale.edu,1501,45030,0.1,short
1714,/videos/2020-02-03/puns-vicarship-long.mp4,33,puns-vicarship,harvard.edu,531091,17526003,0.27,long
1714,/videos/2020-02-03/puns-vicarship-long.mp4,33,puns-vicarship,springer.com,711257,23471481,0.35,long
1714,/videos/2020-02-03/puns-vicarship-long.mp4,33,puns-vicarship,blog.com,1501,49533,0.37,long
1714,/videos/2020-02-03/puns-vicarship-long.mp4,33,puns-vicarship,yolasite.com,880116,29043828,0.33,long
1855,/root/bucket5/tranquilize-supranationalisms-short.mp4,18,tranquilize-supranationalisms,purevolume.com,202402,3643236,0.37,short
782,/root/bucket3/tranquilize-supranationalisms-long.mp4,58,tranquilize-supranationalisms,unknown,303176,17584208,0.18,long
782,/root/bucket3/tranquilize-supranationalisms-long.mp4,58,tranquilize-supranationalisms,multiply.com,657353,38126474,0.25,long
582,/root/bucket2/roughened-simonise-short.mp4,18,roughened-simonise,state.gov,520838,9375084,0.18,short
582,/root/bucket2/roughened-simonise-short.mp4,18,roughened-simonise,unknown,2002,36036,0.36,short
1854,/root/bucket3/roughened-simonise-long.mp4,52,roughened-simonise,yale.edu,595415,30961580,0.39,long
1854,/root/bucket3/roughened-simonise-long.mp4,52,roughened-simonise,unknown,638705,33212660,0.28,long
1854,/root/bucket3/roughened-simonise-long.mp4,52,roughened-simonise,unknown,1517,78884,0.3,long
317,/root/bucket3/brashing-randomizations-short.mp4,22,brashing-randomizations,usnews.com,686870,15111140,0.18,short
317,/root/bucket3/brashing-randomizations-short.mp4,22,brashing-randomizations,blog.com,1495,32890,0.36,short
317,/root/bucket3/brashing-randomizations-short.mp4,22,brashing-randomizations,nature.com,136935,3012570,0.17,short
317,/root/bucket3/brashing-randomizations-short.mp4,22,brashing-randomizations,unknown,2004,44088,0.26,short
317,/root/bucket3/brashing-randomizations-short.mp4,22,brashing-randomizations,unknown,1507,33154,0.41,short
317,/root/bucket3/brashing-randomizations-short.mp4,22,brashing-randomizations,ebay.co.uk,1498,32956,0.47,short
904,/videos/2020-02-01/brashing-randomizations-long.mp4,29,brashing-randomizations,hhs.gov,22347,648063,0.1,long
904,/videos/2020-02-01/brashing-randomizations-long.mp4,29,brashing-randomizations,ebay.co.uk,1499,43471,0.14,long
904,/videos/2020-02-01/brashing-randomizations-long.mp4,29,brashing-randomizations,dailymotion.com,988331,28661599,0.46,long
583,/root/bucket3/skyman-crossroad-short.mp4,15,skyman-crossroad,bbb.org,127835,1917525,0.16,short
583,/root/bucket3/skyman-crossroad-short.mp4,15,skyman-crossroad,storify.com,293263,4398945,0.47,short
583,/root/bucket3/skyman-crossroad-short.mp4,15,skyman-crossroad,ebay.co.uk,1501,22515,0.26,short
1984,/root/bucket5/skyman-crossroad-long.mp4,30,skyman-crossroad,reverbnation.com,571433,17142990,0.49,long
1984,/root/bucket5/skyman-crossroad-long.mp4,30,skyman-crossroad,unknown,1998,59940,0.24,long
1984,/root/bucket5/skyman-crossroad-long.mp4,30,skyman-crossroad,unknown,527714,15831420,0.48,long
1984,/root/bucket5/skyman-crossroad-long.mp4,30,skyman-crossroad,unknown,941555,28246650,0.3,long
1984,/root/bucket5/skyman-crossroad-long.mp4,30,skyman-crossroad,unknown,2001,60030,0.37,long
1984,/root/bucket5/skyman-crossroad-long.mp4,30,skyman-crossroad,blog.com,1504,45120,0.41,long
266,/root/bucket1/barters-unsteadies-short.mp4,21,barters-unsteadies,ebay.co.uk,1500,31500,0.39,short
266,/root/bucket1/barters-unsteadies-short.mp4,21,barters-unsteadies,wiley.com,924092,19405932,0.36,short
266,/root/bucket1/barters-unsteadies-short.mp4,21,barters-unsteadies,unknown,198362,4165602,0.47,short
266,/root/bucket1/barters-unsteadies-short.mp4,21,barters-unsteadies,chron.com,997704,20951784,0.28,short
1735,/media/barters-unsteadies-long.mp4,38,barters-unsteadies,unknown,2000,76000,0.11,long
1735,/media/barters-unsteadies-long.mp4,38,barters-unsteadies,unknown,605377,23004326,0.16,long
1735,/media/barters-unsteadies-long.mp4,38,barters-unsteadies,prnewswire.com,652635,24800130,0.14,long
1735,/media/barters-unsteadies-long.mp4,38,barters-unsteadies,dailymotion.com,473831,18005578,0.36,long
1735,/media/barters-unsteadies-long.mp4,38,barters-unsteadies,yale.edu,821456,31215328,0.22,long
1375,/root/bucket3/abandonment-distinctness-short.mp4,28,abandonment-distinctness,bbb.org,415964,11646992,0.37,short
1375,/root/bucket3/abandonment-distinctness-short.mp4,28,abandonment-distinctness,angelfire.com,799459,22384852,0.45,short
1375,/root/bucket3/abandonment-distinctness-short.mp4,28,abandonment-distinctness,storify.com,617514,17290392,0.5,short
1375,/root/bucket3/abandonment-distinctness-short.mp4,28,abandonment-distinctness,unknown,2005,56140,0.27,short
1375,/root/bucket3/abandonment-distinctness-short.mp4,28,abandonment-distinctness,yale.edu,1497,41916,0.18,short
1375,/root/bucket3/abandonment-distinctness-short.mp4,28,abandonment-distinctness,delicious.com,663599,18580772,0.3,short
992,/media/abandonment-distinctness-long.mp4,43,abandonment-distinctness,unknown,443192,19057256,0.26,long
992,/media/abandonment-distinctness-long.mp4,43,abandonment-distinctness,blog.com,1496,64328,0.13,long
992,/media/abandonment-distinctness-long.mp4,43,abandonment-distinctness,unknown,1510,64930,0.34,long
1972,/media/hefted-soliloquists-short.mp4,22,hefted-soliloquists,goodreads.com,358745,7892390,0.12,short
1972,/media/hefted-soliloquists-short.mp4,22,hefted-soliloquists,yale.edu,1502,33044,0.38,short
9,/videos/2020-02-04/hefted-soliloquists-long.mp4,49,hefted-soliloquists,ebay.co.uk,1500,73500,0.15,long
9,/videos/2020-02-04/hefted-soliloquists-long.mp4,49,hefted-soliloquists,blog.com,1499,73451,0.15,long
9,/videos/2020-02-04/hefted-soliloquists-long.mp4,49,hefted-soliloquists,sciencedaily.com,483856,23708944,0.42,long
9,/videos/2020-02-04/hefted-soliloquists-long.mp4,49,hefted-soliloquists,fc2.com,79769,3908681,0.25,long
9,/videos/2020-02-04/hefted-soliloquists-long.mp4,49,hefted-soliloquists,unknown,2004,98196,0.41,long
9,/videos/2020-02-04/hefted-soliloquists-long.mp4,49,hefted-soliloquists,unknown,73270,3590230,0.15,long
1893,/videos/2020-02-04/vexillologies-echinuses-short.mp4,8,vexillologies-echinuses,meetup.com,262441,2099528,0.33,short
1893,/videos/2020-02-04/vexillologies-echinuses-short.mp4,8,vexillologies-echinuses,ebay.co.uk,1496,11968,0.37,short
1893,/videos/2020-02-04/vexillologies-echinuses-short.mp4,8,vexillologies-echinuses,angelfire.com,967374,7738992,0.49,short
1893,/videos/2020-02-04/vexillologies-echinuses-short.mp4,8,vexillologies-echinuses,yale.edu,1506,12048,0.42,short
1893,/videos/2020-02-04/vexillologies-echinuses-short.mp4,8,vexillologies-echinuses,ebay.co.uk,1502,12016,0.25,short
1893,/videos/2020-02-04/vexillologies-echinuses-short.mp4,8,vexillologies-echinuses,loc.gov,277893,2223144,0.43,short
1675,/videos/2020-02-02/vexillologies-echinuses-long.mp4,29,vexillologies-echinuses,cnet.com,785420,22777180,0.32,long
1675,/videos/2020-02-02/vexillologies-echinuses-long.mp4,29,vexillologies-echinuses,ebay.co.uk,1499,43471,0.27,long
1644,/videos/2020-02-04/terpineols-stereotyper-short.mp4,18,terpineols-stereotyper,webs.com,232196,4179528,0.19,short
1644,/videos/2020-02-04/terpineols-stereotyper-short.mp4,18,terpineols-stereotyper,ebay.co.uk,1503,27054,0.25,short
1644,/videos/2020-02-04/terpineols-stereotyper-short.mp4,18,terpineols-stereotyper,yale.edu,779269,14026842,0.43,short
1644,/videos/2020-02-04/terpineols-stereotyper-short.mp4,18,terpineols-stereotyper,unknown,1504,27072,0.2,short
1626,/root/bucket3/terpineols-stereotyper-long.mp4,27,terpineols-stereotyper,istockphoto.com,394633,10655091,0.22,long
1626,/root/bucket3/terpineols-stereotyper-long.mp4,27,terpineols-stereotyper,creativecommons.org,816812,22053924,0.38,long
1626,/root/bucket3/terpineols-stereotyper-long.mp4,27,terpineols-stereotyper,unknown,2001,54027,0.2,long
1626,/root/bucket3/terpineols-stereotyper-long.mp4,27,terpineols-stereotyper,blogtalkradio.com,977612,26395524,0.37,long
495,/root/bucket5/uncategorisable-lilts-short.mp4,21,uncategorisable-lilts,ustream.tv,11225,235725,0.27,short
1794,/root/bucket4/uncategorisable-lilts-long.mp4,32,uncategorisable-lilts,free13runpool.com,586100,18755200,0.19,long
1794,/root/bucket4/uncategorisable-lilts-long.mp4,32,uncategorisable-lilts,unknown,1514,48448,0.16,long
1889,/media/balletomania-falderaling-short.mp4,6,balletomania-falderaling,ebay.co.uk,1505,9030,0.16,short
950,/media/balletomania-falderaling-long.mp4,56,balletomania-falderaling,bravesites.com,712027,39873512,0.37,long
950,/media/balletomania-falderaling-long.mp4,56,balletomania-falderaling,joomla.org,525785,29443960,0.27,long
950,/media/balletomania-falderaling-long.mp4,56,balletomania-falderaling,hhs.gov,143788,8052128,0.42,long
950,/media/balletomania-falderaling-long.mp4,56,balletomania-falderaling,unknown,151335,8474760,0.27,long
950,/media/balletomania-falderaling-long.mp4,56,balletomania-falderaling,blog.com,1497,83832,0.14,long
142,/media/caudillos-desertified-short.mp4,24,caudillos-desertified,sciencedaily.com,783433,18802392,0.25,short
343,/media/caudillos-desertified-long.mp4,54,caudillos-desertified,dailymotion.com,664700,35893800,0.27,long
343,/media/caudillos-desertified-long.mp4,54,caudillos-desertified,multiply.com,955710,51608340,0.43,long
343,/media/caudillos-desertified-long.mp4,54,caudillos-desertified,unknown,1510,81540,0.24,long
343,/media/caudillos-desertified-long.mp4,54,caudillos-desertified,unknown,2003,108162,0.42,long
1851,/videos/2020-02-03/baken-welch-short.mp4,12,baken-welch,unknown,1999,23988,0.29,short
1851,/videos/2020-02-03/baken-welch-short.mp4,12,baken-welch,state.gov,902275,10827300,0.45,short
1851,/videos/2020-02-03/baken-welch-short.mp4,12,baken-welch,unknown,2005,24060,0.19,short
1851,/videos/2020-02-03/baken-welch-short.mp4,12,baken-welch,yale.edu,1496,17952,0.14,short
1851,/videos/2020-02-03/baken-welch-short.mp4,12,baken-welch,blog.com,1505,18060,0.41,short
1851,/videos/2020-02-03/baken-welch-short.mp4,12,baken-welch,yale.edu,1498,17976,0.35,short
1851,/videos/2020-02-03/baken-welch-short.mp4,12,baken-welch,unknown,1507,18084,0.47,short
444,/root/bucket5/baken-welch-long.mp4,56,baken-welch,unknown,1517,84952,0.11,long
444,/root/bucket5/baken-welch-long.mp4,56,baken-welch,yale.edu,1502,84112,0.49,long
461,/root/bucket3/coemploy-hysteranthous-short.mp4,19,coemploy-hysteranthous,ebay.co.uk,1508,28652,0.49,short
461,/root/bucket3/coemploy-hysteranthous-short.mp4,19,coemploy-hysteranthous,auda.org.au,17835,338865,0.38,short
1100,/root/bucket4/coemploy-hysteranthous-long.mp4,43,coemploy-hysteranthous,epa.gov,972682,41825326,0.13,long
1100,/root/bucket4/coemploy-hysteranthous-long.mp4,43,coemploy-hysteranthous,ebay.co.uk,1501,64543,0.5,long
1100,/root/bucket4/coemploy-hysteranthous-long.mp4,43,coemploy-hysteranthous,mail.ru,260256,11191008,0.11,long
217,/media/ascertain-pleas-short.mp4,14,ascertain-pleas,comsenz.com,803737,11252318,0.26,short
217,/media/ascertain-pleas-short.mp4,14,ascertain-pleas,ebay.co.uk,1499,20986,0.35,short
217,/media/ascertain-pleas-short.mp4,14,ascertain-pleas,unknown,403947,5655258,0.16,short
217,/media/ascertain-pleas-short.mp4,14,ascertain-pleas,unicef.org,271480,3800720,0.44,short
217,/media/ascertain-pleas-short.mp4,14,ascertain-pleas,nba.com,731721,10244094,0.11,short
1863,/videos/2020-02-01/ascertain-pleas-long.mp4,36,ascertain-pleas,goo.ne.jp,97250,3501000,0.21,long
1863,/videos/2020-02-01/ascertain-pleas-long.mp4,36,ascertain-pleas,github.com,428210,15415560,0.43,long
1863,/videos/2020-02-01/ascertain-pleas-long.mp4,36,ascertain-pleas,discovery.com,47236,1700496,0.35,long
63,/root/bucket1/centennially-rockfalls-short.mp4,25,centennially-rockfalls,blog.com,1495,37375,0.21,short
1141,/videos/2020-02-02/centennially-rockfalls-long.mp4,47,centennially-rockfalls,patch.com,303990,14287530,0.35,long
1141,/videos/2020-02-02/centennially-rockfalls-long.mp4,47,centennially-rockfalls,elegantthemes.com,238119,11191593,0.21,long
1141,/videos/2020-02-02/centennially-rockfalls-long.mp4,47,centennially-rockfalls,seattletimes.com,830543,39035521,0.32,long
1141,/videos/2020-02-02/centennially-rockfalls-long.mp4,47,centennially-rockfalls,studiopress.com,553716,26024652,0.17,long
1141,/videos/2020-02-02/centennially-rockfalls-long.mp4,47,centennially-rockfalls,ebay.co.uk,1498,70406,0.47,long
1141,/videos/2020-02-02/centennially-rockfalls-long.mp4,47,centennially-rockfalls,netvibes.com,57972,2724684,0.37,long
1660,/videos/2020-02-03/mumbliest-phial-short.mp4,7,mumbliest-phial,storify.com,707644,4953508,0.4,short
492,/root/bucket1/mumbliest-phial-long.mp4,32,mumbliest-phial,creativecommons.org,832010,26624320,0.13,long
492,/root/bucket1/mumbliest-phial-long.mp4,32,mumbliest-phial,harvard.edu,575858,18427456,0.23,long
231,/root/bucket2/cinquecentos-feignednesses-short.mp4,24,cinquecentos-feignednesses,mail.ru,641700,15400800,0.44,short
231,/root/bucket2/cinquecentos-feignednesses-short.mp4,24,cinquecentos-feignednesses,yolasite.com,864852,20756448,0.1,short
231,/root/bucket2/cinquecentos-feignednesses-short.mp4,24,cinquecentos-feignednesses,macromedia.com,69260,1662240,0.18,short
302,/videos/2020-02-04/cinquecentos-feignednesses-long.mp4,41,cinquecentos-feignednesses,unknown,2005,82205,0.28,long
302,/videos/2020-02-04/cinquecentos-feignednesses-long.mp4,41,cinquecentos-feignednesses,unknown,1506,61746,0.15,long
302,/videos/2020-02-04/cinquecentos-feignednesses-long.mp4,41,cinquecentos-feignednesses,csmonitor.com,918586,37662026,0.19,long
302,/videos/2020-02-04/cinquecentos-feignednesses-long.mp4,41,cinquecentos-feignednesses,java.com,841014,34481574,0.29,long
302,/videos/2020-02-04/cinquecentos-feignednesses-long.mp4,41,cinquecentos-feignednesses,unknown,1513,62033,0.41,long
772,/root/bucket1/compradore-blit-short.mp4,30,compradore-blit,mail.ru,614620,18438600,0.24,short
772,/root/bucket1/compradore-blit-short.mp4,30,compradore-blit,unknown,259111,7773330,0.33,short
772,/root/bucket1/compradore-blit-short.mp4,30,compradore-blit,blog.com,1500,45000,0.47,short
772,/root/bucket1/compradore-blit-short.mp4,30,compradore-blit,sourceforge.net,75214,2256420,0.29,short
772,/root/bucket1/compradore-blit-short.mp4,30,compradore-blit,redcross.org,58964,1768920,0.3,short
772,/root/bucket1/compradore-blit-short.mp4,30,compradore-blit,webs.com,172638,5179140,0.14,short
772,/root/bucket1/compradore-blit-short.mp4,30,compradore-blit,foxnews.com,746036,22381080,0.45,short
772,/root/bucket1/compradore-blit-short.mp4,30,compradore-blit,blog.com,1501,45030,0.3,short
772,/root/bucket1/compradore-blit-short.mp4,30,compradore-blit,de.vu,41861,1255830,0.21,short
772,/root/bucket1/compradore-blit-short.mp4,30,compradore-blit,yandex.ru,691834,20755020,0.11,short
147,/media/compradore-blit-long.mp4,57,compradore-blit,unknown,1508,85956,0.22,long
147,/media/compradore-blit-long.mp4,57,compradore-blit,wp.com,546113,31128441,0.17,long
522,/root/bucket1/toluols-reaedifyed-short.mp4,24,toluols-reaedifyed,csmonitor.com,796894,19125456,0.33,short
522,/root/bucket1/toluols-reaedifyed-short.mp4,24,toluols-reaedifyed,usgs.gov,345558,8293392,0.25,short
522,/root/bucket1/toluols-reaedifyed-short.mp4,24,toluols-reaedifyed,blog.com,1500,36000,0.42,short
522,/root/bucket1/toluols-reaedifyed-short.mp4,24,toluols-reaedifyed,unknown,1513,36312,0.39,short
522,/root/bucket1/toluols-reaedifyed-short.mp4,24,toluols-reaedifyed,issuu.com,159947,3838728,0.34,short
522,/root/bucket1/toluols-reaedifyed-short.mp4,24,toluols-reaedifyed,nbcnews.com,862318,20695632,0.28,short
522,/root/bucket1/toluols-reaedifyed-short.mp4,24,toluols-reaedifyed,g.co,874434,20986416,0.45,short
522,/root/bucket1/toluols-reaedifyed-short.mp4,24,toluols-reaedifyed,webs.com,335781,8058744,0.31,short
591,/media/toluols-reaedifyed-long.mp4,47,toluols-reaedifyed,g.co,515066,24208102,0.2,long
591,/media/toluols-reaedifyed-long.mp4,47,toluols-reaedifyed,chron.com,5749,270203,0.14,long
591,/media/toluols-reaedifyed-long.mp4,47,toluols-reaedifyed,msu.edu,883556,41527132,0.34,long
591,/media/toluols-reaedifyed-long.mp4,47,toluols-reaedifyed,blog.com,1500,70500,0.1,long
591,/media/toluols-reaedifyed-long.mp4,47,toluols-reaedifyed,unknown,197578,9286166,0.41,long
1064,/root/bucket1/joggling-destructo-short.mp4,7,joggling-destructo,unknown,1509,10563,0.37,short
1064,/root/bucket1/joggling-destructo-short.mp4,7,joggling-destructo,goo.ne.jp,165481,1158367,0.37,short
1064,/root/bucket1/joggling-destructo-short.mp4,7,joggling-destructo,istockphoto.com,956332,6694324,0.12,short
1064,/root/bucket1/joggling-destructo-short.mp4,7,joggling-destructo,ocn.ne.jp,521151,3648057,0.31,short
172,/videos/2020-02-03/joggling-destructo-long.mp4,36,joggling-destructo,ebay.co.uk,1502,54072,0.39,long
172,/videos/2020-02-03/joggling-destructo-long.mp4,36,joggling-destructo,ebay.co.uk,1500,54000,0.31,long
172,/videos/2020-02-03/joggling-destructo-long.mp4,36,joggling-destructo,unknown,427860,15402960,0.18,long
160,/videos/2020-02-04/nonvegetarian-submittings-short.mp4,20,nonvegetarian-submittings,yale.edu,1494,29880,0.17,short
160,/videos/2020-02-04/nonvegetarian-submittings-short.mp4,20,nonvegetarian-submittings,exblog.jp,873659,17473180,0.34,short
451,/media/embassages-precognoscing-short.mp4,27,embassages-precognoscing,blog.com,1497,40419,0.4,short
451,/media/embassages-precognoscing-short.mp4,27,embassages-precognoscing,yale.edu,1503,40581,0.32,short
451,/media/embassages-precognoscing-short.mp4,27,embassages-precognoscing,blog.com,1500,40500,0.45,short
451,/media/embassages-precognoscing-short.mp4,27,embassages-precognoscing,ebay.co.uk,1501,40527,0.19,short
451,/media/embassages-precognoscing-short.mp4,27,embassages-precognoscing,unknown,460676,12438252,0.49,short
1934,/videos/2020-02-02/embassages-precognoscing-long.mp4,27,embassages-precognoscing,washington.edu,571521,15431067,0.35,long
1934,/videos/2020-02-02/embassages-precognoscing-long.mp4,27,embassages-precognoscing,auda.org.au,889966,24029082,0.45,long
1934,/videos/2020-02-02/embassages-precognoscing-long.mp4,27,embassages-precognoscing,ebay.co.uk,1491,40257,0.41,long
1934,/videos/2020-02-02/embassages-precognoscing-long.mp4,27,embassages-precognoscing,twitter.com,121506,3280662,0.14,long
1132,/root/bucket5/subperiods-rebegin-short.mp4,12,subperiods-rebegin,prnewswire.com,776850,9322200,0.39,short
1132,/root/bucket5/subperiods-rebegin-short.mp4,12,subperiods-rebegin,163.com,121686,1460232,0.22,short
372,/root/bucket1/subperiods-rebegin-long.mp4,36,subperiods-rebegin,unknown,766289,27586404,0.23,long
372,/root/bucket1/subperiods-rebegin-long.mp4,36,subperiods-rebegin,ebay.co.uk,1499,53964,0.15,long
372,/root/bucket1/subperiods-rebegin-long.mp4,36,subperiods-rebegin,unknown,1511,54396,0.32,long
1783,/videos/2020-02-04/felching-shortarses-short.mp4,30,felching-shortarses,usgs.gov,94475,2834250,0.34,short
1783,/videos/2020-02-04/felching-shortarses-short.mp4,30,felching-shortarses,elegantthemes.com,546185,16385550,0.49,short
1783,/videos/2020-02-04/felching-shortarses-short.mp4,30,felching-shortarses,goo.ne.jp,516742,15502260,0.28,short
1783,/videos/2020-02-04/felching-shortarses-short.mp4,30,felching-shortarses,simplemachines.org,28872,866160,0.28,short
1922,/videos/2020-02-01/felching-shortarses-long.mp4,44,felching-shortarses,unknown,1515,66660,0.17,long
1922,/videos/2020-02-01/felching-shortarses-long.mp4,44,felching-shortarses,ustream.tv,737885,32466940,0.42,long
1922,/videos/2020-02-01/felching-shortarses-long.mp4,44,felching-shortarses,goo.ne.jp,14302,629288,0.31,long
1425,/videos/2020-02-03/avens-electroencephalographic-short.mp4,28,avens-electroencephalographic,earthlink.net,965077,27022156,0.12,short
1425,/videos/2020-02-03/avens-electroencephalographic-short.mp4,28,avens-electroencephalographic,ebay.co.uk,1504,42112,0.49,short
1425,/videos/2020-02-03/avens-electroencephalographic-short.mp4,28,avens-electroencephalographic,nymag.com,819260,22939280,0.44,short
1425,/videos/2020-02-03/avens-electroencephalographic-short.mp4,28,avens-electroencephalographic,so-net.ne.jp,294835,8255380,0.15,short
1425,/videos/2020-02-03/avens-electroencephalographic-short.mp4,28,avens-electroencephalographic,unknown,2002,56056,0.17,short
221,/root/bucket5/dungier-epiphysis-short.mp4,12,dungier-epiphysis,unknown,2003,24036,0.43,short
221,/root/bucket5/dungier-epiphysis-short.mp4,12,dungier-epiphysis,fc2.com,531749,6380988,0.35,short
1314,/root/bucket4/dungier-epiphysis-long.mp4,49,dungier-epiphysis,jalbum.net,467821,22923229,0.31,long
1314,/root/bucket4/dungier-epiphysis-long.mp4,49,dungier-epiphysis,state.gov,809021,39642029,0.44,long
1314,/root/bucket4/dungier-epiphysis-long.mp4,49,dungier-epiphysis,unknown,181910,8913590,0.15,long
1314,/root/bucket4/dungier-epiphysis-long.mp4,49,dungier-epiphysis,studiopress.com,58600,2871400,0.27,long
1314,/root/bucket4/dungier-epiphysis-long.mp4,49,dungier-epiphysis,discovery.com,372592,18257008,0.34,long
553,/videos/2020-02-04/gynaecia-stickhandle-short.mp4,20,gynaecia-stickhandle,unknown,1509,30180,0.16,short
553,/videos/2020-02-04/gynaecia-stickhandle-short.mp4,20,gynaecia-stickhandle,wp.com,477185,9543700,0.21,short
553,/videos/2020-02-04/gynaecia-stickhandle-short.mp4,20,gynaecia-stickhandle,comcast.net,179012,3580240,0.31,short
553,/videos/2020-02-04/gynaecia-stickhandle-short.mp4,20,gynaecia-stickhandle,reddit.com,994794,19895880,0.24,short
880,/videos/2020-02-01/gynaecia-stickhandle-long.mp4,59,gynaecia-stickhandle,creativecommons.org,29100,1716900,0.42,long
880,/videos/2020-02-01/gynaecia-stickhandle-long.mp4,59,gynaecia-stickhandle,ebay.co.uk,1498,88382,0.22,long
880,/videos/2020-02-01/gynaecia-stickhandle-long.mp4,59,gynaecia-stickhandle,netvibes.com,630933,37225047,0.26,long
880,/videos/2020-02-01/gynaecia-stickhandle-long.mp4,59,gynaecia-stickhandle,moonfruit.com,897912,52976808,0.16,long
880,/videos/2020-02-01/gynaecia-stickhandle-long.mp4,59,gynaecia-stickhandle,joomla.org,654654,38624586,0.24,long
1436,/videos/2020-02-01/agaric-articulatenesses-short.mp4,24,agaric-articulatenesses,unknown,2000,48000,0.42,short
1436,/videos/2020-02-01/agaric-articulatenesses-short.mp4,24,agaric-articulatenesses,unknown,232689,5584536,0.41,short
1436,/videos/2020-02-01/agaric-articulatenesses-short.mp4,24,agaric-articulatenesses,elegantthemes.com,228967,5495208,0.5,short
1436,/videos/2020-02-01/agaric-articulatenesses-short.mp4,24,agaric-articulatenesses,yale.edu,1504,36096,0.27,short
1436,/videos/2020-02-01/agaric-articulatenesses-short.mp4,24,agaric-articulatenesses,ebay.co.uk,1499,35976,0.36,short
1436,/videos/2020-02-01/agaric-articulatenesses-short.mp4,24,agaric-articulatenesses,skype.com,822329,19735896,0.36,short
1436,/videos/2020-02-01/agaric-articulatenesses-short.mp4,24,agaric-articulatenesses,jalbum.net,610154,14643696,0.31,short
1436,/videos/2020-02-01/agaric-articulatenesses-short.mp4,24,agaric-articulatenesses,unknown,1506,36144,0.4,short
1436,/videos/2020-02-01/agaric-articulatenesses-short.mp4,24,agaric-articulatenesses,goo.ne.jp,987966,23711184,0.33,short
1436,/videos/2020-02-01/agaric-articulatenesses-short.mp4,24,agaric-articulatenesses,unknown,260034,6240816,0.26,short
1576,/videos/2020-02-03/agaric-articulatenesses-long.mp4,28,agaric-articulatenesses,blog.com,1500,42000,0.12,long
1576,/videos/2020-02-03/agaric-articulatenesses-long.mp4,28,agaric-articulatenesses,yale.edu,1500,42000,0.32,long
1576,/videos/2020-02-03/agaric-articulatenesses-long.mp4,28,agaric-articulatenesses,cnet.com,779681,21831068,0.24,long
253,/media/mitched-micromanipulations-short.mp4,29,mitched-micromanipulations,netvibes.com,935207,27121003,0.36,short
253,/media/mitched-micromanipulations-short.mp4,29,mitched-micromanipulations,unknown,2003,58087,0.19,short
253,/media/mitched-micromanipulations-short.mp4,29,mitched-micromanipulations,unknown,2001,58029,0.21,short
253,/media/mitched-micromanipulations-short.mp4,29,mitched-micromanipulations,unknown,393317,11406193,0.31,short
253,/media/mitched-micromanipulations-short.mp4,29,mitched-micromanipulations,unknown,1504,43616,0.34,short
253,/media/mitched-micromanipulations-short.mp4,29,mitched-micromanipulations,springer.com,479129,13894741,0.29,short
838,/videos/2020-02-02/mitched-micromanipulations-long.mp4,58,mitched-micromanipulations,zdnet.com,481939,27952462,0.47,long
838,/videos/2020-02-02/mitched-micromanipulations-long.mp4,58,mitched-micromanipulations,yale.edu,381701,22138658,0.48,long
838,/videos/2020-02-02/mitched-micromanipulations-long.mp4,58,mitched-micromanipulations,unknown,827180,47976440,0.23,long
838,/videos/2020-02-02/mitched-micromanipulations-long.mp4,58,mitched-micromanipulations,unknown,646541,37499378,0.41,long
838,/videos/2020-02-02/mitched-micromanipulations-long.mp4,58,mitched-micromanipulations,sourceforge.net,848072,49188176,0.41,long
838,/videos/2020-02-02/mitched-micromanipulations-long.mp4,58,mitched-micromanipulations,free13runpool.com,216876,12578808,0.23,long
1320,/videos/2020-02-04/tableaus-repatriated-short.mp4,9,tableaus-repatriated,unknown,2000,18000,0.2,short
1320,/videos/2020-02-04/tableaus-repatriated-short.mp4,9,tableaus-repatriated,auda.org.au,724766,6522894,0.24,short
1320,/videos/2020-02-04/tableaus-repatriated-short.mp4,9,tableaus-repatriated,reddit.com,212985,1916865,0.13,short
1320,/videos/2020-02-04/tableaus-repatriated-short.mp4,9,tableaus-repatriated,goodreads.com,719106,6471954,0.41,short
1104,/media/tableaus-repatriated-long.mp4,51,tableaus-repatriated,fc2.com,772893,39417543,0.15,long
1613,/root/bucket3/mucins-culicine-short.mp4,15,mucins-culicine,unknown,569444,8541660,0.33,short
1613,/root/bucket3/mucins-culicine-short.mp4,15,mucins-culicine,reddit.com,117652,1764780,0.12,short
1613,/root/bucket3/mucins-culicine-short.mp4,15,mucins-culicine,unknown,1513,22695,0.5,short
52,/root/bucket3/mucins-culicine-long.mp4,42,mucins-culicine,dailymotion.com,552079,23187318,0.21,long
52,/root/bucket3/mucins-culicine-long.mp4,42,mucins-culicine,wiley.com,454270,19079340,0.43,long
1762,/root/bucket1/prunted-outstation-short.mp4,10,prunted-outstation,unknown,527732,5277320,0.32,short
1762,/root/bucket1/prunted-outstation-short.mp4,10,prunted-outstation,yale.edu,1499,14990,0.28,short
155,/root/bucket2/prunted-outstation-long.mp4,28,prunted-outstation,ebay.co.uk,1503,42084,0.23,long
155,/root/bucket2/prunted-outstation-long.mp4,28,prunted-outstation,blogs.com,973278,27251784,0.44,long
1494,/videos/2020-02-03/preplanning-prostituted-short.mp4,12,preplanning-prostituted,unknown,296999,3563988,0.26,short
1494,/videos/2020-02-03/preplanning-prostituted-short.mp4,12,preplanning-prostituted,delicious.com,870810,10449720,0.26,short
1494,/videos/2020-02-03/preplanning-prostituted-short.mp4,12,preplanning-prostituted,archive.org,670005,8040060,0.22,short
1495,/media/preplanning-prostituted-long.mp4,46,preplanning-prostituted,yale.edu,1496,68816,0.41,long
864,/root/bucket2/conjurer-outrocking-short.mp4,6,conjurer-outrocking,webs.com,313266,1879596,0.14,short
864,/root/bucket2/conjurer-outrocking-short.mp4,6,conjurer-outrocking,bravesites.com,61057,366342,0.24,short
864,/root/bucket2/conjurer-outrocking-short.mp4,6,conjurer-outrocking,unknown,1514,9084,0.31,short
1940,/videos/2020-02-02/inclosures-whillywhaws-short.mp4,12,inclosures-whillywhaws,unknown,769739,9236868,0.11,short
1940,/videos/2020-02-02/inclosures-whillywhaws-short.mp4,12,inclosures-whillywhaws,istockphoto.com,966009,11592108,0.31,short
1940,/videos/2020-02-02/inclosures-whillywhaws-short.mp4,12,inclosures-whillywhaws,unknown,465307,5583684,0.37,short
1940,/videos/2020-02-02/inclosures-whillywhaws-short.mp4,12,inclosures-whillywhaws,yale.edu,1494,17928,0.41,short
1940,/videos/2020-02-02/inclosures-whillywhaws-short.mp4,12,inclosures-whillywhaws,wiley.com,658415,7900980,0.29,short
662,/media/inclosures-whillywhaws-long.mp4,57,inclosures-whillywhaws,macromedia.com,424721,24209097,0.48,long
662,/media/inclosures-whillywhaws-long.mp4,57,inclosures-whillywhaws,unknown,424846,24216222,0.27,long
662,/media/inclosures-whillywhaws-long.mp4,57,inclosures-whillywhaws,blogs.com,437508,24937956,0.34,long
803,/root/bucket1/crankcase-nonequilibria-short.mp4,25,crankcase-nonequilibria,fc2.com,352830,8820750,0.48,short
803,/root/bucket1/crankcase-nonequilibria-short.mp4,25,crankcase-nonequilibria,ebay.co.uk,1501,37525,0.47,short
803,/root/bucket1/crankcase-nonequilibria-short.mp4,25,crankcase-nonequilibria,epa.gov,478020,11950500,0.37,short
227,/videos/2020-02-01/crankcase-nonequilibria-long.mp4,54,crankcase-nonequilibria,reverbnation.com,788089,42556806,0.25,long
159,/root/bucket2/pneumonias-dispassionately-short.mp4,17,pneumonias-dispassionately,unknown,1515,25755,0.15,short
159,/root/bucket2/pneumonias-dispassionately-short.mp4,17,pneumonias-dispassionately,github.com,61619,1047523,0.16,short
159,/root/bucket2/pneumonias-dispassionately-short.mp4,17,pneumonias-dispassionately,reddit.com,130914,2225538,0.44,short
159,/root/bucket2/pneumonias-dispassionately-short.mp4,17,pneumonias-dispassionately,nba.com,452108,7685836,0.48,short
1664,/videos/2020-02-02/pneumonias-dispassionately-long.mp4,30,pneumonias-dispassionately,unknown,128318,3849540,0.13,long
1664,/videos/2020-02-02/pneumonias-dispassionately-long.mp4,30,pneumonias-dispassionately,npr.org,384674,11540220,0.21,long
1664,/videos/2020-02-02/pneumonias-dispassionately-long.mp4,30,pneumonias-dispassionately,csmonitor.com,798403,23952090,0.27,long
1664,/videos/2020-02-02/pneumonias-dispassionately-long.mp4,30,pneumonias-dispassionately,ebay.co.uk,1501,45030,0.36,long
516,/root/bucket1/unelectrified-gallicise-short.mp4,5,unelectrified-gallicise,nbcnews.com,727801,3639005,0.15,short
516,/root/bucket1/unelectrified-gallicise-short.mp4,5,unelectrified-gallicise,reddit.com,707685,3538425,0.5,short
516,/root/bucket1/unelectrified-gallicise-short.mp4,5,unelectrified-gallicise,loc.gov,714387,3571935,0.21,short
516,/root/bucket1/unelectrified-gallicise-short.mp4,5,unelectrified-gallicise,discovery.com,272324,1361620,0.43,short
516,/root/bucket1/unelectrified-gallicise-short.mp4,5,unelectrified-gallicise,hhs.gov,433406,2167030,0.42,short
516,/root/bucket1/unelectrified-gallicise-short.mp4,5,unelectrified-gallicise,ebay.co.uk,1501,7505,0.11,short
458,/root/bucket2/unelectrified-gallicise-long.mp4,54,unelectrified-gallicise,joomla.org,257957,13929678,0.48,long
458,/root/bucket2/unelectrified-gallicise-long.mp4,54,unelectrified-gallicise,github.com,303264,16376256,0.3,long
1569,/videos/2020-02-01/gaggeries-chromotype-short.mp4,30,gaggeries-chromotype,yale.edu,1503,45090,0.3,short
1569,/videos/2020-02-01/gaggeries-chromotype-short.mp4,30,gaggeries-chromotype,ebay.co.uk,1496,44880,0.43,short
1569,/videos/2020-02-01/gaggeries-chromotype-short.mp4,30,gaggeries-chromotype,yale.edu,1495,44850,0.44,short
1569,/videos/2020-02-01/gaggeries-chromotype-short.mp4,30,gaggeries-chromotype,wp.com,272119,8163570,0.16,short
439,/videos/2020-02-01/gaggeries-chromotype-long.mp4,37,gaggeries-chromotype,ustream.tv,714416,26433392,0.45,long
439,/videos/2020-02-01/gaggeries-chromotype-long.mp4,37,gaggeries-chromotype,unknown,2001,74037,0.44,long
364,/root/bucket5/avifaunas-perchlorate-short.mp4,13,avifaunas-perchlorate,comsenz.com,200890,2611570,0.2,short
364,/root/bucket5/avifaunas-perchlorate-short.mp4,13,avifaunas-perchlorate,washington.edu,169410,2202330,0.26,short
251,/videos/2020-02-03/avifaunas-perchlorate-long.mp4,48,avifaunas-perchlorate,blogtalkradio.com,741595,35596560,0.39,long
251,/videos/2020-02-03/avifaunas-perchlorate-long.mp4,48,avifaunas-perchlorate,ebay.co.uk,1504,72192,0.15,long
251,/videos/2020-02-03/avifaunas-perchlorate-long.mp4,48,avifaunas-perchlorate,livejournal.com,739800,35510400,0.25,long
251,/videos/2020-02-03/avifaunas-perchlorate-long.mp4,48,avifaunas-perchlorate,unknown,1511,72528,0.36,long
251,/videos/2020-02-03/avifaunas-perchlorate-long.mp4,48,avifaunas-perchlorate,yale.edu,1501,72048,0.35,long
251,/videos/2020-02-03/avifaunas-perchlorate-long.mp4,48,avifaunas-perchlorate,unknown,1513,72624,0.38,long
251,/videos/2020-02-03/avifaunas-perchlorate-long.mp4,48,avifaunas-perchlorate,skype.com,285143,13686864,0.2,long
621,/root/bucket5/inflictor-hydrosoma-short.mp4,26,inflictor-hydrosoma,fc2.com,218398,5678348,0.29,short
621,/root/bucket5/inflictor-hydrosoma-short.mp4,26,inflictor-hydrosoma,unknown,1508,39208,0.29,short
621,/root/bucket5/inflictor-hydrosoma-short.mp4,26,inflictor-hydrosoma,blog.com,1501,39026,0.43,short
621,/root/bucket5/inflictor-hydrosoma-short.mp4,26,inflictor-hydrosoma,icio.us,510828,13281528,0.24,short
621,/root/bucket5/inflictor-hydrosoma-short.mp4,26,inflictor-hydrosoma,archive.org,926811,24097086,0.28,short
621,/root/bucket5/inflictor-hydrosoma-short.mp4,26,inflictor-hydrosoma,yale.edu,1503,39078,0.31,short
294,/videos/2020-02-02/inflictor-hydrosoma-long.mp4,54,inflictor-hydrosoma,macromedia.com,682093,36833022,0.12,long
294,/videos/2020-02-02/inflictor-hydrosoma-long.mp4,54,inflictor-hydrosoma,livejournal.com,723049,39044646,0.14,long
181,/root/bucket2/portrayed-aldermanlike-short.mp4,17,portrayed-aldermanlike,yolasite.com,213711,3633087,0.46,short
982,/root/bucket1/portrayed-aldermanlike-long.mp4,27,portrayed-aldermanlike,unknown,2001,54027,0.34,long
1409,/root/bucket4/carboyed-microcyte-long.mp4,51,carboyed-microcyte,blog.com,1498,76398,0.23,long
1409,/root/bucket4/carboyed-microcyte-long.mp4,51,carboyed-microcyte,unknown,2000,102000,0.45,long
1409,/root/bucket4/carboyed-microcyte-long.mp4,51,carboyed-microcyte,unknown,1512,77112,0.18,long
1409,/root/bucket4/carboyed-microcyte-long.mp4,51,carboyed-microcyte,yale.edu,1505,76755,0.3,long
1409,/root/bucket4/carboyed-microcyte-long.mp4,51,carboyed-microcyte,unknown,1999,101949,0.34,long
1083,/videos/2020-02-01/upstep-rand-short.mp4,6,upstep-rand,unknown,772823,4636938,0.28,short
1083,/videos/2020-02-01/upstep-rand-short.mp4,6,upstep-rand,hhs.gov,436343,2618058,0.22,short
1083,/videos/2020-02-01/upstep-rand-short.mp4,6,upstep-rand,fc2.com,606870,3641220,0.43,short
1083,/videos/2020-02-01/upstep-rand-short.mp4,6,upstep-rand,ebay.co.uk,1499,8994,0.11,short
1083,/videos/2020-02-01/upstep-rand-short.mp4,6,upstep-rand,mayoclinic.com,905303,5431818,0.16,short
1083,/videos/2020-02-01/upstep-rand-short.mp4,6,upstep-rand,blog.com,1501,9006,0.34,short
1083,/videos/2020-02-01/upstep-rand-short.mp4,6,upstep-rand,jalbum.net,826166,4956996,0.38,short
1284,/videos/2020-02-04/upstep-rand-long.mp4,51,upstep-rand,unknown,1998,101898,0.11,long
1284,/videos/2020-02-04/upstep-rand-long.mp4,51,upstep-rand,unknown,1514,77214,0.28,long
1284,/videos/2020-02-04/upstep-rand-long.mp4,51,upstep-rand,yolasite.com,454289,23168739,0.27,long
1284,/videos/2020-02-04/upstep-rand-long.mp4,51,upstep-rand,skype.com,233087,11887437,0.32,long
1319,/root/bucket5/maltsters-stethoscopists-long.mp4,54,maltsters-stethoscopists,google.nl,294981,15928974,0.38,long
1319,/root/bucket5/maltsters-stethoscopists-long.mp4,54,maltsters-stethoscopists,unknown,2000,108000,0.24,long
1319,/root/bucket5/maltsters-stethoscopists-long.mp4,54,maltsters-stethoscopists,wp.com,388372,20972088,0.14,long
1319,/root/bucket5/maltsters-stethoscopists-long.mp4,54,maltsters-stethoscopists,blog.com,1498,80892,0.14,long
1418,/media/guangos-infusions-short.mp4,8,guangos-infusions,earthlink.net,727365,5818920,0.15,short
1418,/media/guangos-infusions-short.mp4,8,guangos-infusions,unknown,1510,12080,0.43,short
1418,/media/guangos-infusions-short.mp4,8,guangos-infusions,patch.com,86030,688240,0.44,short
509,/root/bucket1/guangos-infusions-long.mp4,32,guangos-infusions,unknown,1510,48320,0.25,long
509,/root/bucket1/guangos-infusions-long.mp4,32,guangos-infusions,unknown,2000,64000,0.25,long
509,/root/bucket1/guangos-infusions-long.mp4,32,guangos-infusions,auda.org.au,632114,20227648,0.19,long
509,/root/bucket1/guangos-infusions-long.mp4,32,guangos-infusions,ebay.co.uk,1497,47904,0.16,long
509,/root/bucket1/guangos-infusions-long.mp4,32,guangos-infusions,epa.gov,871868,27899776,0.2,long
0,/videos/2020-02-03/lingers-quickbeam-short.mp4,10,lingers-quickbeam,storify.com,874267,8742670,0.11,short
0,/videos/2020-02-03/lingers-quickbeam-short.mp4,10,lingers-quickbeam,topsy.com,393830,3938300,0.48,short
1304,/videos/2020-02-03/lingers-quickbeam-long.mp4,53,lingers-quickbeam,unknown,2002,106106,0.34,long
1304,/videos/2020-02-03/lingers-quickbeam-long.mp4,53,lingers-quickbeam,yale.edu,1496,79288,0.34,long
1304,/videos/2020-02-03/lingers-quickbeam-long.mp4,53,lingers-quickbeam,blogtalkradio.com,645861,34230633,0.4,long
1839,/videos/2020-02-01/woon-issues-short.mp4,16,woon-issues,sourceforge.net,669037,10704592,0.15,short
1839,/videos/2020-02-01/woon-issues-short.mp4,16,woon-issues,patch.com,623844,9981504,0.38,short
1839,/videos/2020-02-01/woon-issues-short.mp4,16,woon-issues,earthlink.net,647943,10367088,0.46,short
1839,/videos/2020-02-01/woon-issues-short.mp4,16,woon-issues,npr.org,856339,13701424,0.1,short
1839,/videos/2020-02-01/woon-issues-short.mp4,16,woon-issues,so-net.ne.jp,114912,1838592,0.3,short
1839,/videos/2020-02-01/woon-issues-short.mp4,16,woon-issues,unknown,1508,24128,0.38,short
1839,/videos/2020-02-01/woon-issues-short.mp4,16,woon-issues,blog.com,1500,24000,0.27,short
1839,/videos/2020-02-01/woon-issues-short.mp4,16,woon-issues,flavors.me,304336,4869376,0.13,short
1521,/root/bucket4/woon-issues-long.mp4,49,woon-issues,unknown,1514,74186,0.44,long
1521,/root/bucket4/woon-issues-long.mp4,49,woon-issues,springer.com,192762,9445338,0.26,long
1521,/root/bucket4/woon-issues-long.mp4,49,woon-issues,issuu.com,658010,32242490,0.2,long
512,/root/bucket4/effectualness-scathing-short.mp4,28,effectualness-scathing,shinystat.com,542273,15183644,0.34,short
512,/root/bucket4/effectualness-scathing-short.mp4,28,effectualness-scathing,flavors.me,220774,6181672,0.2,short
1287,/videos/2020-02-03/effectualness-scathing-long.mp4,47,effectualness-scathing,netvibes.com,548772,25792284,0.31,long
1287,/videos/2020-02-03/effectualness-scathing-long.mp4,47,effectualness-scathing,purevolume.com,818383,38464001,0.19,long
1287,/videos/2020-02-03/effectualness-scathing-long.mp4,47,effectualness-scathing,unknown,2000,94000,0.15,long
1287,/videos/2020-02-03/effectualness-scathing-long.mp4,47,effectualness-scathing,unknown,1513,71111,0.12,long
1159,/root/bucket2/oanshagh-hindquarters-short.mp4,9,oanshagh-hindquarters,csmonitor.com,461770,4155930,0.17,short
1047,/videos/2020-02-01/oanshagh-hindquarters-long.mp4,58,oanshagh-hindquarters,harvard.edu,357622,20742076,0.24,long
1047,/videos/2020-02-01/oanshagh-hindquarters-long.mp4,58,oanshagh-hindquarters,blog.com,1499,86942,0.33,long
1310,/root/bucket4/podiums-lea-short.mp4,7,podiums-lea,comcast.net,427936,2995552,0.2,short
1310,/root/bucket4/podiums-lea-short.mp4,7,podiums-lea,purevolume.com,876953,6138671,0.47,short
1310,/root/bucket4/podiums-lea-short.mp4,7,podiums-lea,unknown,1510,10570,0.45,short
1310,/root/bucket4/podiums-lea-short.mp4,7,podiums-lea,goo.ne.jp,960747,6725229,0.48,short
1347,/root/bucket4/podiums-lea-long.mp4,26,podiums-lea,unknown,1513,39338,0.39,long
1347,/root/bucket4/podiums-lea-long.mp4,26,podiums-lea,ebay.co.uk,1502,39052,0.38,long
1347,/root/bucket4/podiums-lea-long.mp4,26,podiums-lea,scribd.com,214764,5583864,0.11,long
588,/media/bouses-devitalizing-short.mp4,21,bouses-devitalizing,webs.com,562802,11818842,0.12,short
588,/media/bouses-devitalizing-short.mp4,21,bouses-devitalizing,elegantthemes.com,564502,11854542,0.45,short
588,/media/bouses-devitalizing-short.mp4,21,bouses-devitalizing,comcast.net,197929,4156509,0.33,short
588,/media/bouses-devitalizing-short.mp4,21,bouses-devitalizing,simplemachines.org,159254,3344334,0.26,short
779,/videos/2020-02-04/bouses-devitalizing-long.mp4,38,bouses-devitalizing,usnews.com,580361,22053718,0.38,long
779,/videos/2020-02-04/bouses-devitalizing-long.mp4,38,bouses-devitalizing,spotify.com,370801,14090438,0.42,long
1210,/media/cuneal-backspaces-short.mp4,30,cuneal-backspaces,redcross.org,126439,3793170,0.34,short
1210,/media/cuneal-backspaces-short.mp4,30,cuneal-backspaces,unknown,158322,4749660,0.45,short
1210,/media/cuneal-backspaces-short.mp4,30,cuneal-backspaces,unknown,2001,60030,0.33,short
1210,/media/cuneal-backspaces-short.mp4,30,cuneal-backspaces,macromedia.com,108878,3266340,0.35,short
1014,/root/bucket3/cuneal-backspaces-long.mp4,58,cuneal-backspaces,unknown,794039,46054262,0.32,long
1014,/root/bucket3/cuneal-backspaces-long.mp4,58,cuneal-backspaces,drupal.org,741168,42987744,0.49,long
1014,/root/bucket3/cuneal-backspaces-long.mp4,58,cuneal-backspaces,odnoklassniki.ru,357368,20727344,0.1,long
1014,/root/bucket3/cuneal-backspaces-long.mp4,58,cuneal-backspaces,twitter.com,386632,22424656,0.48,long
1014,/root/bucket3/cuneal-backspaces-long.mp4,58,cuneal-backspaces,nbcnews.com,3465,200970,0.12,long
235,/root/bucket3/gangsterdom-noncrisis-short.mp4,5,gangsterdom-noncrisis,techcrunch.com,41291,206455,0.47,short
235,/root/bucket3/gangsterdom-noncrisis-short.mp4,5,gangsterdom-noncrisis,yale.edu,1496,7480,0.25,short
235,/root/bucket3/gangsterdom-noncrisis-short.mp4,5,gangsterdom-noncrisis,unknown,393069,1965345,0.11,short
235,/root/bucket3/gangsterdom-noncrisis-short.mp4,5,gangsterdom-noncrisis,webs.com,125839,629195,0.22,short
235,/root/bucket3/gangsterdom-noncrisis-short.mp4,5,gangsterdom-noncrisis,unknown,1503,7515,0.36,short
220,/root/bucket2/gangsterdom-noncrisis-long.mp4,26,gangsterdom-noncrisis,g.co,813489,21150714,0.35,long
220,/root/bucket2/gangsterdom-noncrisis-long.mp4,26,gangsterdom-noncrisis,nbcnews.com,80576,2094976,0.46,long
220,/root/bucket2/gangsterdom-noncrisis-long.mp4,26,gangsterdom-noncrisis,blog.com,1500,39000,0.23,long
220,/root/bucket2/gangsterdom-noncrisis-long.mp4,26,gangsterdom-noncrisis,unknown,1512,39312,0.13,long
220,/root/bucket2/gangsterdom-noncrisis-long.mp4,26,gangsterdom-noncrisis,yale.edu,1502,39052,0.32,long
99,/videos/2020-02-02/neafes-overadvertizing-short.mp4,29,neafes-overadvertizing,blog.com,1501,43529,0.46,short
99,/videos/2020-02-02/neafes-overadvertizing-short.mp4,29,neafes-overadvertizing,odnoklassniki.ru,208408,6043832,0.44,short
99,/videos/2020-02-02/neafes-overadvertizing-short.mp4,29,neafes-overadvertizing,yale.edu,1502,43558,0.14,short
99,/videos/2020-02-02/neafes-overadvertizing-short.mp4,29,neafes-overadvertizing,spotify.com,225808,6548432,0.17,short
99,/videos/2020-02-02/neafes-overadvertizing-short.mp4,29,neafes-overadvertizing,unknown,198585,5758965,0.38,short
99,/videos/2020-02-02/neafes-overadvertizing-short.mp4,29,neafes-overadvertizing,unknown,147309,4271961,0.41,short
826,/root/bucket3/neafes-overadvertizing-long.mp4,32,neafes-overadvertizing,unknown,835901,26748832,0.45,long
826,/root/bucket3/neafes-overadvertizing-long.mp4,32,neafes-overadvertizing,unknown,1509,48288,0.32,long
826,/root/bucket3/neafes-overadvertizing-long.mp4,32,neafes-overadvertizing,ebay.co.uk,1499,47968,0.19,long
871,/root/bucket5/seamanships-kalpas-short.mp4,9,seamanships-kalpas,twitter.com,707241,6365169,0.28,short
871,/root/bucket5/seamanships-kalpas-short.mp4,9,seamanships-kalpas,utexas.edu,276312,2486808,0.17,short
871,/root/bucket5/seamanships-kalpas-short.mp4,9,seamanships-kalpas,netvibes.com,377047,3393423,0.43,short
77,/root/bucket5/seamanships-kalpas-long.mp4,54,seamanships-kalpas,fc2.com,460065,24843510,0.27,long
77,/root/bucket5/seamanships-kalpas-long.mp4,54,seamanships-kalpas,nature.com,289114,15612156,0.35,long
77,/root/bucket5/seamanships-kalpas-long.mp4,54,seamanships-kalpas,shareasale.com,912107,49253778,0.35,long
1181,/videos/2020-02-03/enantiopathies-rechanging-short.mp4,24,enantiopathies-rechanging,blog.com,1498,35952,0.15,short
1181,/videos/2020-02-03/enantiopathies-rechanging-short.mp4,24,enantiopathies-rechanging,ebay.co.uk,1499,35976,0.2,short
1181,/videos/2020-02-03/enantiopathies-rechanging-short.mp4,24,enantiopathies-rechanging,ebay.co.uk,1504,36096,0.33,short
1181,/videos/2020-02-03/enantiopathies-rechanging-short.mp4,24,enantiopathies-rechanging,unknown,1513,36312,0.25,short
15,/root/bucket2/enantiopathies-rechanging-long.mp4,37,enantiopathies-rechanging,ebay.co.uk,1501,55537,0.12,long
847,/root/bucket4/minbar-heediness-short.mp4,11,minbar-heediness,goo.ne.jp,302605,3328655,0.37,short
847,/root/bucket4/minbar-heediness-short.mp4,11,minbar-heediness,sourceforge.net,916799,10084789,0.25,short
847,/root/bucket4/minbar-heediness-short.mp4,11,minbar-heediness,nature.com,588574,6474314,0.29,short
956,/videos/2020-02-03/minbar-heediness-long.mp4,32,minbar-heediness,unknown,2000,64000,0.41,long
956,/videos/2020-02-03/minbar-heediness-long.mp4,32,minbar-heediness,goo.ne.jp,904939,28958048,0.17,long
956,/videos/2020-02-03/minbar-heediness-long.mp4,32,minbar-heediness,unknown,965406,30892992,0.26,long
751,/root/bucket1/retextured-unmerited-short.mp4,11,retextured-unmerited,unknown,1999,21989,0.25,short
751,/root/bucket1/retextured-unmerited-short.mp4,11,retextured-unmerited,angelfire.com,915816,10073976,0.16,short
751,/root/bucket1/retextured-unmerited-short.mp4,11,retextured-unmerited,dailymotion.com,595937,6555307,0.16,short
751,/root/bucket1/retextured-unmerited-short.mp4,11,retextured-unmerited,unknown,1508,16588,0.18,short
751,/root/bucket1/retextured-unmerited-short.mp4,11,retextured-unmerited,delicious.com,898713,9885843,0.47,short
751,/root/bucket1/retextured-unmerited-short.mp4,11,retextured-unmerited,reddit.com,98524,1083764,0.34,short
751,/root/bucket1/retextured-unmerited-short.mp4,11,retextured-unmerited,storify.com,732492,8057412,0.17,short
751,/root/bucket1/retextured-unmerited-short.mp4,11,retextured-unmerited,unknown,1514,16654,0.18,short
751,/root/bucket1/retextured-unmerited-short.mp4,11,retextured-unmerited,free13runpool.com,436943,4806373,0.26,short
1413,/videos/2020-02-03/retextured-unmerited-long.mp4,43,retextured-unmerited,drupal.org,159243,6847449,0.16,long
1413,/videos/2020-02-03/retextured-unmerited-long.mp4,43,retextured-unmerited,blog.com,1504,64672,0.3,long
1570,/videos/2020-02-04/brawnily-chlorella-short.mp4,30,brawnily-chlorella,msu.edu,216939,6508170,0.38,short
1570,/videos/2020-02-04/brawnily-chlorella-short.mp4,30,brawnily-chlorella,usnews.com,568532,17055960,0.45,short
581,/videos/2020-02-01/brawnily-chlorella-long.mp4,54,brawnily-chlorella,unknown,1996,107784,0.19,long
581,/videos/2020-02-01/brawnily-chlorella-long.mp4,54,brawnily-chlorella,redcross.org,709878,38333412,0.27,long
1452,/videos/2020-02-04/retrospecting-optics-short.mp4,28,retrospecting-optics,meetup.com,923006,25844168,0.17,short
1452,/videos/2020-02-04/retrospecting-optics-short.mp4,28,retrospecting-optics,utexas.edu,610683,17099124,0.45,short
1452,/videos/2020-02-04/retrospecting-optics-short.mp4,28,retrospecting-optics,unknown,1997,55916,0.29,short
971,/videos/2020-02-04/retrospecting-optics-long.mp4,25,retrospecting-optics,so-net.ne.jp,42718,1067950,0.4,long
971,/videos/2020-02-04/retrospecting-optics-long.mp4,25,retrospecting-optics,unknown,2001,50025,0.11,long
971,/videos/2020-02-04/retrospecting-optics-long.mp4,25,retrospecting-optics,bbb.org,73122,1828050,0.1,long
971,/videos/2020-02-04/retrospecting-optics-long.mp4,25,retrospecting-optics,purevolume.com,296471,7411775,0.23,long
971,/videos/2020-02-04/retrospecting-optics-long.mp4,25,retrospecting-optics,unknown,1508,37700,0.17,long
865,/root/bucket1/blacktops-nummuline-short.mp4,26,blacktops-nummuline,ebay.co.uk,1501,39026,0.24,short
865,/root/bucket1/blacktops-nummuline-short.mp4,26,blacktops-nummuline,blog.com,1502,39052,0.22,short
1755,/root/bucket1/blacktops-nummuline-long.mp4,46,blacktops-nummuline,blog.com,1498,68908,0.43,long
1755,/root/bucket1/blacktops-nummuline-long.mp4,46,blacktops-nummuline,ebay.co.uk,1502,69092,0.45,long
1303,/root/bucket1/underuse-microsleeps-short.mp4,21,underuse-microsleeps,nature.com,563835,11840535,0.28,short
1303,/root/bucket1/underuse-microsleeps-short.mp4,21,underuse-microsleeps,yale.edu,1497,31437,0.15,short
1303,/root/bucket1/underuse-microsleeps-short.mp4,21,underuse-microsleeps,purevolume.com,145804,3061884,0.41,short
1303,/root/bucket1/underuse-microsleeps-short.mp4,21,underuse-microsleeps,moonfruit.com,1851,38871,0.44,short
1147,/root/bucket2/underuse-microsleeps-long.mp4,30,underuse-microsleeps,blog.com,1501,45030,0.24,long
1147,/root/bucket2/underuse-microsleeps-long.mp4,30,underuse-microsleeps,unknown,1507,45210,0.13,long
1147,/root/bucket2/underuse-microsleeps-long.mp4,30,underuse-microsleeps,mail.ru,852299,25568970,0.24,long
1412,/root/bucket1/pervier-nasalise-short.mp4,25,pervier-nasalise,mail.ru,710613,17765325,0.23,short
1412,/root/bucket1/pervier-nasalise-short.mp4,25,pervier-nasalise,blog.com,1501,37525,0.35,short
1546,/root/bucket1/pervier-nasalise-long.mp4,32,pervier-nasalise,harvard.edu,725203,23206496,0.16,long
1546,/root/bucket1/pervier-nasalise-long.mp4,32,pervier-nasalise,slate.com,357000,11424000,0.28,long
1546,/root/bucket1/pervier-nasalise-long.mp4,32,pervier-nasalise,topsy.com,311332,9962624,0.23,long
1835,/media/unctuously-refractometer-short.mp4,29,unctuously-refractometer,state.gov,240119,6963451,0.24,short
1835,/media/unctuously-refractometer-short.mp4,29,unctuously-refractometer,unknown,2003,58087,0.36,short
337,/root/bucket3/unctuously-refractometer-long.mp4,37,unctuously-refractometer,amazon.com,946922,35036114,0.26,long
337,/root/bucket3/unctuously-refractometer-long.mp4,37,unctuously-refractometer,so-net.ne.jp,522472,19331464,0.11,long
337,/root/bucket3/unctuously-refractometer-long.mp4,37,unctuously-refractometer,mail.ru,375688,13900456,0.31,long
337,/root/bucket3/unctuously-refractometer-long.mp4,37,unctuously-refractometer,livejournal.com,861315,31868655,0.38,long
337,/root/bucket3/unctuously-refractometer-long.mp4,37,unctuously-refractometer,harvard.edu,237981,8805297,0.37,long
337,/root/bucket3/unctuously-refractometer-long.mp4,37,unctuously-refractometer,springer.com,70625,2613125,0.48,long
353,/videos/2020-02-04/cliparts-synoicous-short.mp4,23,cliparts-synoicous,istockphoto.com,312063,7177449,0.34,short
353,/videos/2020-02-04/cliparts-synoicous-short.mp4,23,cliparts-synoicous,yale.edu,1504,34592,0.42,short
353,/videos/2020-02-04/cliparts-synoicous-short.mp4,23,cliparts-synoicous,mail.ru,185329,4262567,0.44,short
1238,/root/bucket1/cliparts-synoicous-long.mp4,32,cliparts-synoicous,hhs.gov,823140,26340480,0.38,long
1802,/videos/2020-02-04/genealogize-maquiladoras-short.mp4,17,genealogize-maquiladoras,shinystat.com,501609,8527353,0.42,short
1802,/videos/2020-02-04/genealogize-maquiladoras-short.mp4,17,genealogize-maquiladoras,macromedia.com,164347,2793899,0.34,short
1802,/videos/2020-02-04/genealogize-maquiladoras-short.mp4,17,genealogize-maquiladoras,unknown,1999,33983,0.48,short
199,/root/bucket3/genealogize-maquiladoras-long.mp4,55,genealogize-maquiladoras,blog.com,1503,82665,0.44,long
199,/root/bucket3/genealogize-maquiladoras-long.mp4,55,genealogize-maquiladoras,springer.com,225749,12416195,0.45,long
199,/root/bucket3/genealogize-maquiladoras-long.mp4,55,genealogize-maquiladoras,free13runpool.com,440855,24247025,0.38,long
199,/root/bucket3/genealogize-maquiladoras-long.mp4,55,genealogize-maquiladoras,unknown,208820,11485100,0.29,long
1108,/root/bucket5/alchemical-supported-short.mp4,7,alchemical-supported,google.nl,356311,2494177,0.43,short
1108,/root/bucket5/alchemical-supported-short.mp4,7,alchemical-supported,wufoo.com,160713,1124991,0.27,short
1108,/root/bucket5/alchemical-supported-short.mp4,7,alchemical-supported,storify.com,118289,828023,0.32,short
1108,/root/bucket5/alchemical-supported-short.mp4,7,alchemical-supported,unknown,1507,10549,0.3,short
103,/videos/2020-02-03/alchemical-supported-long.mp4,55,alchemical-supported,google.nl,448239,24653145,0.36,long
103,/videos/2020-02-03/alchemical-supported-long.mp4,55,alchemical-supported,mail.ru,740445,40724475,0.24,long
103,/videos/2020-02-03/alchemical-supported-long.mp4,55,alchemical-supported,ebay.co.uk,1495,82225,0.23,long
103,/videos/2020-02-03/alchemical-supported-long.mp4,55,alchemical-supported,simplemachines.org,107860,5932300,0.38,long
1864,/media/hemitropous-semiofficially-short.mp4,22,hemitropous-semiofficially,bbb.org,827169,18197718,0.21,short
1864,/media/hemitropous-semiofficially-short.mp4,22,hemitropous-semiofficially,blog.com,1498,32956,0.23,short
541,/root/bucket2/terracettes-mimer-short.mp4,21,terracettes-mimer,scribd.com,398561,8369781,0.48,short
296,/media/terracettes-mimer-long.mp4,48,terracettes-mimer,odnoklassniki.ru,440200,21129600,0.3,long
296,/media/terracettes-mimer-long.mp4,48,terracettes-mimer,artisteer.com,940736,45155328,0.16,long
296,/media/terracettes-mimer-long.mp4,48,terracettes-mimer,skype.com,392615,18845520,0.13,long
683,/root/bucket5/autorotating-frijole-short.mp4,13,autorotating-frijole,fc2.com,591386,7688018,0.32,short
683,/root/bucket5/autorotating-frijole-short.mp4,13,autorotating-frijole,nymag.com,36623,476099,0.11,short
683,/root/bucket5/autorotating-frijole-short.mp4,13,autorotating-frijole,unknown,107741,1400633,0.15,short
926,/root/bucket4/autorotating-frijole-long.mp4,47,autorotating-frijole,unknown,541553,25452991,0.13,long
926,/root/bucket4/autorotating-frijole-long.mp4,47,autorotating-frijole,unknown,1510,70970,0.26,long
1114,/videos/2020-02-01/chaffinches-quinquagesimal-short.mp4,17,chaffinches-quinquagesimal,ebay.co.uk,1498,25466,0.23,short
1164,/root/bucket3/chaffinches-quinquagesimal-long.mp4,36,chaffinches-quinquagesimal,buzzfeed.com,39350,1416600,0.49,long
1164,/root/bucket3/chaffinches-quinquagesimal-long.mp4,36,chaffinches-quinquagesimal,mail.ru,242163,8717868,0.17,long
597,/videos/2020-02-01/trevallys-gunneries-short.mp4,23,trevallys-gunneries,google.nl,786031,18078713,0.25,short
597,/videos/2020-02-01/trevallys-gunneries-short.mp4,23,trevallys-gunneries,nature.com,775930,17846390,0.42,short
597,/videos/2020-02-01/trevallys-gunneries-short.mp4,23,trevallys-gunneries,meetup.com,562973,12948379,0.38,short
597,/videos/2020-02-01/trevallys-gunneries-short.mp4,23,trevallys-gunneries,jigsy.com,565576,13008248,0.42,short
284,/videos/2020-02-03/trevallys-gunneries-long.mp4,42,trevallys-gunneries,unknown,1996,83832,0.21,long
1196,/root/bucket5/bordereau-inquisitive-short.mp4,21,bordereau-inquisitive,unknown,1504,31584,0.34,short
1196,/root/bucket5/bordereau-inquisitive-short.mp4,21,bordereau-inquisitive,discovery.com,574083,12055743,0.27,short
1196,/root/bucket5/bordereau-inquisitive-short.mp4,21,bordereau-inquisitive,unknown,372604,7824684,0.47,short
1196,/root/bucket5/bordereau-inquisitive-short.mp4,21,bordereau-inquisitive,unknown,2005,42105,0.43,short
1196,/root/bucket5/bordereau-inquisitive-short.mp4,21,bordereau-inquisitive,de.vu,232575,4884075,0.2,short
1196,/root/bucket5/bordereau-inquisitive-short.mp4,21,bordereau-inquisitive,unknown,1510,31710,0.37,short
1196,/root/bucket5/bordereau-inquisitive-short.mp4,21,bordereau-inquisitive,unknown,1996,41916,0.18,short
923,/media/bordereau-inquisitive-long.mp4,41,bordereau-inquisitive,unknown,748523,30689443,0.12,long
923,/media/bordereau-inquisitive-long.mp4,41,bordereau-inquisitive,moonfruit.com,664257,27234537,0.28,long
923,/media/bordereau-inquisitive-long.mp4,41,bordereau-inquisitive,blog.com,1501,61541,0.37,long
1734,/videos/2020-02-03/disaccording-storekeeping-short.mp4,29,disaccording-storekeeping,google.nl,529048,15342392,0.46,short
1734,/videos/2020-02-03/disaccording-storekeeping-short.mp4,29,disaccording-storekeeping,dion.ne.jp,990644,28728676,0.47,short
1734,/videos/2020-02-03/disaccording-storekeeping-short.mp4,29,disaccording-storekeeping,macromedia.com,685742,19886518,0.29,short
1708,/videos/2020-02-02/disaccording-storekeeping-long.mp4,53,disaccording-storekeeping,dailymotion.com,174303,9238059,0.26,long
1708,/videos/2020-02-02/disaccording-storekeeping-long.mp4,53,disaccording-storekeeping,springer.com,507509,26897977,0.45,long
411,/root/bucket2/remixed-glorifies-short.mp4,25,remixed-glorifies,g.co,181820,4545500,0.15,short
411,/root/bucket2/remixed-glorifies-short.mp4,25,remixed-glorifies,yale.edu,1502,37550,0.46,short
1255,/videos/2020-02-03/remixed-glorifies-long.mp4,32,remixed-glorifies,unknown,1509,48288,0.29,long
1255,/videos/2020-02-03/remixed-glorifies-long.mp4,32,remixed-glorifies,foxnews.com,148537,4753184,0.34,long
1255,/videos/2020-02-03/remixed-glorifies-long.mp4,32,remixed-glorifies,free13runpool.com,912474,29199168,0.19,long
334,/videos/2020-02-01/halogenation-dandyfunks-short.mp4,7,halogenation-dandyfunks,storify.com,888542,6219794,0.29,short
334,/videos/2020-02-01/halogenation-dandyfunks-short.mp4,7,halogenation-dandyfunks,blog.com,1501,10507,0.15,short
925,/root/bucket2/halogenation-dandyfunks-long.mp4,55,halogenation-dandyfunks,moonfruit.com,354744,19510920,0.2,long
925,/root/bucket2/halogenation-dandyfunks-long.mp4,55,halogenation-dandyfunks,blog.com,1499,82445,0.48,long
925,/root/bucket2/halogenation-dandyfunks-long.mp4,55,halogenation-dandyfunks,ebay.co.uk,1501,82555,0.48,long
1657,/root/bucket2/braggartly-holstering-short.mp4,10,braggartly-holstering,blog.com,1499,14990,0.19,short
8,/root/bucket1/braggartly-holstering-long.mp4,35,braggartly-holstering,yale.edu,1502,52570,0.41,long
8,/root/bucket1/braggartly-holstering-long.mp4,35,braggartly-holstering,yale.edu,1498,52430,0.27,long
8,/root/bucket1/braggartly-holstering-long.mp4,35,braggartly-holstering,unknown,1995,69825,0.24,long
8,/root/bucket1/braggartly-holstering-long.mp4,35,braggartly-holstering,nature.com,224785,7867475,0.28,long
776,/root/bucket4/emption-snouty-short.mp4,29,emption-snouty,blog.com,1505,43645,0.48,short
358,/media/emption-snouty-long.mp4,45,emption-snouty,storify.com,463496,20857320,0.43,long
705,/root/bucket2/duskened-aldohexose-short.mp4,21,duskened-aldohexose,blog.com,1498,31458,0.44,short
705,/root/bucket2/duskened-aldohexose-short.mp4,21,duskened-aldohexose,ebay.co.uk,1498,31458,0.45,short
705,/root/bucket2/duskened-aldohexose-short.mp4,21,duskened-aldohexose,unknown,932951,19591971,0.48,short
1028,/media/duskened-aldohexose-long.mp4,53,duskened-aldohexose,unknown,1513,80189,0.37,long
1028,/media/duskened-aldohexose-long.mp4,53,duskened-aldohexose,unknown,1507,79871,0.3,long
616,/videos/2020-02-03/torridness-schemozzled-short.mp4,5,torridness-schemozzled,unknown,947473,4737365,0.13,short
616,/videos/2020-02-03/torridness-schemozzled-short.mp4,5,torridness-schemozzled,yale.edu,63166,315830,0.3,short
616,/videos/2020-02-03/torridness-schemozzled-short.mp4,5,torridness-schemozzled,unknown,512873,2564365,0.41,short
1733,/videos/2020-02-04/aidless-patronized-short.mp4,14,aidless-patronized,icio.us,578183,8094562,0.44,short
1733,/videos/2020-02-04/aidless-patronized-short.mp4,14,aidless-patronized,unknown,998791,13983074,0.16,short
978,/root/bucket4/aidless-patronized-long.mp4,47,aidless-patronized,ebay.co.uk,1499,70453,0.46,long
1317,/videos/2020-02-01/lollapalooza-unexploded-short.mp4,13,lollapalooza-unexploded,unknown,2000,26000,0.49,short
1317,/videos/2020-02-01/lollapalooza-unexploded-short.mp4,13,lollapalooza-unexploded,ebay.co.uk,1503,19539,0.23,short
1317,/videos/2020-02-01/lollapalooza-unexploded-short.mp4,13,lollapalooza-unexploded,nature.com,561902,7304726,0.17,short
1317,/videos/2020-02-01/lollapalooza-unexploded-short.mp4,13,lollapalooza-unexploded,unknown,1998,25974,0.26,short
1317,/videos/2020-02-01/lollapalooza-unexploded-short.mp4,13,lollapalooza-unexploded,comcast.net,943981,12271753,0.22,short
1032,/videos/2020-02-02/lollapalooza-unexploded-long.mp4,25,lollapalooza-unexploded,fc2.com,829396,20734900,0.45,long
1032,/videos/2020-02-02/lollapalooza-unexploded-long.mp4,25,lollapalooza-unexploded,unknown,1512,37800,0.28,long
1032,/videos/2020-02-02/lollapalooza-unexploded-long.mp4,25,lollapalooza-unexploded,google.nl,370695,9267375,0.4,long
1032,/videos/2020-02-02/lollapalooza-unexploded-long.mp4,25,lollapalooza-unexploded,comsenz.com,859933,21498325,0.38,long
116,/videos/2020-02-03/saliences-experiencer-short.mp4,17,saliences-experiencer,redcross.org,872801,14837617,0.38,short
116,/videos/2020-02-03/saliences-experiencer-short.mp4,17,saliences-experiencer,ebay.co.uk,1510,25670,0.12,short
116,/videos/2020-02-03/saliences-experiencer-short.mp4,17,saliences-experiencer,utexas.edu,123935,2106895,0.32,short
116,/videos/2020-02-03/saliences-experiencer-short.mp4,17,saliences-experiencer,nymag.com,3509,59653,0.13,short
894,/media/saliences-experiencer-long.mp4,48,saliences-experiencer,livejournal.com,612498,29399904,0.44,long
894,/media/saliences-experiencer-long.mp4,48,saliences-experiencer,earthlink.net,658615,31613520,0.4,long
1021,/videos/2020-02-02/aghas-trunksleeve-short.mp4,20,aghas-trunksleeve,blog.com,1499,29980,0.16,short
1021,/videos/2020-02-02/aghas-trunksleeve-short.mp4,20,aghas-trunksleeve,unknown,667989,13359780,0.12,short
1021,/videos/2020-02-02/aghas-trunksleeve-short.mp4,20,aghas-trunksleeve,unknown,56651,1133020,0.4,short
1021,/videos/2020-02-02/aghas-trunksleeve-short.mp4,20,aghas-trunksleeve,sciencedaily.com,983664,19673280,0.43,short
868,/root/bucket2/aghas-trunksleeve-long.mp4,32,aghas-trunksleeve,g.co,389740,12471680,0.18,long
1463,/root/bucket5/pummelled-acidifies-short.mp4,21,pummelled-acidifies,mayoclinic.com,306966,6446286,0.36,short
1463,/root/bucket5/pummelled-acidifies-short.mp4,21,pummelled-acidifies,yale.edu,1501,31521,0.46,short
1463,/root/bucket5/pummelled-acidifies-short.mp4,21,pummelled-acidifies,unknown,2001,42021,0.24,short
1463,/root/bucket5/pummelled-acidifies-short.mp4,21,pummelled-acidifies,unknown,360123,7562583,0.1,short
1479,/videos/2020-02-04/pummelled-acidifies-long.mp4,42,pummelled-acidifies,github.com,610191,25628022,0.15,long
1479,/videos/2020-02-04/pummelled-acidifies-long.mp4,42,pummelled-acidifies,prnewswire.com,763502,32067084,0.16,long
1479,/videos/2020-02-04/pummelled-acidifies-long.mp4,42,pummelled-acidifies,ebay.co.uk,1505,63210,0.17,long
98,/root/bucket5/cardiologists-tonkers-short.mp4,19,cardiologists-tonkers,yale.edu,1502,28538,0.49,short
98,/root/bucket5/cardiologists-tonkers-short.mp4,19,cardiologists-tonkers,unknown,2000,38000,0.34,short
98,/root/bucket5/cardiologists-tonkers-short.mp4,19,cardiologists-tonkers,purevolume.com,612768,11642592,0.44,short
98,/root/bucket5/cardiologists-tonkers-short.mp4,19,cardiologists-tonkers,ebay.co.uk,1502,28538,0.26,short
919,/media/cardiologists-tonkers-long.mp4,47,cardiologists-tonkers,unknown,2001,94047,0.44,long
919,/media/cardiologists-tonkers-long.mp4,47,cardiologists-tonkers,msu.edu,76851,3611997,0.36,long
919,/media/cardiologists-tonkers-long.mp4,47,cardiologists-tonkers,purevolume.com,718845,33785715,0.45,long
1738,/root/bucket2/kazillions-geomedicines-short.mp4,29,kazillions-geomedicines,blog.com,1495,43355,0.15,short
1738,/root/bucket2/kazillions-geomedicines-short.mp4,29,kazillions-geomedicines,odnoklassniki.ru,660992,19168768,0.49,short
1738,/root/bucket2/kazillions-geomedicines-short.mp4,29,kazillions-geomedicines,unknown,475989,13803681,0.32,short
1738,/root/bucket2/kazillions-geomedicines-short.mp4,29,kazillions-geomedicines,unknown,357383,10364107,0.35,short
551,/media/kazillions-geomedicines-long.mp4,41,kazillions-geomedicines,comcast.net,912210,37400610,0.37,long
551,/media/kazillions-geomedicines-long.mp4,41,kazillions-geomedicines,unknown,1514,62074,0.43,long
551,/media/kazillions-geomedicines-long.mp4,41,kazillions-geomedicines,yale.edu,1504,61664,0.32,long
551,/media/kazillions-geomedicines-long.mp4,41,kazillions-geomedicines,ebay.co.uk,1498,61418,0.47,long
659,/media/nickeliferous-pyrolas-short.mp4,18,nickeliferous-pyrolas,unknown,418879,7539822,0.44,short
659,/media/nickeliferous-pyrolas-short.mp4,18,nickeliferous-pyrolas,free13runpool.com,960022,17280396,0.34,short
659,/media/nickeliferous-pyrolas-short.mp4,18,nickeliferous-pyrolas,webs.com,126367,2274606,0.5,short
659,/media/nickeliferous-pyrolas-short.mp4,18,nickeliferous-pyrolas,blog.com,1500,27000,0.2,short
571,/videos/2020-02-01/nickeliferous-pyrolas-long.mp4,47,nickeliferous-pyrolas,unknown,1999,93953,0.29,long
571,/videos/2020-02-01/nickeliferous-pyrolas-long.mp4,47,nickeliferous-pyrolas,nbcnews.com,267930,12592710,0.37,long
571,/videos/2020-02-01/nickeliferous-pyrolas-long.mp4,47,nickeliferous-pyrolas,ebay.co.uk,1498,70406,0.15,long
1058,/videos/2020-02-01/syncopation-methenamine-short.mp4,9,syncopation-methenamine,reverbnation.com,274046,2466414,0.49,short
1058,/videos/2020-02-01/syncopation-methenamine-short.mp4,9,syncopation-methenamine,opera.com,410104,3690936,0.22,short
1058,/videos/2020-02-01/syncopation-methenamine-short.mp4,9,syncopation-methenamine,ebay.co.uk,1503,13527,0.22,short
1058,/videos/2020-02-01/syncopation-methenamine-short.mp4,9,syncopation-methenamine,blog.com,1496,13464,0.22,short
795,/root/bucket4/syncopation-methenamine-long.mp4,51,syncopation-methenamine,unicef.org,843180,43002180,0.25,long
795,/root/bucket4/syncopation-methenamine-long.mp4,51,syncopation-methenamine,webs.com,121762,6209862,0.42,long
795,/root/bucket4/syncopation-methenamine-long.mp4,51,syncopation-methenamine,unknown,2002,102102,0.15,long
352,/root/bucket5/arithmophobias-battalions-short.mp4,13,arithmophobias-battalions,blog.com,1497,19461,0.48,short
352,/root/bucket5/arithmophobias-battalions-short.mp4,13,arithmophobias-battalions,usgs.gov,434464,5648032,0.49,short
352,/root/bucket5/arithmophobias-battalions-short.mp4,13,arithmophobias-battalions,unknown,1517,19721,0.5,short
352,/root/bucket5/arithmophobias-battalions-short.mp4,13,arithmophobias-battalions,ebay.co.uk,1504,19552,0.32,short
4,/root/bucket3/arithmophobias-battalions-long.mp4,28,arithmophobias-battalions,shinystat.com,107395,3007060,0.14,long
1634,/media/blockishly-undermines-short.mp4,6,blockishly-undermines,seattletimes.com,840064,5040384,0.2,short
1634,/media/blockishly-undermines-short.mp4,6,blockishly-undermines,unknown,2001,12006,0.42,short
1634,/media/blockishly-undermines-short.mp4,6,blockishly-undermines,so-net.ne.jp,36515,219090,0.34,short
1034,/videos/2020-02-03/blockishly-undermines-long.mp4,60,blockishly-undermines,unknown,2002,120120,0.15,long
799,/videos/2020-02-01/fleecy-epacts-short.mp4,24,fleecy-epacts,unknown,1998,47952,0.38,short
799,/videos/2020-02-01/fleecy-epacts-short.mp4,24,fleecy-epacts,jalbum.net,218660,5247840,0.18,short
799,/videos/2020-02-01/fleecy-epacts-short.mp4,24,fleecy-epacts,springer.com,324895,7797480,0.2,short
799,/videos/2020-02-01/fleecy-epacts-short.mp4,24,fleecy-epacts,blog.com,1498,35952,0.45,short
799,/videos/2020-02-01/fleecy-epacts-short.mp4,24,fleecy-epacts,purevolume.com,19284,462816,0.42,short
1502,/root/bucket1/okay-windsail-short.mp4,16,okay-windsail,yale.edu,1495,23920,0.32,short
1502,/root/bucket1/okay-windsail-short.mp4,16,okay-windsail,harvard.edu,873624,13977984,0.23,short
1502,/root/bucket1/okay-windsail-short.mp4,16,okay-windsail,unknown,1507,24112,0.3,short
1502,/root/bucket1/okay-windsail-short.mp4,16,okay-windsail,ebay.co.uk,1500,24000,0.22,short
547,/root/bucket2/okay-windsail-long.mp4,39,okay-windsail,washington.edu,99578,3883542,0.22,long
547,/root/bucket2/okay-windsail-long.mp4,39,okay-windsail,yale.edu,1499,58461,0.31,long
547,/root/bucket2/okay-windsail-long.mp4,39,okay-windsail,ebay.co.uk,1498,58422,0.48,long
547,/root/bucket2/okay-windsail-long.mp4,39,okay-windsail,skype.com,727901,28388139,0.3,long
546,/root/bucket5/pepperer-rustication-short.mp4,9,pepperer-rustication,hhs.gov,72240,650160,0.44,short
1997,/root/bucket4/pepperer-rustication-long.mp4,50,pepperer-rustication,discovery.com,308395,15419750,0.35,long
1997,/root/bucket4/pepperer-rustication-long.mp4,50,pepperer-rustication,yale.edu,1500,75000,0.13,long
1997,/root/bucket4/pepperer-rustication-long.mp4,50,pepperer-rustication,patch.com,562971,28148550,0.2,long
78,/videos/2020-02-02/shipless-refinished-short.mp4,11,shipless-refinished,ebay.co.uk,1503,16533,0.42,short
78,/videos/2020-02-02/shipless-refinished-short.mp4,11,shipless-refinished,ebay.co.uk,1498,16478,0.41,short
78,/videos/2020-02-02/shipless-refinished-short.mp4,11,shipless-refinished,auda.org.au,349081,3839891,0.26,short
977,/root/bucket4/shipless-refinished-long.mp4,50,shipless-refinished,yale.edu,1500,75000,0.33,long
977,/root/bucket4/shipless-refinished-long.mp4,50,shipless-refinished,usgs.gov,558616,27930800,0.18,long
977,/root/bucket4/shipless-refinished-long.mp4,50,shipless-refinished,yale.edu,1500,75000,0.32,long
977,/root/bucket4/shipless-refinished-long.mp4,50,shipless-refinished,discovery.com,705232,35261600,0.13,long
462,/root/bucket4/semilethal-vidimuses-short.mp4,14,semilethal-vidimuses,unknown,1511,21154,0.11,short
1188,/videos/2020-02-01/semilethal-vidimuses-long.mp4,30,semilethal-vidimuses,studiopress.com,665385,19961550,0.25,long
202,/videos/2020-02-03/extensionists-throaty-short.mp4,24,extensionists-throaty,opera.com,31271,750504,0.18,short
202,/videos/2020-02-03/extensionists-throaty-short.mp4,24,extensionists-throaty,unknown,871079,20905896,0.2,short
1115,/videos/2020-02-01/extensionists-throaty-long.mp4,31,extensionists-throaty,unknown,2000,62000,0.19,long
1115,/videos/2020-02-01/extensionists-throaty-long.mp4,31,extensionists-throaty,purevolume.com,282691,8763421,0.48,long
1115,/videos/2020-02-01/extensionists-throaty-long.mp4,31,extensionists-throaty,unicef.org,924361,28655191,0.33,long
560,/root/bucket5/conspirers-physiques-short.mp4,16,conspirers-physiques,yale.edu,1500,24000,0.36,short
560,/root/bucket5/conspirers-physiques-short.mp4,16,conspirers-physiques,purevolume.com,285396,4566336,0.22,short
699,/root/bucket5/conspirers-physiques-long.mp4,59,conspirers-physiques,blog.com,1504,88736,0.42,long
699,/root/bucket5/conspirers-physiques-long.mp4,59,conspirers-physiques,unknown,1510,89090,0.43,long
699,/root/bucket5/conspirers-physiques-long.mp4,59,conspirers-physiques,unknown,1997,117823,0.43,long
699,/root/bucket5/conspirers-physiques-long.mp4,59,conspirers-physiques,goo.ne.jp,32906,1941454,0.17,long
699,/root/bucket5/conspirers-physiques-long.mp4,59,conspirers-physiques,yale.edu,1499,88441,0.47,long
699,/root/bucket5/conspirers-physiques-long.mp4,59,conspirers-physiques,unknown,42149,2486791,0.45,long
748,/videos/2020-02-01/sinewless-eughen-short.mp4,20,sinewless-eughen,ebay.co.uk,1496,29920,0.48,short
748,/videos/2020-02-01/sinewless-eughen-short.mp4,20,sinewless-eughen,unknown,1999,39980,0.41,short
748,/videos/2020-02-01/sinewless-eughen-short.mp4,20,sinewless-eughen,wiley.com,48527,970540,0.39,short
748,/videos/2020-02-01/sinewless-eughen-short.mp4,20,sinewless-eughen,goo.ne.jp,335084,6701680,0.12,short
748,/videos/2020-02-01/sinewless-eughen-short.mp4,20,sinewless-eughen,ebay.co.uk,1502,30040,0.11,short
1740,/root/bucket2/sinewless-eughen-long.mp4,33,sinewless-eughen,blog.com,1503,49599,0.25,long
1740,/root/bucket2/sinewless-eughen-long.mp4,33,sinewless-eughen,meetup.com,735286,24264438,0.48,long
611,/videos/2020-02-02/arachnophobes-whangam-short.mp4,11,arachnophobes-whangam,topsy.com,365547,4021017,0.48,short
611,/videos/2020-02-02/arachnophobes-whangam-short.mp4,11,arachnophobes-whangam,yale.edu,1500,16500,0.35,short
611,/videos/2020-02-02/arachnophobes-whangam-short.mp4,11,arachnophobes-whangam,unknown,309539,3404929,0.43,short
140,/videos/2020-02-02/arachnophobes-whangam-long.mp4,41,arachnophobes-whangam,springer.com,922302,37814382,0.11,long
140,/videos/2020-02-02/arachnophobes-whangam-long.mp4,41,arachnophobes-whangam,ustream.tv,191429,7848589,0.29,long
140,/videos/2020-02-02/arachnophobes-whangam-long.mp4,41,arachnophobes-whangam,dion.ne.jp,586402,24042482,0.24,long
140,/videos/2020-02-02/arachnophobes-whangam-long.mp4,41,arachnophobes-whangam,scribd.com,511840,20985440,0.42,long
1684,/root/bucket1/workfare-gunboat-short.mp4,6,workfare-gunboat,free13runpool.com,692864,4157184,0.37,short
1684,/root/bucket1/workfare-gunboat-short.mp4,6,workfare-gunboat,unknown,55124,330744,0.21,short
1684,/root/bucket1/workfare-gunboat-short.mp4,6,workfare-gunboat,unknown,877660,5265960,0.34,short
276,/videos/2020-02-02/workfare-gunboat-long.mp4,25,workfare-gunboat,unknown,575433,14385825,0.23,long
276,/videos/2020-02-02/workfare-gunboat-long.mp4,25,workfare-gunboat,yale.edu,1499,37475,0.11,long
276,/videos/2020-02-02/workfare-gunboat-long.mp4,25,workfare-gunboat,foxnews.com,246874,6171850,0.33,long
267,/root/bucket5/eastlin-carbonadoing-short.mp4,19,eastlin-carbonadoing,exblog.jp,912506,17337614,0.15,short
267,/root/bucket5/eastlin-carbonadoing-short.mp4,19,eastlin-carbonadoing,techcrunch.com,370120,7032280,0.39,short
267,/root/bucket5/eastlin-carbonadoing-short.mp4,19,eastlin-carbonadoing,ebay.co.uk,1502,28538,0.3,short
267,/root/bucket5/eastlin-carbonadoing-short.mp4,19,eastlin-carbonadoing,odnoklassniki.ru,964315,18321985,0.18,short
351,/root/bucket3/eastlin-carbonadoing-long.mp4,43,eastlin-carbonadoing,prnewswire.com,31854,1369722,0.27,long
351,/root/bucket3/eastlin-carbonadoing-long.mp4,43,eastlin-carbonadoing,so-net.ne.jp,580218,24949374,0.35,long
426,/videos/2020-02-02/strewments-calceolarias-short.mp4,16,strewments-calceolarias,yale.edu,1503,24048,0.42,short
426,/videos/2020-02-02/strewments-calceolarias-short.mp4,16,strewments-calceolarias,mail.ru,696877,11150032,0.49,short
426,/videos/2020-02-02/strewments-calceolarias-short.mp4,16,strewments-calceolarias,ebay.co.uk,1505,24080,0.16,short
426,/videos/2020-02-02/strewments-calceolarias-short.mp4,16,strewments-calceolarias,unknown,1514,24224,0.45,short
426,/videos/2020-02-02/strewments-calceolarias-short.mp4,16,strewments-calceolarias,blog.com,1503,24048,0.11,short
426,/videos/2020-02-02/strewments-calceolarias-short.mp4,16,strewments-calceolarias,drupal.org,141482,2263712,0.35,short
887,/videos/2020-02-03/strewments-calceolarias-long.mp4,60,strewments-calceolarias,unknown,2002,120120,0.42,long
887,/videos/2020-02-03/strewments-calceolarias-long.mp4,60,strewments-calceolarias,google.nl,233524,14011440,0.33,long
642,/root/bucket3/laterising-aquaphobics-short.mp4,28,laterising-aquaphobics,unknown,2003,56084,0.35,short
642,/root/bucket3/laterising-aquaphobics-short.mp4,28,laterising-aquaphobics,unknown,102967,2883076,0.41,short
1433,/videos/2020-02-02/laterising-aquaphobics-long.mp4,60,laterising-aquaphobics,chron.com,909070,54544200,0.17,long
1433,/videos/2020-02-02/laterising-aquaphobics-long.mp4,60,laterising-aquaphobics,unknown,1514,90840,0.3,long
1433,/videos/2020-02-02/laterising-aquaphobics-long.mp4,60,laterising-aquaphobics,zdnet.com,531888,31913280,0.1,long
453,/root/bucket1/hypophysectomies-carhopping-short.mp4,20,hypophysectomies-carhopping,unknown,1508,30160,0.16,short
453,/root/bucket1/hypophysectomies-carhopping-short.mp4,20,hypophysectomies-carhopping,unknown,2001,40020,0.33,short
453,/root/bucket1/hypophysectomies-carhopping-short.mp4,20,hypophysectomies-carhopping,unknown,2005,40100,0.13,short
730,/videos/2020-02-04/hypophysectomies-carhopping-long.mp4,33,hypophysectomies-carhopping,creativecommons.org,682583,22525239,0.18,long
1736,/root/bucket5/onloads-ballyard-short.mp4,11,onloads-ballyard,drupal.org,13147,144617,0.23,short
1736,/root/bucket5/onloads-ballyard-short.mp4,11,onloads-ballyard,livejournal.com,843126,9274386,0.26,short
1736,/root/bucket5/onloads-ballyard-short.mp4,11,onloads-ballyard,yale.edu,1497,16467,0.16,short
1110,/root/bucket3/onloads-ballyard-long.mp4,31,onloads-ballyard,usnews.com,225471,6989601,0.37,long
1110,/root/bucket3/onloads-ballyard-long.mp4,31,onloads-ballyard,so-net.ne.jp,376166,11661146,0.45,long
1110,/root/bucket3/onloads-ballyard-long.mp4,31,onloads-ballyard,unknown,1517,47027,0.23,long
1555,/media/operosenesses-kiwifruit-short.mp4,26,operosenesses-kiwifruit,usgs.gov,474846,12345996,0.43,short
1555,/media/operosenesses-kiwifruit-short.mp4,26,operosenesses-kiwifruit,blog.com,1501,39026,0.48,short
1555,/media/operosenesses-kiwifruit-short.mp4,26,operosenesses-kiwifruit,reverbnation.com,868535,22581910,0.18,short
1555,/media/operosenesses-kiwifruit-short.mp4,26,operosenesses-kiwifruit,unknown,1510,39260,0.33,short
383,/root/bucket1/operosenesses-kiwifruit-long.mp4,42,operosenesses-kiwifruit,patch.com,412255,17314710,0.38,long
383,/root/bucket1/operosenesses-kiwifruit-long.mp4,42,operosenesses-kiwifruit,hhs.gov,232279,9755718,0.4,long
383,/root/bucket1/operosenesses-kiwifruit-long.mp4,42,operosenesses-kiwifruit,java.com,871563,36605646,0.17,long
383,/root/bucket1/operosenesses-kiwifruit-long.mp4,42,operosenesses-kiwifruit,nbcnews.com,997888,41911296,0.31,long
383,/root/bucket1/operosenesses-kiwifruit-long.mp4,42,operosenesses-kiwifruit,blog.com,1499,62958,0.45,long
1042,/videos/2020-02-02/futhork-role-short.mp4,24,futhork-role,auda.org.au,899701,21592824,0.43,short
1042,/videos/2020-02-02/futhork-role-short.mp4,24,futhork-role,storify.com,647653,15543672,0.29,short
1042,/videos/2020-02-02/futhork-role-short.mp4,24,futhork-role,unknown,623135,14955240,0.3,short
1042,/videos/2020-02-02/futhork-role-short.mp4,24,futhork-role,yale.edu,1503,36072,0.42,short
182,/root/bucket4/futhork-role-long.mp4,51,futhork-role,joomla.org,533307,27198657,0.16,long
182,/root/bucket4/futhork-role-long.mp4,51,futhork-role,unknown,895062,45648162,0.22,long
182,/root/bucket4/futhork-role-long.mp4,51,futhork-role,ocn.ne.jp,229404,11699604,0.42,long
182,/root/bucket4/futhork-role-long.mp4,51,futhork-role,angelfire.com,319639,16301589,0.18,long
271,/videos/2020-02-02/pressors-disanimate-short.mp4,28,pressors-disanimate,unknown,1513,42364,0.47,short
271,/videos/2020-02-02/pressors-disanimate-short.mp4,28,pressors-disanimate,unknown,680933,19066124,0.2,short
271,/videos/2020-02-02/pressors-disanimate-short.mp4,28,pressors-disanimate,unknown,543820,15226960,0.39,short
271,/videos/2020-02-02/pressors-disanimate-short.mp4,28,pressors-disanimate,g.co,573958,16070824,0.1,short
271,/videos/2020-02-02/pressors-disanimate-short.mp4,28,pressors-disanimate,blog.com,1502,42056,0.22,short
573,/videos/2020-02-03/pressors-disanimate-long.mp4,38,pressors-disanimate,multiply.com,746143,28353434,0.44,long
573,/videos/2020-02-03/pressors-disanimate-long.mp4,38,pressors-disanimate,sourceforge.net,625247,23759386,0.44,long
573,/videos/2020-02-03/pressors-disanimate-long.mp4,38,pressors-disanimate,ebay.co.uk,1500,57000,0.46,long
1766,/media/starboarding-nephrotoxicities-short.mp4,11,starboarding-nephrotoxicities,odnoklassniki.ru,995395,10949345,0.16,short
1766,/media/starboarding-nephrotoxicities-short.mp4,11,starboarding-nephrotoxicities,simplemachines.org,722373,7946103,0.37,short
1766,/media/starboarding-nephrotoxicities-short.mp4,11,starboarding-nephrotoxicities,netvibes.com,158164,1739804,0.41,short
1725,/videos/2020-02-02/starboarding-nephrotoxicities-long.mp4,50,starboarding-nephrotoxicities,thetimes.co.uk,884654,44232700,0.29,long
1924,/root/bucket5/roue-mallanders-short.mp4,10,roue-mallanders,unknown,1998,19980,0.12,short
1924,/root/bucket5/roue-mallanders-short.mp4,10,roue-mallanders,chron.com,589177,5891770,0.29,short
1916,/root/bucket5/roue-mallanders-long.mp4,48,roue-mallanders,unknown,1511,72528,0.21,long
1916,/root/bucket5/roue-mallanders-long.mp4,48,roue-mallanders,shinystat.com,637257,30588336,0.38,long
425,/root/bucket5/geo-intergranular-short.mp4,13,geo-intergranular,unknown,989974,12869662,0.23,short
229,/root/bucket1/geo-intergranular-long.mp4,47,geo-intergranular,yale.edu,1504,70688,0.18,long
229,/root/bucket1/geo-intergranular-long.mp4,47,geo-intergranular,dailymotion.com,289285,13596395,0.13,long
229,/root/bucket1/geo-intergranular-long.mp4,47,geo-intergranular,free13runpool.com,958507,45049829,0.25,long
127,/videos/2020-02-03/excel-postilions-short.mp4,20,excel-postilions,g.co,620144,12402880,0.46,short
1720,/root/bucket2/excel-postilions-long.mp4,48,excel-postilions,java.com,767158,36823584,0.43,long
1720,/root/bucket2/excel-postilions-long.mp4,48,excel-postilions,drupal.org,102941,4941168,0.29,long
1720,/root/bucket2/excel-postilions-long.mp4,48,excel-postilions,csmonitor.com,884143,42438864,0.4,long
1720,/root/bucket2/excel-postilions-long.mp4,48,excel-postilions,unknown,1509,72432,0.15,long
314,/root/bucket4/immobilism-sugarcoat-short.mp4,18,immobilism-sugarcoat,unknown,1996,35928,0.37,short
314,/root/bucket4/immobilism-sugarcoat-short.mp4,18,immobilism-sugarcoat,unknown,1998,35964,0.11,short
94,/videos/2020-02-04/immobilism-sugarcoat-long.mp4,51,immobilism-sugarcoat,fc2.com,741810,37832310,0.33,long
94,/videos/2020-02-04/immobilism-sugarcoat-long.mp4,51,immobilism-sugarcoat,discovery.com,180284,9194484,0.37,long
94,/videos/2020-02-04/immobilism-sugarcoat-long.mp4,51,immobilism-sugarcoat,unknown,468338,23885238,0.36,long
94,/videos/2020-02-04/immobilism-sugarcoat-long.mp4,51,immobilism-sugarcoat,nymag.com,295712,15081312,0.12,long
1891,/root/bucket5/clabbers-tostada-short.mp4,15,clabbers-tostada,ebay.co.uk,1502,22530,0.33,short
1891,/root/bucket5/clabbers-tostada-short.mp4,15,clabbers-tostada,drupal.org,657744,9866160,0.39,short
1891,/root/bucket5/clabbers-tostada-short.mp4,15,clabbers-tostada,joomla.org,515775,7736625,0.36,short
1891,/root/bucket5/clabbers-tostada-short.mp4,15,clabbers-tostada,yale.edu,1498,22470,0.19,short
524,/root/bucket5/clabbers-tostada-long.mp4,48,clabbers-tostada,bravesites.com,892163,42823824,0.2,long
1291,/root/bucket3/cagyness-ferine-short.mp4,27,cagyness-ferine,blogtalkradio.com,240525,6494175,0.29,short
1291,/root/bucket3/cagyness-ferine-short.mp4,27,cagyness-ferine,about.com,853756,23051412,0.43,short
1291,/root/bucket3/cagyness-ferine-short.mp4,27,cagyness-ferine,unknown,2002,54054,0.3,short
1291,/root/bucket3/cagyness-ferine-short.mp4,27,cagyness-ferine,ebay.co.uk,1500,40500,0.12,short
1291,/root/bucket3/cagyness-ferine-short.mp4,27,cagyness-ferine,unknown,790605,21346335,0.13,short
1166,/root/bucket4/cagyness-ferine-long.mp4,50,cagyness-ferine,dailymotion.com,733756,36687800,0.27,long
1166,/root/bucket4/cagyness-ferine-long.mp4,50,cagyness-ferine,netvibes.com,312107,15605350,0.39,long
1166,/root/bucket4/cagyness-ferine-long.mp4,50,cagyness-ferine,blog.com,1501,75050,0.32,long
344,/videos/2020-02-04/reprographic-centralization-short.mp4,29,reprographic-centralization,unknown,1508,43732,0.46,short
344,/videos/2020-02-04/reprographic-centralization-short.mp4,29,reprographic-centralization,yale.edu,1497,43413,0.17,short
344,/videos/2020-02-04/reprographic-centralization-short.mp4,29,reprographic-centralization,unknown,1515,43935,0.19,short
344,/videos/2020-02-04/reprographic-centralization-short.mp4,29,reprographic-centralization,unknown,105571,3061559,0.42,short
135,/root/bucket2/reprographic-centralization-long.mp4,55,reprographic-centralization,msu.edu,906231,49842705,0.2,long
135,/root/bucket2/reprographic-centralization-long.mp4,55,reprographic-centralization,unknown,330793,18193615,0.12,long
135,/root/bucket2/reprographic-centralization-long.mp4,55,reprographic-centralization,nature.com,685601,37708055,0.17,long
1779,/root/bucket1/blastomeric-nincompoopery-short.mp4,21,blastomeric-nincompoopery,blog.com,1503,31563,0.16,short
1779,/root/bucket1/blastomeric-nincompoopery-short.mp4,21,blastomeric-nincompoopery,unknown,459221,9643641,0.3,short
394,/root/bucket5/blastomeric-nincompoopery-long.mp4,57,blastomeric-nincompoopery,unknown,2000,114000,0.35,long
394,/root/bucket5/blastomeric-nincompoopery-long.mp4,57,blastomeric-nincompoopery,wufoo.com,312786,17828802,0.33,long
394,/root/bucket5/blastomeric-nincompoopery-long.mp4,57,blastomeric-nincompoopery,archive.org,605415,34508655,0.26,long
394,/root/bucket5/blastomeric-nincompoopery-long.mp4,57,blastomeric-nincompoopery,yale.edu,1500,85500,0.49,long
394,/root/bucket5/blastomeric-nincompoopery-long.mp4,57,blastomeric-nincompoopery,prnewswire.com,133887,7631559,0.11,long
332,/media/undepreciated-dankly-short.mp4,7,undepreciated-dankly,zdnet.com,566279,3963953,0.15,short
332,/media/undepreciated-dankly-short.mp4,7,undepreciated-dankly,yale.edu,1496,10472,0.38,short
332,/media/undepreciated-dankly-short.mp4,7,undepreciated-dankly,mayoclinic.com,55713,389991,0.35,short
1345,/root/bucket1/undepreciated-dankly-long.mp4,40,undepreciated-dankly,foxnews.com,117733,4709320,0.4,long
1345,/root/bucket1/undepreciated-dankly-long.mp4,40,undepreciated-dankly,joomla.org,445605,17824200,0.23,long
1345,/root/bucket1/undepreciated-dankly-long.mp4,40,undepreciated-dankly,unknown,2003,80120,0.21,long
1345,/root/bucket1/undepreciated-dankly-long.mp4,40,undepreciated-dankly,blog.com,1503,60120,0.29,long
1345,/root/bucket1/undepreciated-dankly-long.mp4,40,undepreciated-dankly,unknown,753621,30144840,0.12,long
1345,/root/bucket1/undepreciated-dankly-long.mp4,40,undepreciated-dankly,blog.com,1501,60040,0.43,long
197,/videos/2020-02-02/expressiveness-gulfweeds-short.mp4,26,expressiveness-gulfweeds,yale.edu,814296,21171696,0.4,short
197,/videos/2020-02-02/expressiveness-gulfweeds-short.mp4,26,expressiveness-gulfweeds,washington.edu,557624,14498224,0.24,short
197,/videos/2020-02-02/expressiveness-gulfweeds-short.mp4,26,expressiveness-gulfweeds,icio.us,137552,3576352,0.3,short
197,/videos/2020-02-02/expressiveness-gulfweeds-short.mp4,26,expressiveness-gulfweeds,yale.edu,1498,38948,0.3,short
197,/videos/2020-02-02/expressiveness-gulfweeds-short.mp4,26,expressiveness-gulfweeds,usgs.gov,52295,1359670,0.15,short
24,/videos/2020-02-02/expressiveness-gulfweeds-long.mp4,54,expressiveness-gulfweeds,unknown,2000,108000,0.21,long
114,/videos/2020-02-01/tautologisms-pickin-short.mp4,21,tautologisms-pickin,blog.com,1500,31500,0.41,short
114,/videos/2020-02-01/tautologisms-pickin-short.mp4,21,tautologisms-pickin,goodreads.com,136365,2863665,0.36,short
418,/root/bucket1/tautologisms-pickin-long.mp4,55,tautologisms-pickin,topsy.com,994038,54672090,0.31,long
418,/root/bucket1/tautologisms-pickin-long.mp4,55,tautologisms-pickin,unknown,2003,110165,0.16,long
418,/root/bucket1/tautologisms-pickin-long.mp4,55,tautologisms-pickin,nbcnews.com,370773,20392515,0.36,long
418,/root/bucket1/tautologisms-pickin-long.mp4,55,tautologisms-pickin,storify.com,341595,18787725,0.37,long
1830,/videos/2020-02-01/bandas-chinaman-short.mp4,8,bandas-chinaman,jigsy.com,506199,4049592,0.37,short
1830,/videos/2020-02-01/bandas-chinaman-short.mp4,8,bandas-chinaman,unknown,838686,6709488,0.34,short
1878,/videos/2020-02-01/bandas-chinaman-long.mp4,34,bandas-chinaman,blog.com,1500,51000,0.46,long
1878,/videos/2020-02-01/bandas-chinaman-long.mp4,34,bandas-chinaman,opera.com,290700,9883800,0.36,long
1878,/videos/2020-02-01/bandas-chinaman-long.mp4,34,bandas-chinaman,skype.com,549582,18685788,0.19,long
1878,/videos/2020-02-01/bandas-chinaman-long.mp4,34,bandas-chinaman,yale.edu,1497,50898,0.39,long
1812,/root/bucket2/dimethylhydrazines-quicksilver-short.mp4,22,dimethylhydrazines-quicksilver,blog.com,1498,32956,0.41,short
1812,/root/bucket2/dimethylhydrazines-quicksilver-short.mp4,22,dimethylhydrazines-quicksilver,unknown,1504,33088,0.11,short
1812,/root/bucket2/dimethylhydrazines-quicksilver-short.mp4,22,dimethylhydrazines-quicksilver,state.gov,455461,10020142,0.18,short
1812,/root/bucket2/dimethylhydrazines-quicksilver-short.mp4,22,dimethylhydrazines-quicksilver,loc.gov,749997,16499934,0.27,short
1812,/root/bucket2/dimethylhydrazines-quicksilver-short.mp4,22,dimethylhydrazines-quicksilver,yale.edu,1501,33022,0.11,short
1225,/root/bucket2/dimethylhydrazines-quicksilver-long.mp4,32,dimethylhydrazines-quicksilver,fc2.com,45629,1460128,0.31,long
1225,/root/bucket2/dimethylhydrazines-quicksilver-long.mp4,32,dimethylhydrazines-quicksilver,state.gov,378250,12104000,0.27,long
1225,/root/bucket2/dimethylhydrazines-quicksilver-long.mp4,32,dimethylhydrazines-quicksilver,goo.ne.jp,943388,30188416,0.26,long
1225,/root/bucket2/dimethylhydrazines-quicksilver-long.mp4,32,dimethylhydrazines-quicksilver,epa.gov,399130,12772160,0.18,long
1225,/root/bucket2/dimethylhydrazines-quicksilver-long.mp4,32,dimethylhydrazines-quicksilver,unknown,2003,64096,0.24,long
1225,/root/bucket2/dimethylhydrazines-quicksilver-long.mp4,32,dimethylhydrazines-quicksilver,yale.edu,1500,48000,0.31,long
1355,/root/bucket4/nonathlete-overtreated-short.mp4,29,nonathlete-overtreated,yale.edu,1501,43529,0.33,short
1355,/root/bucket4/nonathlete-overtreated-short.mp4,29,nonathlete-overtreated,auda.org.au,557282,16161178,0.3,short
910,/root/bucket3/nonathlete-overtreated-long.mp4,35,nonathlete-overtreated,washington.edu,347386,12158510,0.13,long
910,/root/bucket3/nonathlete-overtreated-long.mp4,35,nonathlete-overtreated,free13runpool.com,586216,20517560,0.15,long
910,/root/bucket3/nonathlete-overtreated-long.mp4,35,nonathlete-overtreated,foxnews.com,605922,21207270,0.19,long
1897,/videos/2020-02-01/fallfish-stripiness-short.mp4,6,fallfish-stripiness,wp.com,216091,1296546,0.36,short
1897,/videos/2020-02-01/fallfish-stripiness-short.mp4,6,fallfish-stripiness,twitter.com,915899,5495394,0.33,short
692,/root/bucket5/fallfish-stripiness-long.mp4,27,fallfish-stripiness,cnet.com,947362,25578774,0.22,long
692,/root/bucket5/fallfish-stripiness-long.mp4,27,fallfish-stripiness,unknown,1507,40689,0.25,long
692,/root/bucket5/fallfish-stripiness-long.mp4,27,fallfish-stripiness,skype.com,347240,9375480,0.34,long
1244,/videos/2020-02-04/smalminess-shisos-short.mp4,12,smalminess-shisos,unknown,1507,18084,0.26,short
1244,/videos/2020-02-04/smalminess-shisos-short.mp4,12,smalminess-shisos,macromedia.com,59905,718860,0.32,short
1244,/videos/2020-02-04/smalminess-shisos-short.mp4,12,smalminess-shisos,google.fr,824323,9891876,0.47,short
1244,/videos/2020-02-04/smalminess-shisos-short.mp4,12,smalminess-shisos,storify.com,64047,768564,0.19,short
1156,/media/smalminess-shisos-long.mp4,53,smalminess-shisos,istockphoto.com,534946,28352138,0.48,long
1156,/media/smalminess-shisos-long.mp4,53,smalminess-shisos,unknown,2000,106000,0.3,long
1156,/media/smalminess-shisos-long.mp4,53,smalminess-shisos,unknown,857264,45434992,0.32,long
1156,/media/smalminess-shisos-long.mp4,53,smalminess-shisos,unknown,1512,80136,0.2,long
1156,/media/smalminess-shisos-long.mp4,53,smalminess-shisos,ebay.co.uk,1502,79606,0.35,long
1429,/root/bucket3/relieved-utilitarianized-short.mp4,12,relieved-utilitarianized,unknown,745724,8948688,0.35,short
1429,/root/bucket3/relieved-utilitarianized-short.mp4,12,relieved-utilitarianized,earthlink.net,244419,2933028,0.14,short
1429,/root/bucket3/relieved-utilitarianized-short.mp4,12,relieved-utilitarianized,g.co,775588,9307056,0.13,short
1429,/root/bucket3/relieved-utilitarianized-short.mp4,12,relieved-utilitarianized,unknown,1508,18096,0.28,short
511,/media/relieved-utilitarianized-long.mp4,42,relieved-utilitarianized,google.fr,879851,36953742,0.19,long
511,/media/relieved-utilitarianized-long.mp4,42,relieved-utilitarianized,exblog.jp,519072,21801024,0.35,long
511,/media/relieved-utilitarianized-long.mp4,42,relieved-utilitarianized,drupal.org,862476,36223992,0.49,long
511,/media/relieved-utilitarianized-long.mp4,42,relieved-utilitarianized,icio.us,368990,15497580,0.31,long
450,/media/mathematician-beekeepers-short.mp4,30,mathematician-beekeepers,purevolume.com,810847,24325410,0.29,short
450,/media/mathematician-beekeepers-short.mp4,30,mathematician-beekeepers,unknown,717839,21535170,0.47,short
450,/media/mathematician-beekeepers-short.mp4,30,mathematician-beekeepers,unknown,191252,5737560,0.1,short
450,/media/mathematician-beekeepers-short.mp4,30,mathematician-beekeepers,ebay.co.uk,1500,45000,0.18,short
836,/root/bucket1/mathematician-beekeepers-long.mp4,34,mathematician-beekeepers,unknown,768282,26121588,0.33,long
836,/root/bucket1/mathematician-beekeepers-long.mp4,34,mathematician-beekeepers,comsenz.com,7797,265098,0.44,long
836,/root/bucket1/mathematician-beekeepers-long.mp4,34,mathematician-beekeepers,skype.com,437712,14882208,0.43,long
71,/media/babouche-footwears-short.mp4,14,babouche-footwears,ebay.co.uk,1503,21042,0.17,short
71,/media/babouche-footwears-short.mp4,14,babouche-footwears,sciencedaily.com,368871,5164194,0.26,short
71,/media/babouche-footwears-short.mp4,14,babouche-footwears,creativecommons.org,265344,3714816,0.24,short
71,/media/babouche-footwears-short.mp4,14,babouche-footwears,prnewswire.com,900910,12612740,0.42,short
71,/media/babouche-footwears-short.mp4,14,babouche-footwears,blog.com,1498,20972,0.28,short
71,/media/babouche-footwears-short.mp4,14,babouche-footwears,yale.edu,1502,21028,0.24,short
431,/root/bucket1/guanazolos-suburbanized-short.mp4,23,guanazolos-suburbanized,yale.edu,658721,15150583,0.32,short
431,/root/bucket1/guanazolos-suburbanized-short.mp4,23,guanazolos-suburbanized,unknown,1504,34592,0.38,short
431,/root/bucket1/guanazolos-suburbanized-short.mp4,23,guanazolos-suburbanized,yale.edu,1500,34500,0.11,short
1925,/root/bucket4/guanazolos-suburbanized-long.mp4,30,guanazolos-suburbanized,exblog.jp,211902,6357060,0.21,long
1925,/root/bucket4/guanazolos-suburbanized-long.mp4,30,guanazolos-suburbanized,blog.com,1505,45150,0.5,long
1925,/root/bucket4/guanazolos-suburbanized-long.mp4,30,guanazolos-suburbanized,auda.org.au,24988,749640,0.2,long
1925,/root/bucket4/guanazolos-suburbanized-long.mp4,30,guanazolos-suburbanized,amazon.com,959597,28787910,0.37,long
1925,/root/bucket4/guanazolos-suburbanized-long.mp4,30,guanazolos-suburbanized,earthlink.net,597746,17932380,0.32,long
1925,/root/bucket4/guanazolos-suburbanized-long.mp4,30,guanazolos-suburbanized,yale.edu,1504,45120,0.46,long
1905,/media/remanences-croquignole-short.mp4,11,remanences-croquignole,amazon.com,370259,4072849,0.47,short
1905,/media/remanences-croquignole-short.mp4,11,remanences-croquignole,unknown,379510,4174610,0.1,short
154,/media/remanences-croquignole-long.mp4,30,remanences-croquignole,opera.com,561651,16849530,0.46,long
154,/media/remanences-croquignole-long.mp4,30,remanences-croquignole,wp.com,693325,20799750,0.18,long
154,/media/remanences-croquignole-long.mp4,30,remanences-croquignole,yale.edu,186904,5607120,0.15,long
154,/media/remanences-croquignole-long.mp4,30,remanences-croquignole,unknown,1999,59970,0.29,long
154,/media/remanences-croquignole-long.mp4,30,remanences-croquignole,blog.com,1499,44970,0.22,long
154,/media/remanences-croquignole-long.mp4,30,remanences-croquignole,zdnet.com,816979,24509370,0.3,long
831,/media/triggering-lassitude-short.mp4,10,triggering-lassitude,yale.edu,1496,14960,0.42,short
1490,/media/triggering-lassitude-long.mp4,37,triggering-lassitude,blog.com,1500,55500,0.19,long
1490,/media/triggering-lassitude-long.mp4,37,triggering-lassitude,google.fr,859382,31797134,0.44,long
1490,/media/triggering-lassitude-long.mp4,37,triggering-lassitude,slate.com,492272,18214064,0.34,long
1490,/media/triggering-lassitude-long.mp4,37,triggering-lassitude,ebay.co.uk,1501,55537,0.14,long
671,/videos/2020-02-04/henges-thatness-short.mp4,8,henges-thatness,zdnet.com,652341,5218728,0.17,short
671,/videos/2020-02-04/henges-thatness-short.mp4,8,henges-thatness,ebay.co.uk,1499,11992,0.28,short
1850,/root/bucket3/henges-thatness-long.mp4,57,henges-thatness,yale.edu,812389,46306173,0.49,long
1850,/root/bucket3/henges-thatness-long.mp4,57,henges-thatness,yale.edu,1504,85728,0.26,long
1850,/root/bucket3/henges-thatness-long.mp4,57,henges-thatness,flavors.me,618136,35233752,0.29,long
1133,/root/bucket1/bigfoots-epispore-short.mp4,17,bigfoots-epispore,auda.org.au,438370,7452290,0.17,short
1133,/root/bucket1/bigfoots-epispore-short.mp4,17,bigfoots-epispore,macromedia.com,359142,6105414,0.49,short
58,/videos/2020-02-01/bigfoots-epispore-long.mp4,38,bigfoots-epispore,unknown,1512,57456,0.23,long
58,/videos/2020-02-01/bigfoots-epispore-long.mp4,38,bigfoots-epispore,moonfruit.com,414092,15735496,0.4,long
58,/videos/2020-02-01/bigfoots-epispore-long.mp4,38,bigfoots-epispore,blog.com,1503,57114,0.21,long
58,/videos/2020-02-01/bigfoots-epispore-long.mp4,38,bigfoots-epispore,yale.edu,1500,57000,0.42,long
498,/videos/2020-02-02/forlana-demivolte-short.mp4,19,forlana-demivolte,g.co,626344,11900536,0.22,short
498,/videos/2020-02-02/forlana-demivolte-short.mp4,19,forlana-demivolte,unknown,2002,38038,0.43,short
498,/videos/2020-02-02/forlana-demivolte-short.mp4,19,forlana-demivolte,yale.edu,1503,28557,0.22,short
498,/videos/2020-02-02/forlana-demivolte-short.mp4,19,forlana-demivolte,blog.com,1498,28462,0.42,short
26,/root/bucket5/forlana-demivolte-long.mp4,39,forlana-demivolte,exblog.jp,396754,15473406,0.26,long
26,/root/bucket5/forlana-demivolte-long.mp4,39,forlana-demivolte,yale.edu,1505,58695,0.13,long
26,/root/bucket5/forlana-demivolte-long.mp4,39,forlana-demivolte,state.gov,33819,1318941,0.2,long
477,/videos/2020-02-04/cystitides-protoxids-short.mp4,29,cystitides-protoxids,thetimes.co.uk,385428,11177412,0.37,short
929,/root/bucket5/cystitides-protoxids-long.mp4,42,cystitides-protoxids,jigsy.com,977222,41043324,0.28,long
1493,/videos/2020-02-03/employing-batsman-short.mp4,30,employing-batsman,dedecms.com,791175,23735250,0.31,short
1493,/videos/2020-02-03/employing-batsman-short.mp4,30,employing-batsman,unknown,715535,21466050,0.17,short
1493,/videos/2020-02-03/employing-batsman-short.mp4,30,employing-batsman,blog.com,1497,44910,0.25,short
1493,/videos/2020-02-03/employing-batsman-short.mp4,30,employing-batsman,yale.edu,1502,45060,0.46,short
1493,/videos/2020-02-03/employing-batsman-short.mp4,30,employing-batsman,yale.edu,1501,45030,0.41,short
1493,/videos/2020-02-03/employing-batsman-short.mp4,30,employing-batsman,scribd.com,458341,13750230,0.13,short
1499,/root/bucket1/employing-batsman-long.mp4,54,employing-batsman,comcast.net,812109,43853886,0.45,long
612,/videos/2020-02-04/sesquiplicate-canalizations-short.mp4,28,sesquiplicate-canalizations,scribd.com,709932,19878096,0.37,short
612,/videos/2020-02-04/sesquiplicate-canalizations-short.mp4,28,sesquiplicate-canalizations,prnewswire.com,455200,12745600,0.34,short
380,/root/bucket5/sesquiplicate-canalizations-long.mp4,41,sesquiplicate-canalizations,ebay.co.uk,1495,61295,0.49,long
380,/root/bucket5/sesquiplicate-canalizations-long.mp4,41,sesquiplicate-canalizations,blog.com,1500,61500,0.23,long
380,/root/bucket5/sesquiplicate-canalizations-long.mp4,41,sesquiplicate-canalizations,blog.com,1501,61541,0.39,long
380,/root/bucket5/sesquiplicate-canalizations-long.mp4,41,sesquiplicate-canalizations,yale.edu,1498,61418,0.46,long
952,/videos/2020-02-04/midsts-ambulatorily-short.mp4,8,midsts-ambulatorily,wufoo.com,932157,7457256,0.18,short
952,/videos/2020-02-04/midsts-ambulatorily-short.mp4,8,midsts-ambulatorily,seattletimes.com,521711,4173688,0.34,short
859,/media/midsts-ambulatorily-long.mp4,37,midsts-ambulatorily,webs.com,413108,15284996,0.25,long
859,/media/midsts-ambulatorily-long.mp4,37,midsts-ambulatorily,angelfire.com,727441,26915317,0.12,long
1757,/root/bucket4/bellocked-adorably-short.mp4,14,bellocked-adorably,yale.edu,1494,20916,0.24,short
1757,/root/bucket4/bellocked-adorably-short.mp4,14,bellocked-adorably,bravesites.com,997663,13967282,0.41,short
373,/root/bucket2/bellocked-adorably-long.mp4,57,bellocked-adorably,bbb.org,437739,24951123,0.22,long
373,/root/bucket2/bellocked-adorably-long.mp4,57,bellocked-adorably,dailymotion.com,216757,12355149,0.26,long
373,/root/bucket2/bellocked-adorably-long.mp4,57,bellocked-adorably,unknown,1500,85500,0.29,long
373,/root/bucket2/bellocked-adorably-long.mp4,57,bellocked-adorably,flavors.me,598029,34087653,0.48,long
1960,/videos/2020-02-01/aviatrixes-unheededly-short.mp4,10,aviatrixes-unheededly,g.co,422958,4229580,0.46,short
1960,/videos/2020-02-01/aviatrixes-unheededly-short.mp4,10,aviatrixes-unheededly,ustream.tv,462924,4629240,0.47,short
1960,/videos/2020-02-01/aviatrixes-unheededly-short.mp4,10,aviatrixes-unheededly,shareasale.com,362908,3629080,0.29,short
1960,/videos/2020-02-01/aviatrixes-unheededly-short.mp4,10,aviatrixes-unheededly,unknown,765255,7652550,0.45,short
1960,/videos/2020-02-01/aviatrixes-unheededly-short.mp4,10,aviatrixes-unheededly,zdnet.com,396113,3961130,0.46,short
272,/videos/2020-02-04/aviatrixes-unheededly-long.mp4,41,aviatrixes-unheededly,unknown,2001,82041,0.49,long
272,/videos/2020-02-04/aviatrixes-unheededly-long.mp4,41,aviatrixes-unheededly,ocn.ne.jp,725665,29752265,0.26,long
1503,/videos/2020-02-04/ridglings-windsock-short.mp4,12,ridglings-windsock,yolasite.com,613806,7365672,0.46,short
1503,/videos/2020-02-04/ridglings-windsock-short.mp4,12,ridglings-windsock,opera.com,681586,8179032,0.28,short
1503,/videos/2020-02-04/ridglings-windsock-short.mp4,12,ridglings-windsock,unknown,877701,10532412,0.22,short
1503,/videos/2020-02-04/ridglings-windsock-short.mp4,12,ridglings-windsock,storify.com,700595,8407140,0.2,short
720,/media/ridglings-windsock-long.mp4,47,ridglings-windsock,unknown,1507,70829,0.49,long
720,/media/ridglings-windsock-long.mp4,47,ridglings-windsock,yale.edu,1501,70547,0.32,long
720,/media/ridglings-windsock-long.mp4,47,ridglings-windsock,istockphoto.com,41773,1963331,0.44,long
963,/videos/2020-02-01/treponemal-reseau-short.mp4,24,treponemal-reseau,java.com,922333,22135992,0.29,short
963,/videos/2020-02-01/treponemal-reseau-short.mp4,24,treponemal-reseau,yale.edu,1497,35928,0.28,short
963,/videos/2020-02-01/treponemal-reseau-short.mp4,24,treponemal-reseau,blog.com,1500,36000,0.22,short
963,/videos/2020-02-01/treponemal-reseau-short.mp4,24,treponemal-reseau,discovery.com,177267,4254408,0.27,short
170,/videos/2020-02-02/treponemal-reseau-long.mp4,33,treponemal-reseau,ebay.co.uk,1497,49401,0.29,long
170,/videos/2020-02-02/treponemal-reseau-long.mp4,33,treponemal-reseau,studiopress.com,480718,15863694,0.3,long
170,/videos/2020-02-02/treponemal-reseau-long.mp4,33,treponemal-reseau,unknown,2002,66066,0.41,long
170,/videos/2020-02-02/treponemal-reseau-long.mp4,33,treponemal-reseau,unknown,640925,21150525,0.2,long
170,/videos/2020-02-02/treponemal-reseau-long.mp4,33,treponemal-reseau,unknown,1510,49830,0.31,long
1031,/root/bucket5/postvasectomy-lubrical-short.mp4,21,postvasectomy-lubrical,bravesites.com,30948,649908,0.23,short
1031,/root/bucket5/postvasectomy-lubrical-short.mp4,21,postvasectomy-lubrical,ebay.co.uk,1501,31521,0.23,short
1031,/root/bucket5/postvasectomy-lubrical-short.mp4,21,postvasectomy-lubrical,unknown,1511,31731,0.49,short
1031,/root/bucket5/postvasectomy-lubrical-short.mp4,21,postvasectomy-lubrical,icio.us,808840,16985640,0.3,short
1031,/root/bucket5/postvasectomy-lubrical-short.mp4,21,postvasectomy-lubrical,github.com,111278,2336838,0.19,short
1584,/videos/2020-02-01/postvasectomy-lubrical-long.mp4,56,postvasectomy-lubrical,usnews.com,370901,20770456,0.22,long
1584,/videos/2020-02-01/postvasectomy-lubrical-long.mp4,56,postvasectomy-lubrical,topsy.com,599939,33596584,0.11,long
1584,/videos/2020-02-01/postvasectomy-lubrical-long.mp4,56,postvasectomy-lubrical,moonfruit.com,997504,55860224,0.45,long
1584,/videos/2020-02-01/postvasectomy-lubrical-long.mp4,56,postvasectomy-lubrical,unknown,1995,111720,0.17,long
1584,/videos/2020-02-01/postvasectomy-lubrical-long.mp4,56,postvasectomy-lubrical,macromedia.com,421930,23628080,0.38,long
1584,/videos/2020-02-01/postvasectomy-lubrical-long.mp4,56,postvasectomy-lubrical,harvard.edu,138823,7774088,0.45,long
1584,/videos/2020-02-01/postvasectomy-lubrical-long.mp4,56,postvasectomy-lubrical,storify.com,479560,26855360,0.42,long
1357,/videos/2020-02-02/manatu-semillon-long.mp4,26,manatu-semillon,purevolume.com,131398,3416348,0.22,long
1357,/videos/2020-02-02/manatu-semillon-long.mp4,26,manatu-semillon,meetup.com,570182,14824732,0.13,long
1357,/videos/2020-02-02/manatu-semillon-long.mp4,26,manatu-semillon,de.vu,90443,2351518,0.38,long
1975,/root/bucket5/checkroom-graffiting-short.mp4,21,checkroom-graffiting,yale.edu,1503,31563,0.43,short
1975,/root/bucket5/checkroom-graffiting-short.mp4,21,checkroom-graffiting,g.co,231004,4851084,0.44,short
1975,/root/bucket5/checkroom-graffiting-short.mp4,21,checkroom-graffiting,icio.us,687158,14430318,0.23,short
1831,/root/bucket5/checkroom-graffiting-long.mp4,48,checkroom-graffiting,mail.ru,742422,35636256,0.29,long
1831,/root/bucket5/checkroom-graffiting-long.mp4,48,checkroom-graffiting,drupal.org,834623,40061904,0.15,long
1831,/root/bucket5/checkroom-graffiting-long.mp4,48,checkroom-graffiting,ebay.co.uk,1496,71808,0.45,long
1831,/root/bucket5/checkroom-graffiting-long.mp4,48,checkroom-graffiting,delicious.com,90714,4354272,0.41,long
1831,/root/bucket5/checkroom-graffiting-long.mp4,48,checkroom-graffiting,harvard.edu,856785,41125680,0.46,long
174,/root/bucket1/weisenheimer-paronymic-short.mp4,23,weisenheimer-paronymic,unknown,1507,34661,0.15,short
174,/root/bucket1/weisenheimer-paronymic-short.mp4,23,weisenheimer-paronymic,blog.com,1495,34385,0.36,short
174,/root/bucket1/weisenheimer-paronymic-short.mp4,23,weisenheimer-paronymic,yandex.ru,159527,3669121,0.31,short
192,/root/bucket5/weisenheimer-paronymic-long.mp4,54,weisenheimer-paronymic,blogtalkradio.com,101083,5458482,0.29,long
192,/root/bucket5/weisenheimer-paronymic-long.mp4,54,weisenheimer-paronymic,prnewswire.com,3537,190998,0.13,long
554,/root/bucket3/greenbackism-wheelbarrowing-short.mp4,5,greenbackism-wheelbarrowing,blog.com,1499,7495,0.39,short
554,/root/bucket3/greenbackism-wheelbarrowing-short.mp4,5,greenbackism-wheelbarrowing,dion.ne.jp,987784,4938920,0.3,short
554,/root/bucket3/greenbackism-wheelbarrowing-short.mp4,5,greenbackism-wheelbarrowing,unknown,485614,2428070,0.48,short
554,/root/bucket3/greenbackism-wheelbarrowing-short.mp4,5,greenbackism-wheelbarrowing,foxnews.com,775324,3876620,0.16,short
554,/root/bucket3/greenbackism-wheelbarrowing-short.mp4,5,greenbackism-wheelbarrowing,netvibes.com,58837,294185,0.28,short
319,/root/bucket3/moldier-subtilizations-long.mp4,51,moldier-subtilizations,unknown,1996,101796,0.39,long
319,/root/bucket3/moldier-subtilizations-long.mp4,51,moldier-subtilizations,blog.com,1507,76857,0.23,long
319,/root/bucket3/moldier-subtilizations-long.mp4,51,moldier-subtilizations,unknown,1508,76908,0.14,long
319,/root/bucket3/moldier-subtilizations-long.mp4,51,moldier-subtilizations,macromedia.com,510790,26050290,0.13,long
319,/root/bucket3/moldier-subtilizations-long.mp4,51,moldier-subtilizations,bbb.org,1090,55590,0.47,long
856,/videos/2020-02-01/refutal-heterocyclics-short.mp4,29,refutal-heterocyclics,yale.edu,1506,43674,0.28,short
856,/videos/2020-02-01/refutal-heterocyclics-short.mp4,29,refutal-heterocyclics,unknown,2003,58087,0.26,short
856,/videos/2020-02-01/refutal-heterocyclics-short.mp4,29,refutal-heterocyclics,hhs.gov,559028,16211812,0.13,short
856,/videos/2020-02-01/refutal-heterocyclics-short.mp4,29,refutal-heterocyclics,icio.us,481615,13966835,0.47,short
856,/videos/2020-02-01/refutal-heterocyclics-short.mp4,29,refutal-heterocyclics,yale.edu,1501,43529,0.43,short
312,/videos/2020-02-03/refutal-heterocyclics-long.mp4,39,refutal-heterocyclics,unknown,171273,6679647,0.47,long
312,/videos/2020-02-03/refutal-heterocyclics-long.mp4,39,refutal-heterocyclics,yale.edu,1496,58344,0.35,long
1006,/videos/2020-02-04/nonreproductive-ravines-short.mp4,13,nonreproductive-ravines,ebay.co.uk,1502,19526,0.13,short
1006,/videos/2020-02-04/nonreproductive-ravines-short.mp4,13,nonreproductive-ravines,scribd.com,193418,2514434,0.29,short
1006,/videos/2020-02-04/nonreproductive-ravines-short.mp4,13,nonreproductive-ravines,blog.com,1499,19487,0.4,short
1006,/videos/2020-02-04/nonreproductive-ravines-short.mp4,13,nonreproductive-ravines,archive.org,683235,8882055,0.1,short
1006,/videos/2020-02-04/nonreproductive-ravines-short.mp4,13,nonreproductive-ravines,spotify.com,437691,5689983,0.21,short
1006,/videos/2020-02-04/nonreproductive-ravines-short.mp4,13,nonreproductive-ravines,creativecommons.org,600105,7801365,0.22,short
1202,/media/nonreproductive-ravines-long.mp4,52,nonreproductive-ravines,zdnet.com,804891,41854332,0.34,long
1202,/media/nonreproductive-ravines-long.mp4,52,nonreproductive-ravines,unknown,163740,8514480,0.46,long
1202,/media/nonreproductive-ravines-long.mp4,52,nonreproductive-ravines,unknown,762573,39653796,0.12,long
1202,/media/nonreproductive-ravines-long.mp4,52,nonreproductive-ravines,livejournal.com,663530,34503560,0.5,long
1202,/media/nonreproductive-ravines-long.mp4,52,nonreproductive-ravines,ebay.co.uk,1500,78000,0.48,long
1202,/media/nonreproductive-ravines-long.mp4,52,nonreproductive-ravines,yale.edu,1498,77896,0.48,long
230,/root/bucket5/applies-aerobic-short.mp4,21,applies-aerobic,unknown,2004,42084,0.38,short
230,/root/bucket5/applies-aerobic-short.mp4,21,applies-aerobic,multiply.com,815805,17131905,0.37,short
230,/root/bucket5/applies-aerobic-short.mp4,21,applies-aerobic,unknown,1515,31815,0.49,short
230,/root/bucket5/applies-aerobic-short.mp4,21,applies-aerobic,slate.com,907641,19060461,0.21,short
230,/root/bucket5/applies-aerobic-short.mp4,21,applies-aerobic,unknown,2004,42084,0.23,short
230,/root/bucket5/applies-aerobic-short.mp4,21,applies-aerobic,unknown,1509,31689,0.23,short
1419,/root/bucket4/applies-aerobic-long.mp4,56,applies-aerobic,ebay.co.uk,1503,84168,0.44,long
650,/root/bucket2/semitone-nonmobile-short.mp4,14,semitone-nonmobile,usnews.com,940247,13163458,0.33,short
650,/root/bucket2/semitone-nonmobile-short.mp4,14,semitone-nonmobile,unknown,934658,13085212,0.34,short
650,/root/bucket2/semitone-nonmobile-short.mp4,14,semitone-nonmobile,unknown,983552,13769728,0.29,short
1302,/root/bucket4/semitone-nonmobile-long.mp4,40,semitone-nonmobile,utexas.edu,656508,26260320,0.27,long
1302,/root/bucket4/semitone-nonmobile-long.mp4,40,semitone-nonmobile,spotify.com,640115,25604600,0.36,long
1302,/root/bucket4/semitone-nonmobile-long.mp4,40,semitone-nonmobile,yale.edu,1498,59920,0.34,long
1302,/root/bucket4/semitone-nonmobile-long.mp4,40,semitone-nonmobile,unknown,1509,60360,0.25,long
750,/root/bucket1/ecstasising-zootechnical-short.mp4,6,ecstasising-zootechnical,netvibes.com,541711,3250266,0.13,short
750,/root/bucket1/ecstasising-zootechnical-short.mp4,6,ecstasising-zootechnical,unicef.org,562684,3376104,0.44,short
750,/root/bucket1/ecstasising-zootechnical-short.mp4,6,ecstasising-zootechnical,unknown,461438,2768628,0.23,short
306,/root/bucket1/ecstasising-zootechnical-long.mp4,42,ecstasising-zootechnical,unknown,1510,63420,0.47,long
281,/root/bucket4/tabu-lunchrooms-short.mp4,15,tabu-lunchrooms,unknown,605675,9085125,0.23,short
281,/root/bucket4/tabu-lunchrooms-short.mp4,15,tabu-lunchrooms,redcross.org,964577,14468655,0.39,short
281,/root/bucket4/tabu-lunchrooms-short.mp4,15,tabu-lunchrooms,ebay.co.uk,1502,22530,0.17,short
281,/root/bucket4/tabu-lunchrooms-short.mp4,15,tabu-lunchrooms,yale.edu,1499,22485,0.37,short
281,/root/bucket4/tabu-lunchrooms-short.mp4,15,tabu-lunchrooms,unknown,925670,13885050,0.2,short
1195,/videos/2020-02-01/tabu-lunchrooms-long.mp4,51,tabu-lunchrooms,about.com,357421,18228471,0.47,long
20,/root/bucket1/county-postpuberty-short.mp4,22,county-postpuberty,unknown,1998,43956,0.31,short
20,/root/bucket1/county-postpuberty-short.mp4,22,county-postpuberty,unknown,976226,21476972,0.29,short
20,/root/bucket1/county-postpuberty-short.mp4,22,county-postpuberty,spotify.com,402401,8852822,0.1,short
20,/root/bucket1/county-postpuberty-short.mp4,22,county-postpuberty,reddit.com,271297,5968534,0.12,short
20,/root/bucket1/county-postpuberty-short.mp4,22,county-postpuberty,unknown,2006,44132,0.2,short
1791,/media/county-postpuberty-long.mp4,42,county-postpuberty,unknown,485581,20394402,0.46,long
1791,/media/county-postpuberty-long.mp4,42,county-postpuberty,utexas.edu,332500,13965000,0.2,long
1791,/media/county-postpuberty-long.mp4,42,county-postpuberty,unknown,2000,84000,0.11,long
1791,/media/county-postpuberty-long.mp4,42,county-postpuberty,unknown,2000,84000,0.46,long
1492,/root/bucket1/knelled-hamada-short.mp4,24,knelled-hamada,blogtalkradio.com,890741,21377784,0.27,short
1492,/root/bucket1/knelled-hamada-short.mp4,24,knelled-hamada,unknown,1509,36216,0.33,short
1492,/root/bucket1/knelled-hamada-short.mp4,24,knelled-hamada,chron.com,26015,624360,0.37,short
846,/videos/2020-02-03/knelled-hamada-long.mp4,27,knelled-hamada,flavors.me,623971,16847217,0.27,long
1577,/root/bucket4/pyloruses-retested-short.mp4,20,pyloruses-retested,unknown,1514,30280,0.28,short
1177,/videos/2020-02-03/pyloruses-retested-long.mp4,48,pyloruses-retested,unknown,305963,14686224,0.46,long
1177,/videos/2020-02-03/pyloruses-retested-long.mp4,48,pyloruses-retested,blog.com,1496,71808,0.14,long
1177,/videos/2020-02-03/pyloruses-retested-long.mp4,48,pyloruses-retested,ebay.co.uk,1499,71952,0.25,long
1974,/videos/2020-02-02/spumone-mistrusting-short.mp4,11,spumone-mistrusting,patch.com,740601,8146611,0.11,short
1974,/videos/2020-02-02/spumone-mistrusting-short.mp4,11,spumone-mistrusting,discovery.com,193995,2133945,0.13,short
1974,/videos/2020-02-02/spumone-mistrusting-short.mp4,11,spumone-mistrusting,blogs.com,559173,6150903,0.49,short
1974,/videos/2020-02-02/spumone-mistrusting-short.mp4,11,spumone-mistrusting,msu.edu,443640,4880040,0.37,short
1974,/videos/2020-02-02/spumone-mistrusting-short.mp4,11,spumone-mistrusting,goo.ne.jp,25931,285241,0.34,short
1659,/root/bucket4/spumone-mistrusting-long.mp4,30,spumone-mistrusting,free13runpool.com,865412,25962360,0.3,long
1659,/root/bucket4/spumone-mistrusting-long.mp4,30,spumone-mistrusting,nature.com,196263,5887890,0.18,long
1832,/videos/2020-02-04/accorders-rockery-short.mp4,27,accorders-rockery,blog.com,1502,40554,0.3,short
1832,/videos/2020-02-04/accorders-rockery-short.mp4,27,accorders-rockery,thetimes.co.uk,651126,17580402,0.31,short
1832,/videos/2020-02-04/accorders-rockery-short.mp4,27,accorders-rockery,ebay.co.uk,1504,40608,0.48,short
1832,/videos/2020-02-04/accorders-rockery-short.mp4,27,accorders-rockery,unknown,2001,54027,0.38,short
1832,/videos/2020-02-04/accorders-rockery-short.mp4,27,accorders-rockery,mayoclinic.com,403566,10896282,0.36,short
940,/root/bucket2/accorders-rockery-long.mp4,51,accorders-rockery,yale.edu,1499,76449,0.14,long
1814,/videos/2020-02-01/demodulator-justers-short.mp4,7,demodulator-justers,scribd.com,634120,4438840,0.19,short
1814,/videos/2020-02-01/demodulator-justers-short.mp4,7,demodulator-justers,ebay.co.uk,1500,10500,0.18,short
1814,/videos/2020-02-01/demodulator-justers-short.mp4,7,demodulator-justers,bbb.org,735397,5147779,0.22,short
1962,/root/bucket1/demodulator-justers-long.mp4,38,demodulator-justers,unknown,582163,22122194,0.16,long
1962,/root/bucket1/demodulator-justers-long.mp4,38,demodulator-justers,unicef.org,955454,36307252,0.39,long
1962,/root/bucket1/demodulator-justers-long.mp4,38,demodulator-justers,webs.com,84055,3194090,0.43,long
1962,/root/bucket1/demodulator-justers-long.mp4,38,demodulator-justers,unknown,542109,20600142,0.5,long
1962,/root/bucket1/demodulator-justers-long.mp4,38,demodulator-justers,unknown,2001,76038,0.17,long
1962,/root/bucket1/demodulator-justers-long.mp4,38,demodulator-justers,yale.edu,1503,57114,0.29,long
49,/root/bucket5/brawer-utterableness-short.mp4,25,brawer-utterableness,blog.com,1503,37575,0.24,short
49,/root/bucket5/brawer-utterableness-short.mp4,25,brawer-utterableness,joomla.org,283821,7095525,0.19,short
1856,/root/bucket1/brawer-utterableness-long.mp4,28,brawer-utterableness,issuu.com,468546,13119288,0.34,long
1856,/root/bucket1/brawer-utterableness-long.mp4,28,brawer-utterableness,yale.edu,1498,41944,0.31,long
1012,/videos/2020-02-03/effortlessnesses-deaminizing-short.mp4,12,effortlessnesses-deaminizing,blog.com,1499,17988,0.31,short
1012,/videos/2020-02-03/effortlessnesses-deaminizing-short.mp4,12,effortlessnesses-deaminizing,seattletimes.com,266228,3194736,0.31,short
1483,/root/bucket2/effortlessnesses-deaminizing-long.mp4,50,effortlessnesses-deaminizing,ebay.co.uk,1501,75050,0.46,long
1483,/root/bucket2/effortlessnesses-deaminizing-long.mp4,50,effortlessnesses-deaminizing,unknown,133290,6664500,0.46,long
1483,/root/bucket2/effortlessnesses-deaminizing-long.mp4,50,effortlessnesses-deaminizing,about.com,681921,34096050,0.31,long
1826,/videos/2020-02-04/qins-outquotes-short.mp4,23,qins-outquotes,unknown,2001,46023,0.32,short
1826,/videos/2020-02-04/qins-outquotes-short.mp4,23,qins-outquotes,msu.edu,554434,12751982,0.4,short
1826,/videos/2020-02-04/qins-outquotes-short.mp4,23,qins-outquotes,unknown,601978,13845494,0.24,short
1826,/videos/2020-02-04/qins-outquotes-short.mp4,23,qins-outquotes,unknown,2004,46092,0.33,short
1826,/videos/2020-02-04/qins-outquotes-short.mp4,23,qins-outquotes,unknown,197840,4550320,0.17,short
473,/videos/2020-02-03/qins-outquotes-long.mp4,30,qins-outquotes,dion.ne.jp,544511,16335330,0.26,long
473,/videos/2020-02-03/qins-outquotes-long.mp4,30,qins-outquotes,mail.ru,280121,8403630,0.1,long
473,/videos/2020-02-03/qins-outquotes-long.mp4,30,qins-outquotes,simplemachines.org,403604,12108120,0.46,long
473,/videos/2020-02-03/qins-outquotes-long.mp4,30,qins-outquotes,thetimes.co.uk,596721,17901630,0.16,long
37,/root/bucket4/miniaturizes-beacon-short.mp4,21,miniaturizes-beacon,techcrunch.com,545999,11465979,0.49,short
37,/root/bucket4/miniaturizes-beacon-short.mp4,21,miniaturizes-beacon,wufoo.com,349896,7347816,0.44,short
336,/videos/2020-02-04/miniaturizes-beacon-long.mp4,44,miniaturizes-beacon,flavors.me,287538,12651672,0.41,long
336,/videos/2020-02-04/miniaturizes-beacon-long.mp4,44,miniaturizes-beacon,unknown,2003,88132,0.38,long
336,/videos/2020-02-04/miniaturizes-beacon-long.mp4,44,miniaturizes-beacon,unknown,329896,14515424,0.23,long
336,/videos/2020-02-04/miniaturizes-beacon-long.mp4,44,miniaturizes-beacon,cafepress.com,755032,33221408,0.25,long
336,/videos/2020-02-04/miniaturizes-beacon-long.mp4,44,miniaturizes-beacon,blog.com,1504,66176,0.21,long
993,/media/lumme-nonconducting-short.mp4,29,lumme-nonconducting,webs.com,128905,3738245,0.37,short
993,/media/lumme-nonconducting-short.mp4,29,lumme-nonconducting,java.com,890505,25824645,0.27,short
993,/media/lumme-nonconducting-short.mp4,29,lumme-nonconducting,csmonitor.com,678281,19670149,0.38,short
993,/media/lumme-nonconducting-short.mp4,29,lumme-nonconducting,unknown,1997,57913,0.26,short
993,/media/lumme-nonconducting-short.mp4,29,lumme-nonconducting,blog.com,1504,43616,0.23,short
993,/media/lumme-nonconducting-short.mp4,29,lumme-nonconducting,ebay.co.uk,1498,43442,0.3,short
133,/videos/2020-02-01/lumme-nonconducting-long.mp4,33,lumme-nonconducting,ebay.co.uk,1500,49500,0.24,long
133,/videos/2020-02-01/lumme-nonconducting-long.mp4,33,lumme-nonconducting,opera.com,255216,8422128,0.11,long
133,/videos/2020-02-01/lumme-nonconducting-long.mp4,33,lumme-nonconducting,scribd.com,74420,2455860,0.25,long
245,/root/bucket3/patrialize-seedless-short.mp4,18,patrialize-seedless,blog.com,1506,27108,0.27,short
245,/root/bucket3/patrialize-seedless-short.mp4,18,patrialize-seedless,unknown,1513,27234,0.23,short
245,/root/bucket3/patrialize-seedless-short.mp4,18,patrialize-seedless,github.com,835732,15043176,0.22,short
245,/root/bucket3/patrialize-seedless-short.mp4,18,patrialize-seedless,icio.us,940213,16923834,0.36,short
245,/root/bucket3/patrialize-seedless-short.mp4,18,patrialize-seedless,yale.edu,1498,26964,0.1,short
1308,/root/bucket1/patrialize-seedless-long.mp4,45,patrialize-seedless,skype.com,17265,776925,0.11,long
1308,/root/bucket1/patrialize-seedless-long.mp4,45,patrialize-seedless,moonfruit.com,669924,30146580,0.45,long
1308,/root/bucket1/patrialize-seedless-long.mp4,45,patrialize-seedless,reddit.com,359802,16191090,0.47,long
1398,/root/bucket2/medick-resocialised-short.mp4,18,medick-resocialised,shareasale.com,1658,29844,0.31,short
1398,/root/bucket2/medick-resocialised-short.mp4,18,medick-resocialised,ebay.co.uk,1498,26964,0.12,short
1398,/root/bucket2/medick-resocialised-short.mp4,18,medick-resocialised,seattletimes.com,381748,6871464,0.22,short
1112,/root/bucket3/medick-resocialised-long.mp4,52,medick-resocialised,goodreads.com,407210,21174920,0.28,long
1112,/root/bucket3/medick-resocialised-long.mp4,52,medick-resocialised,jigsy.com,187745,9762740,0.12,long
1222,/videos/2020-02-02/hypocist-chouse-short.mp4,13,hypocist-chouse,blog.com,1501,19513,0.1,short
1222,/videos/2020-02-02/hypocist-chouse-short.mp4,13,hypocist-chouse,unknown,545305,7088965,0.33,short
1222,/videos/2020-02-02/hypocist-chouse-short.mp4,13,hypocist-chouse,unknown,549963,7149519,0.26,short
1439,/root/bucket4/hypocist-chouse-long.mp4,40,hypocist-chouse,yale.edu,608665,24346600,0.23,long
1439,/root/bucket4/hypocist-chouse-long.mp4,40,hypocist-chouse,ocn.ne.jp,302719,12108760,0.27,long
1439,/root/bucket4/hypocist-chouse-long.mp4,40,hypocist-chouse,amazon.com,281379,11255160,0.49,long
1439,/root/bucket4/hypocist-chouse-long.mp4,40,hypocist-chouse,state.gov,432843,17313720,0.41,long
81,/videos/2020-02-02/singers-loerie-short.mp4,10,singers-loerie,yale.edu,1501,15010,0.28,short
81,/videos/2020-02-02/singers-loerie-short.mp4,10,singers-loerie,amazon.com,105370,1053700,0.11,short
81,/videos/2020-02-02/singers-loerie-short.mp4,10,singers-loerie,unknown,2003,20030,0.34,short
81,/videos/2020-02-02/singers-loerie-short.mp4,10,singers-loerie,artisteer.com,208912,2089120,0.36,short
1514,/videos/2020-02-02/singers-loerie-long.mp4,53,singers-loerie,unknown,577901,30628753,0.37,long
1514,/videos/2020-02-02/singers-loerie-long.mp4,53,singers-loerie,prnewswire.com,80440,4263320,0.13,long
1514,/videos/2020-02-02/singers-loerie-long.mp4,53,singers-loerie,icio.us,981868,52039004,0.34,long
1041,/videos/2020-02-03/constructure-metaplastic-short.mp4,7,constructure-metaplastic,shinystat.com,545178,3816246,0.4,short
1041,/videos/2020-02-03/constructure-metaplastic-short.mp4,7,constructure-metaplastic,blog.com,1496,10472,0.43,short
1041,/videos/2020-02-03/constructure-metaplastic-short.mp4,7,constructure-metaplastic,unknown,2001,14007,0.3,short
1041,/videos/2020-02-03/constructure-metaplastic-short.mp4,7,constructure-metaplastic,unknown,1515,10605,0.13,short
1981,/videos/2020-02-03/constructure-metaplastic-long.mp4,38,constructure-metaplastic,harvard.edu,381618,14501484,0.48,long
1981,/videos/2020-02-03/constructure-metaplastic-long.mp4,38,constructure-metaplastic,so-net.ne.jp,683643,25978434,0.41,long
1981,/videos/2020-02-03/constructure-metaplastic-long.mp4,38,constructure-metaplastic,unknown,170382,6474516,0.23,long
1981,/videos/2020-02-03/constructure-metaplastic-long.mp4,38,constructure-metaplastic,blog.com,1495,56810,0.23,long
698,/root/bucket2/subtilizer-brughs-short.mp4,21,subtilizer-brughs,blog.com,1501,31521,0.13,short
698,/root/bucket2/subtilizer-brughs-short.mp4,21,subtilizer-brughs,purevolume.com,360931,7579551,0.44,short
1936,/videos/2020-02-03/subtilizer-brughs-long.mp4,50,subtilizer-brughs,icio.us,914897,45744850,0.21,long
1936,/videos/2020-02-03/subtilizer-brughs-long.mp4,50,subtilizer-brughs,webs.com,436064,21803200,0.15,long
1936,/videos/2020-02-03/subtilizer-brughs-long.mp4,50,subtilizer-brughs,drupal.org,421513,21075650,0.18,long
1936,/videos/2020-02-03/subtilizer-brughs-long.mp4,50,subtilizer-brughs,shareasale.com,446968,22348400,0.15,long
1936,/videos/2020-02-03/subtilizer-brughs-long.mp4,50,subtilizer-brughs,unknown,1506,75300,0.4,long
752,/videos/2020-02-04/bilbo-cachinnates-short.mp4,22,bilbo-cachinnates,yale.edu,1505,33110,0.16,short
752,/videos/2020-02-04/bilbo-cachinnates-short.mp4,22,bilbo-cachinnates,macromedia.com,704334,15495348,0.16,short
752,/videos/2020-02-04/bilbo-cachinnates-short.mp4,22,bilbo-cachinnates,blog.com,1501,33022,0.12,short
1743,/root/bucket3/bilbo-cachinnates-long.mp4,36,bilbo-cachinnates,ebay.co.uk,1500,54000,0.38,long
1743,/root/bucket3/bilbo-cachinnates-long.mp4,36,bilbo-cachinnates,blog.com,1507,54252,0.24,long
646,/videos/2020-02-01/reuttering-shadowcastings-short.mp4,5,reuttering-shadowcastings,yale.edu,1501,7505,0.32,short
646,/videos/2020-02-01/reuttering-shadowcastings-short.mp4,5,reuttering-shadowcastings,unknown,320731,1603655,0.12,short
646,/videos/2020-02-01/reuttering-shadowcastings-short.mp4,5,reuttering-shadowcastings,webs.com,642251,3211255,0.24,short
646,/videos/2020-02-01/reuttering-shadowcastings-short.mp4,5,reuttering-shadowcastings,unknown,251570,1257850,0.23,short
1070,/videos/2020-02-03/reuttering-shadowcastings-long.mp4,33,reuttering-shadowcastings,unknown,1510,49830,0.19,long
1070,/videos/2020-02-03/reuttering-shadowcastings-long.mp4,33,reuttering-shadowcastings,unknown,2001,66033,0.2,long
1050,/root/bucket1/latte-passados-short.mp4,27,latte-passados,google.nl,503738,13600926,0.21,short
1050,/root/bucket1/latte-passados-short.mp4,27,latte-passados,yale.edu,1504,40608,0.13,short
1599,/videos/2020-02-03/latte-passados-long.mp4,51,latte-passados,webs.com,546221,27857271,0.19,long
1599,/videos/2020-02-03/latte-passados-long.mp4,51,latte-passados,yale.edu,1499,76449,0.25,long
1599,/videos/2020-02-03/latte-passados-long.mp4,51,latte-passados,blogtalkradio.com,909590,46389090,0.14,long
1599,/videos/2020-02-03/latte-passados-long.mp4,51,latte-passados,unknown,499625,25480875,0.31,long
1887,/media/dimethyltryptamines-monotone-short.mp4,27,dimethyltryptamines-monotone,blog.com,1498,40446,0.32,short
1887,/media/dimethyltryptamines-monotone-short.mp4,27,dimethyltryptamines-monotone,mayoclinic.com,614270,16585290,0.44,short
1887,/media/dimethyltryptamines-monotone-short.mp4,27,dimethyltryptamines-monotone,g.co,902501,24367527,0.35,short
1887,/media/dimethyltryptamines-monotone-short.mp4,27,dimethyltryptamines-monotone,icio.us,353793,9552411,0.2,short
1887,/media/dimethyltryptamines-monotone-short.mp4,27,dimethyltryptamines-monotone,angelfire.com,656277,17719479,0.46,short
1327,/root/bucket5/dimethyltryptamines-monotone-long.mp4,28,dimethyltryptamines-monotone,yale.edu,21260,595280,0.21,long
1327,/root/bucket5/dimethyltryptamines-monotone-long.mp4,28,dimethyltryptamines-monotone,scribd.com,762420,21347760,0.47,long
1593,/root/bucket3/ohm-snogs-short.mp4,8,ohm-snogs,ebay.co.uk,1505,12040,0.33,short
1593,/root/bucket3/ohm-snogs-short.mp4,8,ohm-snogs,bbb.org,677438,5419504,0.2,short
1593,/root/bucket3/ohm-snogs-short.mp4,8,ohm-snogs,unknown,1508,12064,0.42,short
1593,/root/bucket3/ohm-snogs-short.mp4,8,ohm-snogs,storify.com,907642,7261136,0.43,short
1796,/media/ohm-snogs-long.mp4,55,ohm-snogs,unknown,53888,2963840,0.31,long
1796,/media/ohm-snogs-long.mp4,55,ohm-snogs,moonfruit.com,990151,54458305,0.2,long
1565,/media/branded-surefootedly-short.mp4,27,branded-surefootedly,studiopress.com,711581,19212687,0.19,short
1565,/media/branded-surefootedly-short.mp4,27,branded-surefootedly,cnet.com,841747,22727169,0.39,short
1565,/media/branded-surefootedly-short.mp4,27,branded-surefootedly,ebay.co.uk,1499,40473,0.45,short
1807,/videos/2020-02-02/branded-surefootedly-long.mp4,30,branded-surefootedly,unknown,673774,20213220,0.36,long
1807,/videos/2020-02-02/branded-surefootedly-long.mp4,30,branded-surefootedly,yale.edu,1505,45150,0.17,long
1807,/videos/2020-02-02/branded-surefootedly-long.mp4,30,branded-surefootedly,unknown,1514,45420,0.24,long
1807,/videos/2020-02-02/branded-surefootedly-long.mp4,30,branded-surefootedly,unknown,322183,9665490,0.41,long
1807,/videos/2020-02-02/branded-surefootedly-long.mp4,30,branded-surefootedly,exblog.jp,169178,5075340,0.15,long
1793,/root/bucket3/subspecialists-carnalizing-short.mp4,24,subspecialists-carnalizing,elegantthemes.com,546032,13104768,0.24,short
1793,/root/bucket3/subspecialists-carnalizing-short.mp4,24,subspecialists-carnalizing,odnoklassniki.ru,577120,13850880,0.26,short
1793,/root/bucket3/subspecialists-carnalizing-short.mp4,24,subspecialists-carnalizing,jigsy.com,948690,22768560,0.2,short
490,/root/bucket3/subspecialists-carnalizing-long.mp4,35,subspecialists-carnalizing,dedecms.com,847435,29660225,0.18,long
490,/root/bucket3/subspecialists-carnalizing-long.mp4,35,subspecialists-carnalizing,utexas.edu,719555,25184425,0.31,long
490,/root/bucket3/subspecialists-carnalizing-long.mp4,35,subspecialists-carnalizing,ebay.co.uk,1503,52605,0.26,long
16,/root/bucket1/unilinear-villagers-short.mp4,9,unilinear-villagers,yale.edu,1506,13554,0.28,short
16,/root/bucket1/unilinear-villagers-short.mp4,9,unilinear-villagers,delicious.com,475052,4275468,0.4,short
1818,/videos/2020-02-04/unilinear-villagers-long.mp4,46,unilinear-villagers,spotify.com,6941,319286,0.49,long
1818,/videos/2020-02-04/unilinear-villagers-long.mp4,46,unilinear-villagers,unknown,1511,69506,0.37,long
1818,/videos/2020-02-04/unilinear-villagers-long.mp4,46,unilinear-villagers,blog.com,1500,69000,0.23,long
1818,/videos/2020-02-04/unilinear-villagers-long.mp4,46,unilinear-villagers,bbb.org,190663,8770498,0.2,long
43,/videos/2020-02-03/resaws-seraphins-short.mp4,13,resaws-seraphins,icio.us,291439,3788707,0.3,short
1836,/videos/2020-02-01/resaws-seraphins-long.mp4,32,resaws-seraphins,zdnet.com,250501,8016032,0.16,long
521,/root/bucket5/indew-sultana-short.mp4,17,indew-sultana,comcast.net,258962,4402354,0.22,short
521,/root/bucket5/indew-sultana-short.mp4,17,indew-sultana,usnews.com,321360,5463120,0.35,short
521,/root/bucket5/indew-sultana-short.mp4,17,indew-sultana,drupal.org,500210,8503570,0.32,short
123,/videos/2020-02-01/indew-sultana-long.mp4,35,indew-sultana,redcross.org,414459,14506065,0.44,long
123,/videos/2020-02-01/indew-sultana-long.mp4,35,indew-sultana,wufoo.com,478905,16761675,0.16,long
123,/videos/2020-02-01/indew-sultana-long.mp4,35,indew-sultana,goo.ne.jp,884998,30974930,0.36,long
123,/videos/2020-02-01/indew-sultana-long.mp4,35,indew-sultana,archive.org,662454,23185890,0.49,long
104,/videos/2020-02-04/boshboks-decarburize-short.mp4,8,boshboks-decarburize,google.fr,878350,7026800,0.47,short
104,/videos/2020-02-04/boshboks-decarburize-short.mp4,8,boshboks-decarburize,blog.com,1503,12024,0.46,short
1865,/root/bucket4/boshboks-decarburize-long.mp4,49,boshboks-decarburize,unknown,1998,97902,0.43,long
842,/root/bucket4/saltness-savates-short.mp4,30,saltness-savates,delicious.com,175182,5255460,0.44,short
842,/root/bucket4/saltness-savates-short.mp4,30,saltness-savates,unknown,2000,60000,0.19,short
842,/root/bucket4/saltness-savates-short.mp4,30,saltness-savates,yale.edu,1498,44940,0.24,short
842,/root/bucket4/saltness-savates-short.mp4,30,saltness-savates,unknown,1995,59850,0.43,short
842,/root/bucket4/saltness-savates-short.mp4,30,saltness-savates,unknown,750411,22512330,0.43,short
842,/root/bucket4/saltness-savates-short.mp4,30,saltness-savates,yale.edu,1505,45150,0.31,short
842,/root/bucket4/saltness-savates-short.mp4,30,saltness-savates,ebay.co.uk,1503,45090,0.36,short
842,/root/bucket4/saltness-savates-short.mp4,30,saltness-savates,blog.com,1497,44910,0.11,short
842,/root/bucket4/saltness-savates-short.mp4,30,saltness-savates,flavors.me,431862,12955860,0.38,short
1702,/root/bucket4/saltness-savates-long.mp4,57,saltness-savates,csmonitor.com,364456,20773992,0.36,long
1702,/root/bucket4/saltness-savates-long.mp4,57,saltness-savates,ebay.co.uk,1500,85500,0.35,long
1702,/root/bucket4/saltness-savates-long.mp4,57,saltness-savates,shareasale.com,598517,34115469,0.39,long
1702,/root/bucket4/saltness-savates-long.mp4,57,saltness-savates,dion.ne.jp,582763,33217491,0.38,long
1702,/root/bucket4/saltness-savates-long.mp4,57,saltness-savates,unicef.org,367772,20963004,0.48,long
175,/videos/2020-02-02/homologation-boyfriend-short.mp4,19,homologation-boyfriend,unknown,1507,28633,0.22,short
175,/videos/2020-02-02/homologation-boyfriend-short.mp4,19,homologation-boyfriend,studiopress.com,52110,990090,0.19,short
878,/media/homologation-boyfriend-long.mp4,28,homologation-boyfriend,yale.edu,1500,42000,0.49,long
814,/root/bucket4/hardly-pingler-short.mp4,25,hardly-pingler,unknown,687896,17197400,0.42,short
814,/root/bucket4/hardly-pingler-short.mp4,25,hardly-pingler,yale.edu,1500,37500,0.46,short
814,/root/bucket4/hardly-pingler-short.mp4,25,hardly-pingler,earthlink.net,482874,12071850,0.45,short
814,/root/bucket4/hardly-pingler-short.mp4,25,hardly-pingler,meetup.com,62489,1562225,0.31,short
892,/videos/2020-02-02/hardly-pingler-long.mp4,26,hardly-pingler,blog.com,1498,38948,0.41,long
222,/root/bucket4/familiarisers-incurved-short.mp4,14,familiarisers-incurved,topsy.com,20609,288526,0.22,short
222,/root/bucket4/familiarisers-incurved-short.mp4,14,familiarisers-incurved,free13runpool.com,48763,682682,0.47,short
222,/root/bucket4/familiarisers-incurved-short.mp4,14,familiarisers-incurved,moonfruit.com,894891,12528474,0.3,short
222,/root/bucket4/familiarisers-incurved-short.mp4,14,familiarisers-incurved,hhs.gov,326689,4573646,0.43,short
222,/root/bucket4/familiarisers-incurved-short.mp4,14,familiarisers-incurved,unknown,1512,21168,0.24,short
990,/media/familiarisers-incurved-long.mp4,28,familiarisers-incurved,fc2.com,666468,18661104,0.16,long
990,/media/familiarisers-incurved-long.mp4,28,familiarisers-incurved,drupal.org,953543,26699204,0.25,long
990,/media/familiarisers-incurved-long.mp4,28,familiarisers-incurved,dedecms.com,857082,23998296,0.22,long
633,/root/bucket2/unequalled-colleger-short.mp4,13,unequalled-colleger,ustream.tv,505870,6576310,0.45,short
633,/root/bucket2/unequalled-colleger-short.mp4,13,unequalled-colleger,unknown,1511,19643,0.29,short
633,/root/bucket2/unequalled-colleger-short.mp4,13,unequalled-colleger,exblog.jp,801727,10422451,0.16,short
633,/root/bucket2/unequalled-colleger-short.mp4,13,unequalled-colleger,icio.us,692120,8997560,0.47,short
1781,/videos/2020-02-03/unequalled-colleger-long.mp4,35,unequalled-colleger,netvibes.com,284686,9964010,0.22,long
1781,/videos/2020-02-03/unequalled-colleger-long.mp4,35,unequalled-colleger,yale.edu,1495,52325,0.45,long
1781,/videos/2020-02-03/unequalled-colleger-long.mp4,35,unequalled-colleger,so-net.ne.jp,260354,9112390,0.18,long
1781,/videos/2020-02-03/unequalled-colleger-long.mp4,35,unequalled-colleger,sciencedaily.com,723042,25306470,0.45,long
1781,/videos/2020-02-03/unequalled-colleger-long.mp4,35,unequalled-colleger,unknown,557148,19500180,0.34,long
1781,/videos/2020-02-03/unequalled-colleger-long.mp4,35,unequalled-colleger,bbb.org,127587,4465545,0.29,long
1293,/videos/2020-02-02/dimerise-bawls-short.mp4,24,dimerise-bawls,ebay.co.uk,1504,36096,0.42,short
1293,/videos/2020-02-02/dimerise-bawls-short.mp4,24,dimerise-bawls,spotify.com,379024,9096576,0.24,short
1293,/videos/2020-02-02/dimerise-bawls-short.mp4,24,dimerise-bawls,unknown,341562,8197488,0.27,short
1293,/videos/2020-02-02/dimerise-bawls-short.mp4,24,dimerise-bawls,unknown,1510,36240,0.28,short
1293,/videos/2020-02-02/dimerise-bawls-short.mp4,24,dimerise-bawls,purevolume.com,780110,18722640,0.13,short
1293,/videos/2020-02-02/dimerise-bawls-short.mp4,24,dimerise-bawls,unknown,328598,7886352,0.48,short
1943,/media/dimerise-bawls-long.mp4,46,dimerise-bawls,msu.edu,834882,38404572,0.45,long
1943,/media/dimerise-bawls-long.mp4,46,dimerise-bawls,simplemachines.org,536539,24680794,0.33,long
1943,/media/dimerise-bawls-long.mp4,46,dimerise-bawls,ebay.co.uk,1504,69184,0.46,long
1230,/videos/2020-02-02/cariousnesses-superqualities-short.mp4,10,cariousnesses-superqualities,wp.com,716318,7163180,0.34,short
1230,/videos/2020-02-02/cariousnesses-superqualities-short.mp4,10,cariousnesses-superqualities,ebay.co.uk,1500,15000,0.19,short
1230,/videos/2020-02-02/cariousnesses-superqualities-short.mp4,10,cariousnesses-superqualities,harvard.edu,655677,6556770,0.44,short
325,/videos/2020-02-03/cariousnesses-superqualities-long.mp4,43,cariousnesses-superqualities,unknown,839403,36094329,0.47,long
325,/videos/2020-02-03/cariousnesses-superqualities-long.mp4,43,cariousnesses-superqualities,unknown,1509,64887,0.39,long
325,/videos/2020-02-03/cariousnesses-superqualities-long.mp4,43,cariousnesses-superqualities,istockphoto.com,190760,8202680,0.25,long
325,/videos/2020-02-03/cariousnesses-superqualities-long.mp4,43,cariousnesses-superqualities,unknown,1514,65102,0.34,long
1685,/videos/2020-02-03/overcloying-beadiest-short.mp4,30,overcloying-beadiest,yale.edu,1496,44880,0.29,short
1685,/videos/2020-02-03/overcloying-beadiest-short.mp4,30,overcloying-beadiest,github.com,462027,13860810,0.26,short
1685,/videos/2020-02-03/overcloying-beadiest-short.mp4,30,overcloying-beadiest,unknown,1512,45360,0.21,short
1685,/videos/2020-02-03/overcloying-beadiest-short.mp4,30,overcloying-beadiest,yale.edu,1497,44910,0.24,short
996,/root/bucket2/overcloying-beadiest-long.mp4,29,overcloying-beadiest,unknown,415503,12049587,0.25,long
996,/root/bucket2/overcloying-beadiest-long.mp4,29,overcloying-beadiest,yale.edu,1493,43297,0.31,long
996,/root/bucket2/overcloying-beadiest-long.mp4,29,overcloying-beadiest,delicious.com,367525,10658225,0.17,long
493,/root/bucket3/verifying-galabieh-short.mp4,19,verifying-galabieh,ebay.co.uk,1508,28652,0.43,short
493,/root/bucket3/verifying-galabieh-short.mp4,19,verifying-galabieh,studiopress.com,452182,8591458,0.23,short
493,/root/bucket3/verifying-galabieh-short.mp4,19,verifying-galabieh,unknown,450627,8561913,0.17,short
890,/videos/2020-02-02/verifying-galabieh-long.mp4,46,verifying-galabieh,ebay.co.uk,1501,69046,0.38,long
890,/videos/2020-02-02/verifying-galabieh-long.mp4,46,verifying-galabieh,ebay.co.uk,1495,68770,0.22,long
1361,/root/bucket1/associabilities-impenetrated-short.mp4,6,associabilities-impenetrated,fc2.com,728007,4368042,0.3,short
1361,/root/bucket1/associabilities-impenetrated-short.mp4,6,associabilities-impenetrated,ebay.co.uk,1503,9018,0.41,short
1361,/root/bucket1/associabilities-impenetrated-short.mp4,6,associabilities-impenetrated,bravesites.com,43792,262752,0.49,short
1361,/root/bucket1/associabilities-impenetrated-short.mp4,6,associabilities-impenetrated,drupal.org,163728,982368,0.4,short
1760,/root/bucket2/associabilities-impenetrated-long.mp4,37,associabilities-impenetrated,unknown,47156,1744772,0.12,long
1760,/root/bucket2/associabilities-impenetrated-long.mp4,37,associabilities-impenetrated,goo.ne.jp,37229,1377473,0.23,long
1760,/root/bucket2/associabilities-impenetrated-long.mp4,37,associabilities-impenetrated,yale.edu,1501,55537,0.4,long
1760,/root/bucket2/associabilities-impenetrated-long.mp4,37,associabilities-impenetrated,prnewswire.com,107480,3976760,0.35,long
1898,/root/bucket2/fixities-madtom-short.mp4,23,fixities-madtom,cafepress.com,273378,6287694,0.21,short
1898,/root/bucket2/fixities-madtom-short.mp4,23,fixities-madtom,ebay.co.uk,1500,34500,0.17,short
1898,/root/bucket2/fixities-madtom-short.mp4,23,fixities-madtom,yale.edu,1501,34523,0.49,short
561,/root/bucket3/fixities-madtom-long.mp4,51,fixities-madtom,ebay.co.uk,1500,76500,0.22,long
561,/root/bucket3/fixities-madtom-long.mp4,51,fixities-madtom,unknown,593622,30274722,0.49,long
561,/root/bucket3/fixities-madtom-long.mp4,51,fixities-madtom,unknown,1506,76806,0.18,long
561,/root/bucket3/fixities-madtom-long.mp4,51,fixities-madtom,skype.com,190933,9737583,0.2,long
107,/videos/2020-02-02/basidiospores-flutinas-short.mp4,14,basidiospores-flutinas,ebay.co.uk,1502,21028,0.1,short
107,/videos/2020-02-02/basidiospores-flutinas-short.mp4,14,basidiospores-flutinas,yale.edu,191729,2684206,0.15,short
107,/videos/2020-02-02/basidiospores-flutinas-short.mp4,14,basidiospores-flutinas,moonfruit.com,922010,12908140,0.3,short
107,/videos/2020-02-02/basidiospores-flutinas-short.mp4,14,basidiospores-flutinas,macromedia.com,282052,3948728,0.16,short
107,/videos/2020-02-02/basidiospores-flutinas-short.mp4,14,basidiospores-flutinas,unknown,1511,21154,0.45,short
107,/videos/2020-02-02/basidiospores-flutinas-short.mp4,14,basidiospores-flutinas,angelfire.com,728417,10197838,0.43,short
107,/videos/2020-02-02/basidiospores-flutinas-short.mp4,14,basidiospores-flutinas,springer.com,238001,3332014,0.21,short
1450,/root/bucket3/basidiospores-flutinas-long.mp4,29,basidiospores-flutinas,comcast.net,266907,7740303,0.16,long
1450,/root/bucket3/basidiospores-flutinas-long.mp4,29,basidiospores-flutinas,goo.ne.jp,585296,16973584,0.45,long
1450,/root/bucket3/basidiospores-flutinas-long.mp4,29,basidiospores-flutinas,meetup.com,856254,24831366,0.43,long
1450,/root/bucket3/basidiospores-flutinas-long.mp4,29,basidiospores-flutinas,nymag.com,70603,2047487,0.26,long
1450,/root/bucket3/basidiospores-flutinas-long.mp4,29,basidiospores-flutinas,usnews.com,54788,1588852,0.42,long
539,/videos/2020-02-01/emfs-swoffer-short.mp4,30,emfs-swoffer,dion.ne.jp,570639,17119170,0.32,short
539,/videos/2020-02-01/emfs-swoffer-short.mp4,30,emfs-swoffer,storify.com,872570,26177100,0.12,short
539,/videos/2020-02-01/emfs-swoffer-short.mp4,30,emfs-swoffer,unknown,1512,45360,0.47,short
841,/root/bucket4/emfs-swoffer-long.mp4,32,emfs-swoffer,unknown,2001,64032,0.27,long
841,/root/bucket4/emfs-swoffer-long.mp4,32,emfs-swoffer,unknown,1994,63808,0.34,long
841,/root/bucket4/emfs-swoffer-long.mp4,32,emfs-swoffer,reverbnation.com,976729,31255328,0.3,long
1274,/root/bucket5/beccaficos-politenesses-short.mp4,11,beccaficos-politenesses,unknown,37785,415635,0.49,short
1274,/root/bucket5/beccaficos-politenesses-short.mp4,11,beccaficos-politenesses,wp.com,277459,3052049,0.15,short
1274,/root/bucket5/beccaficos-politenesses-short.mp4,11,beccaficos-politenesses,mail.ru,176674,1943414,0.48,short
1274,/root/bucket5/beccaficos-politenesses-short.mp4,11,beccaficos-politenesses,zdnet.com,635458,6990038,0.28,short
168,/root/bucket4/beccaficos-politenesses-long.mp4,28,beccaficos-politenesses,ebay.co.uk,1501,42028,0.32,long
168,/root/bucket4/beccaficos-politenesses-long.mp4,28,beccaficos-politenesses,blog.com,1506,42168,0.34,long
168,/root/bucket4/beccaficos-politenesses-long.mp4,28,beccaficos-politenesses,blog.com,1502,42056,0.27,long
168,/root/bucket4/beccaficos-politenesses-long.mp4,28,beccaficos-politenesses,jigsy.com,563591,15780548,0.44,long
168,/root/bucket4/beccaficos-politenesses-long.mp4,28,beccaficos-politenesses,npr.org,820433,22972124,0.46,long
168,/root/bucket4/beccaficos-politenesses-long.mp4,28,beccaficos-politenesses,ebay.co.uk,1505,42140,0.13,long
714,/videos/2020-02-04/inburning-microbarographs-short.mp4,30,inburning-microbarographs,nature.com,576958,17308740,0.24,short
714,/videos/2020-02-04/inburning-microbarographs-short.mp4,30,inburning-microbarographs,discovery.com,988311,29649330,0.2,short
714,/videos/2020-02-04/inburning-microbarographs-short.mp4,30,inburning-microbarographs,dailymotion.com,307093,9212790,0.42,short
1243,/root/bucket2/inburning-microbarographs-long.mp4,41,inburning-microbarographs,de.vu,845447,34663327,0.47,long
1243,/root/bucket2/inburning-microbarographs-long.mp4,41,inburning-microbarographs,ebay.co.uk,1501,61541,0.28,long
1243,/root/bucket2/inburning-microbarographs-long.mp4,41,inburning-microbarographs,istockphoto.com,428111,17552551,0.41,long
1243,/root/bucket2/inburning-microbarographs-long.mp4,41,inburning-microbarographs,utexas.edu,201056,8243296,0.1,long
1243,/root/bucket2/inburning-microbarographs-long.mp4,41,inburning-microbarographs,unknown,114268,4684988,0.24,long
815,/root/bucket2/obtends-bejeweling-long.mp4,49,obtends-bejeweling,yale.edu,1500,73500,0.19,long
815,/root/bucket2/obtends-bejeweling-long.mp4,49,obtends-bejeweling,mayoclinic.com,745675,36538075,0.35,long
815,/root/bucket2/obtends-bejeweling-long.mp4,49,obtends-bejeweling,g.co,405119,19850831,0.36,long
1906,/videos/2020-02-04/doobries-spriteliest-long.mp4,50,doobries-spriteliest,cafepress.com,638994,31949700,0.32,long
1906,/videos/2020-02-04/doobries-spriteliest-long.mp4,50,doobries-spriteliest,unknown,1509,75450,0.18,long
1906,/videos/2020-02-04/doobries-spriteliest-long.mp4,50,doobries-spriteliest,unknown,2004,100200,0.28,long
1906,/videos/2020-02-04/doobries-spriteliest-long.mp4,50,doobries-spriteliest,prnewswire.com,808962,40448100,0.23,long
1906,/videos/2020-02-04/doobries-spriteliest-long.mp4,50,doobries-spriteliest,ebay.co.uk,1505,75250,0.19,long
1906,/videos/2020-02-04/doobries-spriteliest-long.mp4,50,doobries-spriteliest,issuu.com,303537,15176850,0.19,long
218,/videos/2020-02-03/catamenia-forebodingness-short.mp4,23,catamenia-forebodingness,topsy.com,441647,10157881,0.37,short
129,/root/bucket1/catamenia-forebodingness-long.mp4,34,catamenia-forebodingness,unknown,710743,24165262,0.13,long
129,/root/bucket1/catamenia-forebodingness-long.mp4,34,catamenia-forebodingness,reverbnation.com,433780,14748520,0.43,long
129,/root/bucket1/catamenia-forebodingness-long.mp4,34,catamenia-forebodingness,shinystat.com,502310,17078540,0.23,long
745,/root/bucket2/scaremonger-epizoite-short.mp4,9,scaremonger-epizoite,csmonitor.com,78411,705699,0.43,short
745,/root/bucket2/scaremonger-epizoite-short.mp4,9,scaremonger-epizoite,ebay.co.uk,1501,13509,0.21,short
745,/root/bucket2/scaremonger-epizoite-short.mp4,9,scaremonger-epizoite,so-net.ne.jp,263800,2374200,0.22,short
745,/root/bucket2/scaremonger-epizoite-short.mp4,9,scaremonger-epizoite,springer.com,657329,5915961,0.22,short
112,/videos/2020-02-02/neuroplasm-scalloping-short.mp4,25,neuroplasm-scalloping,unknown,934546,23363650,0.39,short
112,/videos/2020-02-02/neuroplasm-scalloping-short.mp4,25,neuroplasm-scalloping,g.co,428876,10721900,0.48,short
378,/root/bucket4/neuroplasm-scalloping-long.mp4,43,neuroplasm-scalloping,springer.com,466989,20080527,0.41,long
628,/root/bucket5/abdicated-midbrain-short.mp4,14,abdicated-midbrain,fc2.com,602321,8432494,0.35,short
1183,/root/bucket5/abdicated-midbrain-long.mp4,58,abdicated-midbrain,purevolume.com,504454,29258332,0.13,long
1183,/root/bucket5/abdicated-midbrain-long.mp4,58,abdicated-midbrain,ustream.tv,864480,50139840,0.2,long
1183,/root/bucket5/abdicated-midbrain-long.mp4,58,abdicated-midbrain,hhs.gov,985210,57142180,0.46,long
1183,/root/bucket5/abdicated-midbrain-long.mp4,58,abdicated-midbrain,csmonitor.com,323292,18750936,0.22,long
27,/videos/2020-02-01/propylaeum-consulters-short.mp4,5,propylaeum-consulters,unknown,337089,1685445,0.33,short
27,/videos/2020-02-01/propylaeum-consulters-short.mp4,5,propylaeum-consulters,comcast.net,747463,3737315,0.44,short
27,/videos/2020-02-01/propylaeum-consulters-short.mp4,5,propylaeum-consulters,redcross.org,21053,105265,0.13,short
1718,/videos/2020-02-02/propylaeum-consulters-long.mp4,48,propylaeum-consulters,auda.org.au,179182,8600736,0.36,long
1718,/videos/2020-02-02/propylaeum-consulters-long.mp4,48,propylaeum-consulters,blog.com,1504,72192,0.23,long
1718,/videos/2020-02-02/propylaeum-consulters-long.mp4,48,propylaeum-consulters,unknown,2003,96144,0.13,long
1718,/videos/2020-02-02/propylaeum-consulters-long.mp4,48,propylaeum-consulters,unknown,1992,95616,0.31,long
802,/root/bucket4/bard-kottaboses-short.mp4,23,bard-kottaboses,creativecommons.org,541773,12460779,0.48,short
802,/root/bucket4/bard-kottaboses-short.mp4,23,bard-kottaboses,skype.com,845515,19446845,0.25,short
1480,/videos/2020-02-02/bard-kottaboses-long.mp4,49,bard-kottaboses,thetimes.co.uk,243373,11925277,0.34,long
1480,/videos/2020-02-02/bard-kottaboses-long.mp4,49,bard-kottaboses,unknown,2000,98000,0.17,long
735,/root/bucket4/unwomans-streptothricin-short.mp4,5,unwomans-streptothricin,unknown,376159,1880795,0.47,short
735,/root/bucket4/unwomans-streptothricin-short.mp4,5,unwomans-streptothricin,so-net.ne.jp,431086,2155430,0.27,short
1574,/videos/2020-02-01/unwomans-streptothricin-long.mp4,25,unwomans-streptothricin,goo.ne.jp,276666,6916650,0.14,long
1574,/videos/2020-02-01/unwomans-streptothricin-long.mp4,25,unwomans-streptothricin,unknown,1510,37750,0.45,long
641,/root/bucket1/langouste-scourged-short.mp4,11,langouste-scourged,yale.edu,1497,16467,0.28,short
641,/root/bucket1/langouste-scourged-short.mp4,11,langouste-scourged,harvard.edu,483604,5319644,0.23,short
1266,/videos/2020-02-01/langouste-scourged-long.mp4,42,langouste-scourged,blog.com,1501,63042,0.14,long
1266,/videos/2020-02-01/langouste-scourged-long.mp4,42,langouste-scourged,chron.com,943961,39646362,0.18,long
1266,/videos/2020-02-01/langouste-scourged-long.mp4,42,langouste-scourged,usnews.com,587967,24694614,0.35,long
1266,/videos/2020-02-01/langouste-scourged-long.mp4,42,langouste-scourged,yale.edu,1503,63126,0.46,long
1266,/videos/2020-02-01/langouste-scourged-long.mp4,42,langouste-scourged,icio.us,659051,27680142,0.26,long
428,/root/bucket5/jambee-tee-short.mp4,17,jambee-tee,unknown,128941,2191997,0.3,short
428,/root/bucket5/jambee-tee-short.mp4,17,jambee-tee,yale.edu,1501,25517,0.29,short
428,/root/bucket5/jambee-tee-short.mp4,17,jambee-tee,yolasite.com,724276,12312692,0.24,short
428,/root/bucket5/jambee-tee-short.mp4,17,jambee-tee,sciencedaily.com,512218,8707706,0.43,short
1122,/root/bucket3/jambee-tee-long.mp4,46,jambee-tee,google.nl,720853,33159238,0.2,long
1122,/root/bucket3/jambee-tee-long.mp4,46,jambee-tee,mail.ru,469491,21596586,0.47,long
1122,/root/bucket3/jambee-tee-long.mp4,46,jambee-tee,unknown,2004,92184,0.23,long
1122,/root/bucket3/jambee-tee-long.mp4,46,jambee-tee,unknown,129766,5969236,0.39,long
1122,/root/bucket3/jambee-tee-long.mp4,46,jambee-tee,seattletimes.com,902732,41525672,0.4,long
1122,/root/bucket3/jambee-tee-long.mp4,46,jambee-tee,ustream.tv,33156,1525176,0.37,long
396,/videos/2020-02-01/musicotherapies-decretive-short.mp4,20,musicotherapies-decretive,blog.com,1498,29960,0.45,short
396,/videos/2020-02-01/musicotherapies-decretive-short.mp4,20,musicotherapies-decretive,blog.com,1503,30060,0.13,short
396,/videos/2020-02-01/musicotherapies-decretive-short.mp4,20,musicotherapies-decretive,utexas.edu,585073,11701460,0.36,short
396,/videos/2020-02-01/musicotherapies-decretive-short.mp4,20,musicotherapies-decretive,comcast.net,125511,2510220,0.18,short
396,/videos/2020-02-01/musicotherapies-decretive-short.mp4,20,musicotherapies-decretive,google.nl,272787,5455740,0.4,short
396,/videos/2020-02-01/musicotherapies-decretive-short.mp4,20,musicotherapies-decretive,goo.ne.jp,846125,16922500,0.12,short
1713,/root/bucket1/musicotherapies-decretive-long.mp4,42,musicotherapies-decretive,blog.com,1504,63168,0.13,long
1713,/root/bucket1/musicotherapies-decretive-long.mp4,42,musicotherapies-decretive,ocn.ne.jp,577104,24238368,0.25,long
1618,/media/dilutees-spicate-short.mp4,11,dilutees-spicate,de.vu,282223,3104453,0.42,short
1618,/media/dilutees-spicate-short.mp4,11,dilutees-spicate,bbb.org,987795,10865745,0.4,short
377,/root/bucket1/dilutees-spicate-long.mp4,56,dilutees-spicate,harvard.edu,557735,31233160,0.31,long
377,/root/bucket1/dilutees-spicate-long.mp4,56,dilutees-spicate,blog.com,1505,84280,0.22,long
377,/root/bucket1/dilutees-spicate-long.mp4,56,dilutees-spicate,unknown,622724,34872544,0.28,long
1961,/videos/2020-02-02/mooly-hitchhikers-short.mp4,11,mooly-hitchhikers,csmonitor.com,801453,8815983,0.48,short
1961,/videos/2020-02-02/mooly-hitchhikers-short.mp4,11,mooly-hitchhikers,unknown,2003,22033,0.31,short
1961,/videos/2020-02-02/mooly-hitchhikers-short.mp4,11,mooly-hitchhikers,unknown,205759,2263349,0.42,short
1961,/videos/2020-02-02/mooly-hitchhikers-short.mp4,11,mooly-hitchhikers,yale.edu,1501,16511,0.39,short
1961,/videos/2020-02-02/mooly-hitchhikers-short.mp4,11,mooly-hitchhikers,unknown,1512,16632,0.34,short
1185,/root/bucket1/mooly-hitchhikers-long.mp4,51,mooly-hitchhikers,blog.com,1504,76704,0.44,long
1185,/root/bucket1/mooly-hitchhikers-long.mp4,51,mooly-hitchhikers,unknown,239260,12202260,0.26,long
1185,/root/bucket1/mooly-hitchhikers-long.mp4,51,mooly-hitchhikers,reverbnation.com,205590,10485090,0.19,long
1185,/root/bucket1/mooly-hitchhikers-long.mp4,51,mooly-hitchhikers,unknown,1511,77061,0.36,long
1185,/root/bucket1/mooly-hitchhikers-long.mp4,51,mooly-hitchhikers,ebay.co.uk,1499,76449,0.29,long
1000,/videos/2020-02-04/whitewashed-oversteer-short.mp4,26,whitewashed-oversteer,unknown,2000,52000,0.18,short
1000,/videos/2020-02-04/whitewashed-oversteer-short.mp4,26,whitewashed-oversteer,ebay.co.uk,1504,39104,0.32,short
241,/videos/2020-02-01/whitewashed-oversteer-long.mp4,40,whitewashed-oversteer,yale.edu,1505,60200,0.23,long
241,/videos/2020-02-01/whitewashed-oversteer-long.mp4,40,whitewashed-oversteer,blog.com,1500,60000,0.42,long
241,/videos/2020-02-01/whitewashed-oversteer-long.mp4,40,whitewashed-oversteer,seattletimes.com,156659,6266360,0.34,long
789,/root/bucket3/illegible-viameter-short.mp4,28,illegible-viameter,springer.com,452992,12683776,0.41,short
789,/root/bucket3/illegible-viameter-short.mp4,28,illegible-viameter,ebay.co.uk,1497,41916,0.45,short
789,/root/bucket3/illegible-viameter-short.mp4,28,illegible-viameter,de.vu,399974,11199272,0.2,short
789,/root/bucket3/illegible-viameter-short.mp4,28,illegible-viameter,netvibes.com,478960,13410880,0.24,short
789,/root/bucket3/illegible-viameter-short.mp4,28,illegible-viameter,unknown,2001,56028,0.29,short
1029,/root/bucket5/illegible-viameter-long.mp4,57,illegible-viameter,patch.com,57417,3272769,0.2,long
1029,/root/bucket5/illegible-viameter-long.mp4,57,illegible-viameter,issuu.com,726746,41424522,0.38,long
1275,/media/secularizers-ophiomorph-short.mp4,8,secularizers-ophiomorph,netvibes.com,417112,3336896,0.24,short
308,/root/bucket5/secularizers-ophiomorph-long.mp4,58,secularizers-ophiomorph,bravesites.com,540131,31327598,0.17,long
308,/root/bucket5/secularizers-ophiomorph-long.mp4,58,secularizers-ophiomorph,drupal.org,691686,40117788,0.14,long
308,/root/bucket5/secularizers-ophiomorph-long.mp4,58,secularizers-ophiomorph,blogtalkradio.com,198166,11493628,0.4,long
308,/root/bucket5/secularizers-ophiomorph-long.mp4,58,secularizers-ophiomorph,unknown,2002,116116,0.22,long
1278,/root/bucket1/amooving-colotomy-short.mp4,6,amooving-colotomy,blog.com,1499,8994,0.2,short
1278,/root/bucket1/amooving-colotomy-short.mp4,6,amooving-colotomy,unknown,1512,9072,0.43,short
1278,/root/bucket1/amooving-colotomy-short.mp4,6,amooving-colotomy,netvibes.com,305849,1835094,0.34,short
1278,/root/bucket1/amooving-colotomy-short.mp4,6,amooving-colotomy,unknown,2000,12000,0.28,short
1209,/videos/2020-02-04/amooving-colotomy-long.mp4,56,amooving-colotomy,icio.us,691129,38703224,0.44,long
1209,/videos/2020-02-04/amooving-colotomy-long.mp4,56,amooving-colotomy,drupal.org,432640,24227840,0.32,long
1209,/videos/2020-02-04/amooving-colotomy-long.mp4,56,amooving-colotomy,unknown,1512,84672,0.41,long
246,/videos/2020-02-04/cerium-multicentric-short.mp4,24,cerium-multicentric,comcast.net,699832,16795968,0.33,short
246,/videos/2020-02-04/cerium-multicentric-short.mp4,24,cerium-multicentric,jalbum.net,80573,1933752,0.29,short
246,/videos/2020-02-04/cerium-multicentric-short.mp4,24,cerium-multicentric,livejournal.com,757297,18175128,0.2,short
246,/videos/2020-02-04/cerium-multicentric-short.mp4,24,cerium-multicentric,unknown,475828,11419872,0.47,short
1904,/videos/2020-02-01/cerium-multicentric-long.mp4,29,cerium-multicentric,blog.com,1501,43529,0.2,long
1904,/videos/2020-02-01/cerium-multicentric-long.mp4,29,cerium-multicentric,comcast.net,831740,24120460,0.12,long
1904,/videos/2020-02-01/cerium-multicentric-long.mp4,29,cerium-multicentric,nature.com,202537,5873573,0.44,long
1904,/videos/2020-02-01/cerium-multicentric-long.mp4,29,cerium-multicentric,blog.com,1503,43587,0.37,long
1015,/root/bucket3/slipnooses-hissers-short.mp4,30,slipnooses-hissers,twitter.com,399485,11984550,0.35,short
1015,/root/bucket3/slipnooses-hissers-short.mp4,30,slipnooses-hissers,blog.com,1501,45030,0.17,short
1015,/root/bucket3/slipnooses-hissers-short.mp4,30,slipnooses-hissers,google.fr,245305,7359150,0.12,short
1015,/root/bucket3/slipnooses-hissers-short.mp4,30,slipnooses-hissers,artisteer.com,925178,27755340,0.13,short
550,/root/bucket5/slipnooses-hissers-long.mp4,60,slipnooses-hissers,ebay.co.uk,1499,89940,0.17,long
550,/root/bucket5/slipnooses-hissers-long.mp4,60,slipnooses-hissers,skype.com,752309,45138540,0.16,long
550,/root/bucket5/slipnooses-hissers-long.mp4,60,slipnooses-hissers,ebay.co.uk,1506,90360,0.18,long
288,/videos/2020-02-03/chymes-polytonality-short.mp4,6,chymes-polytonality,skype.com,301377,1808262,0.44,short
288,/videos/2020-02-03/chymes-polytonality-short.mp4,6,chymes-polytonality,elegantthemes.com,773261,4639566,0.34,short
288,/videos/2020-02-03/chymes-polytonality-short.mp4,6,chymes-polytonality,blog.com,1501,9006,0.22,short
1135,/videos/2020-02-03/chymes-polytonality-long.mp4,57,chymes-polytonality,hhs.gov,976266,55647162,0.19,long
1135,/videos/2020-02-03/chymes-polytonality-long.mp4,57,chymes-polytonality,wiley.com,482342,27493494,0.19,long
1135,/videos/2020-02-03/chymes-polytonality-long.mp4,57,chymes-polytonality,purevolume.com,975650,55612050,0.38,long
1135,/videos/2020-02-03/chymes-polytonality-long.mp4,57,chymes-polytonality,unknown,563073,32095161,0.18,long
1135,/videos/2020-02-03/chymes-polytonality-long.mp4,57,chymes-polytonality,java.com,384280,21903960,0.49,long
1135,/videos/2020-02-03/chymes-polytonality-long.mp4,57,chymes-polytonality,blogs.com,193552,11032464,0.35,long
1135,/videos/2020-02-03/chymes-polytonality-long.mp4,57,chymes-polytonality,unknown,1508,85956,0.18,long
1135,/videos/2020-02-03/chymes-polytonality-long.mp4,57,chymes-polytonality,csmonitor.com,925208,52736856,0.19,long
1135,/videos/2020-02-03/chymes-polytonality-long.mp4,57,chymes-polytonality,ebay.co.uk,1506,85842,0.35,long
693,/root/bucket4/maunds-counterdemonstrates-short.mp4,26,maunds-counterdemonstrates,free13runpool.com,545148,14173848,0.3,short
693,/root/bucket4/maunds-counterdemonstrates-short.mp4,26,maunds-counterdemonstrates,so-net.ne.jp,260462,6772012,0.5,short
939,/videos/2020-02-03/maunds-counterdemonstrates-long.mp4,38,maunds-counterdemonstrates,storify.com,865054,32872052,0.21,long
939,/videos/2020-02-03/maunds-counterdemonstrates-long.mp4,38,maunds-counterdemonstrates,storify.com,30322,1152236,0.34,long
939,/videos/2020-02-03/maunds-counterdemonstrates-long.mp4,38,maunds-counterdemonstrates,ebay.co.uk,1499,56962,0.11,long
1913,/root/bucket2/amphioxuses-stipuled-short.mp4,11,amphioxuses-stipuled,fc2.com,95341,1048751,0.23,short
1669,/root/bucket2/amphioxuses-stipuled-long.mp4,25,amphioxuses-stipuled,unknown,248173,6204325,0.31,long
1669,/root/bucket2/amphioxuses-stipuled-long.mp4,25,amphioxuses-stipuled,angelfire.com,230762,5769050,0.42,long
1647,/videos/2020-02-01/gastrotrich-plumpiest-short.mp4,14,gastrotrich-plumpiest,usnews.com,845139,11831946,0.35,short
1647,/videos/2020-02-01/gastrotrich-plumpiest-short.mp4,14,gastrotrich-plumpiest,purevolume.com,159191,2228674,0.31,short
1647,/videos/2020-02-01/gastrotrich-plumpiest-short.mp4,14,gastrotrich-plumpiest,unknown,1513,21182,0.45,short
1030,/root/bucket4/gastrotrich-plumpiest-long.mp4,32,gastrotrich-plumpiest,yale.edu,1503,48096,0.25,long
1030,/root/bucket4/gastrotrich-plumpiest-long.mp4,32,gastrotrich-plumpiest,unknown,342074,10946368,0.12,long
1030,/root/bucket4/gastrotrich-plumpiest-long.mp4,32,gastrotrich-plumpiest,unknown,1507,48224,0.34,long
1311,/root/bucket1/interplead-mythomaniac-short.mp4,11,interplead-mythomaniac,flavors.me,829682,9126502,0.28,short
1311,/root/bucket1/interplead-mythomaniac-short.mp4,11,interplead-mythomaniac,unknown,1998,21978,0.16,short
1311,/root/bucket1/interplead-mythomaniac-short.mp4,11,interplead-mythomaniac,nature.com,551664,6068304,0.21,short
1311,/root/bucket1/interplead-mythomaniac-short.mp4,11,interplead-mythomaniac,un.org,270142,2971562,0.36,short
1311,/root/bucket1/interplead-mythomaniac-short.mp4,11,interplead-mythomaniac,scribd.com,335001,3685011,0.23,short
1311,/root/bucket1/interplead-mythomaniac-short.mp4,11,interplead-mythomaniac,harvard.edu,2279,25069,0.49,short
1152,/videos/2020-02-04/interplead-mythomaniac-long.mp4,54,interplead-mythomaniac,about.com,958153,51740262,0.18,long
1152,/videos/2020-02-04/interplead-mythomaniac-long.mp4,54,interplead-mythomaniac,unknown,756948,40875192,0.15,long
1152,/videos/2020-02-04/interplead-mythomaniac-long.mp4,54,interplead-mythomaniac,wiley.com,804000,43416000,0.33,long
1152,/videos/2020-02-04/interplead-mythomaniac-long.mp4,54,interplead-mythomaniac,ocn.ne.jp,867108,46823832,0.48,long
1152,/videos/2020-02-04/interplead-mythomaniac-long.mp4,54,interplead-mythomaniac,ebay.co.uk,1502,81108,0.41,long
1471,/media/perscrutations-kenosises-short.mp4,19,perscrutations-kenosises,yale.edu,1497,28443,0.1,short
1471,/media/perscrutations-kenosises-short.mp4,19,perscrutations-kenosises,blog.com,1499,28481,0.2,short
1471,/media/perscrutations-kenosises-short.mp4,19,perscrutations-kenosises,wp.com,150977,2868563,0.21,short
1102,/root/bucket4/perscrutations-kenosises-long.mp4,29,perscrutations-kenosises,unknown,1511,43819,0.45,long
1102,/root/bucket4/perscrutations-kenosises-long.mp4,29,perscrutations-kenosises,blog.com,1496,43384,0.48,long
1459,/root/bucket2/deglaciated-multihued-short.mp4,28,deglaciated-multihued,issuu.com,933481,26137468,0.22,short
1459,/root/bucket2/deglaciated-multihued-short.mp4,28,deglaciated-multihued,ebay.co.uk,1503,42084,0.43,short
1459,/root/bucket2/deglaciated-multihued-short.mp4,28,deglaciated-multihued,ebay.co.uk,1504,42112,0.3,short
1459,/root/bucket2/deglaciated-multihued-short.mp4,28,deglaciated-multihued,joomla.org,201947,5654516,0.48,short
1459,/root/bucket2/deglaciated-multihued-short.mp4,28,deglaciated-multihued,blog.com,1497,41916,0.47,short
1705,/videos/2020-02-03/deglaciated-multihued-long.mp4,46,deglaciated-multihued,ebay.co.uk,1499,68954,0.38,long
1771,/root/bucket1/outdoers-imposthumated-short.mp4,27,outdoers-imposthumated,comsenz.com,389042,10504134,0.21,short
1771,/root/bucket1/outdoers-imposthumated-short.mp4,27,outdoers-imposthumated,flavors.me,815886,22028922,0.46,short
1771,/root/bucket1/outdoers-imposthumated-short.mp4,27,outdoers-imposthumated,blog.com,1501,40527,0.41,short
270,/root/bucket3/outdoers-imposthumated-long.mp4,31,outdoers-imposthumated,phoca.cz,435415,13497865,0.29,long
778,/media/moistened-resolutes-short.mp4,26,moistened-resolutes,mail.ru,461443,11997518,0.11,short
778,/media/moistened-resolutes-short.mp4,26,moistened-resolutes,blog.com,1504,39104,0.41,short
304,/root/bucket1/moistened-resolutes-long.mp4,31,moistened-resolutes,yale.edu,1503,46593,0.33,long
304,/root/bucket1/moistened-resolutes-long.mp4,31,moistened-resolutes,seattletimes.com,880962,27309822,0.28,long
1121,/root/bucket2/incommutability-chromed-short.mp4,18,incommutability-chromed,unknown,253177,4557186,0.39,short
1121,/root/bucket2/incommutability-chromed-short.mp4,18,incommutability-chromed,jigsy.com,45311,815598,0.45,short
1121,/root/bucket2/incommutability-chromed-short.mp4,18,incommutability-chromed,thetimes.co.uk,788079,14185422,0.5,short
1121,/root/bucket2/incommutability-chromed-short.mp4,18,incommutability-chromed,npr.org,4484,80712,0.49,short
1121,/root/bucket2/incommutability-chromed-short.mp4,18,incommutability-chromed,unknown,646889,11644002,0.18,short
537,/root/bucket3/incommutability-chromed-long.mp4,28,incommutability-chromed,unknown,1506,42168,0.47,long
537,/root/bucket3/incommutability-chromed-long.mp4,28,incommutability-chromed,blog.com,1499,41972,0.24,long
537,/root/bucket3/incommutability-chromed-long.mp4,28,incommutability-chromed,blog.com,1502,42056,0.46,long
537,/root/bucket3/incommutability-chromed-long.mp4,28,incommutability-chromed,ebay.co.uk,1500,42000,0.3,long
537,/root/bucket3/incommutability-chromed-long.mp4,28,incommutability-chromed,goodreads.com,369424,10343872,0.18,long
424,/root/bucket5/cytoskeletons-includes-short.mp4,8,cytoskeletons-includes,unknown,6861,54888,0.28,short
424,/root/bucket5/cytoskeletons-includes-short.mp4,8,cytoskeletons-includes,unknown,466999,3735992,0.46,short
424,/root/bucket5/cytoskeletons-includes-short.mp4,8,cytoskeletons-includes,multiply.com,616902,4935216,0.29,short
708,/videos/2020-02-04/cytoskeletons-includes-long.mp4,26,cytoskeletons-includes,jalbum.net,544359,14153334,0.11,long
708,/videos/2020-02-04/cytoskeletons-includes-long.mp4,26,cytoskeletons-includes,unknown,2000,52000,0.42,long
1663,/root/bucket2/quillaja-receptivity-short.mp4,10,quillaja-receptivity,issuu.com,221891,2218910,0.38,short
1663,/root/bucket2/quillaja-receptivity-short.mp4,10,quillaja-receptivity,unknown,422907,4229070,0.23,short
1790,/root/bucket2/quillaja-receptivity-long.mp4,30,quillaja-receptivity,unknown,657294,19718820,0.22,long
1790,/root/bucket2/quillaja-receptivity-long.mp4,30,quillaja-receptivity,artisteer.com,864121,25923630,0.32,long
1190,/root/bucket1/gliffings-superb-long.mp4,25,gliffings-superb,earthlink.net,660733,16518325,0.3,long
1190,/root/bucket1/gliffings-superb-long.mp4,25,gliffings-superb,ebay.co.uk,1503,37575,0.4,long
1190,/root/bucket1/gliffings-superb-long.mp4,25,gliffings-superb,unknown,2005,50125,0.14,long
1190,/root/bucket1/gliffings-superb-long.mp4,25,gliffings-superb,blog.com,1501,37525,0.3,long
1197,/root/bucket2/birdhouses-precisians-short.mp4,30,birdhouses-precisians,blogtalkradio.com,330393,9911790,0.25,short
1951,/videos/2020-02-03/birdhouses-precisians-long.mp4,48,birdhouses-precisians,webs.com,477368,22913664,0.18,long
1951,/videos/2020-02-03/birdhouses-precisians-long.mp4,48,birdhouses-precisians,unknown,1998,95904,0.47,long
1951,/videos/2020-02-03/birdhouses-precisians-long.mp4,48,birdhouses-precisians,elegantthemes.com,227029,10897392,0.3,long
1951,/videos/2020-02-03/birdhouses-precisians-long.mp4,48,birdhouses-precisians,netvibes.com,953556,45770688,0.39,long
1951,/videos/2020-02-03/birdhouses-precisians-long.mp4,48,birdhouses-precisians,yale.edu,1498,71904,0.47,long
1951,/videos/2020-02-03/birdhouses-precisians-long.mp4,48,birdhouses-precisians,unknown,706000,33888000,0.24,long
1951,/videos/2020-02-03/birdhouses-precisians-long.mp4,48,birdhouses-precisians,phoca.cz,109819,5271312,0.48,long
1448,/root/bucket5/socializes-organologies-short.mp4,25,socializes-organologies,unknown,555484,13887100,0.26,short
645,/root/bucket4/socializes-organologies-long.mp4,29,socializes-organologies,unknown,857247,24860163,0.37,long
645,/root/bucket4/socializes-organologies-long.mp4,29,socializes-organologies,patch.com,301410,8740890,0.17,long
645,/root/bucket4/socializes-organologies-long.mp4,29,socializes-organologies,unknown,1997,57913,0.47,long
645,/root/bucket4/socializes-organologies-long.mp4,29,socializes-organologies,blog.com,1504,43616,0.15,long
1214,/videos/2020-02-03/vagrancies-badinaged-short.mp4,28,vagrancies-badinaged,blog.com,1501,42028,0.2,short
1214,/videos/2020-02-03/vagrancies-badinaged-short.mp4,28,vagrancies-badinaged,unknown,2003,56084,0.26,short
1214,/videos/2020-02-03/vagrancies-badinaged-short.mp4,28,vagrancies-badinaged,unknown,869736,24352608,0.5,short
1214,/videos/2020-02-03/vagrancies-badinaged-short.mp4,28,vagrancies-badinaged,icio.us,987696,27655488,0.22,short
1040,/root/bucket5/vagrancies-badinaged-long.mp4,54,vagrancies-badinaged,ebay.co.uk,1498,80892,0.13,long
1040,/root/bucket5/vagrancies-badinaged-long.mp4,54,vagrancies-badinaged,unknown,1510,81540,0.15,long
1040,/root/bucket5/vagrancies-badinaged-long.mp4,54,vagrancies-badinaged,redcross.org,71728,3873312,0.29,long
870,/root/bucket5/marriers-stalks-short.mp4,26,marriers-stalks,blog.com,1504,39104,0.42,short
870,/root/bucket5/marriers-stalks-short.mp4,26,marriers-stalks,unknown,245534,6383884,0.44,short
870,/root/bucket5/marriers-stalks-short.mp4,26,marriers-stalks,issuu.com,38165,992290,0.39,short
870,/root/bucket5/marriers-stalks-short.mp4,26,marriers-stalks,blogs.com,530575,13794950,0.15,short
870,/root/bucket5/marriers-stalks-short.mp4,26,marriers-stalks,unknown,178353,4637178,0.28,short
870,/root/bucket5/marriers-stalks-short.mp4,26,marriers-stalks,unknown,218510,5681260,0.22,short
870,/root/bucket5/marriers-stalks-short.mp4,26,marriers-stalks,artisteer.com,515565,13404690,0.32,short
835,/videos/2020-02-02/marriers-stalks-long.mp4,43,marriers-stalks,blog.com,1498,64414,0.17,long
835,/videos/2020-02-02/marriers-stalks-long.mp4,43,marriers-stalks,bbb.org,794007,34142301,0.46,long
835,/videos/2020-02-02/marriers-stalks-long.mp4,43,marriers-stalks,odnoklassniki.ru,226280,9730040,0.28,long
835,/videos/2020-02-02/marriers-stalks-long.mp4,43,marriers-stalks,studiopress.com,926389,39834727,0.18,long
835,/videos/2020-02-02/marriers-stalks-long.mp4,43,marriers-stalks,unknown,576619,24794617,0.35,long
400,/root/bucket3/ecoterrorism-doggedness-short.mp4,7,ecoterrorism-doggedness,zdnet.com,129965,909755,0.44,short
400,/root/bucket3/ecoterrorism-doggedness-short.mp4,7,ecoterrorism-doggedness,yale.edu,1497,10479,0.36,short
400,/root/bucket3/ecoterrorism-doggedness-short.mp4,7,ecoterrorism-doggedness,unknown,870352,6092464,0.49,short
400,/root/bucket3/ecoterrorism-doggedness-short.mp4,7,ecoterrorism-doggedness,unknown,526561,3685927,0.27,short
400,/root/bucket3/ecoterrorism-doggedness-short.mp4,7,ecoterrorism-doggedness,unknown,2004,14028,0.19,short
1789,/root/bucket5/ecoterrorism-doggedness-long.mp4,27,ecoterrorism-doggedness,scribd.com,128626,3472902,0.35,long
313,/videos/2020-02-02/clypeiform-unclassifiable-short.mp4,6,clypeiform-unclassifiable,yale.edu,1506,9036,0.33,short
313,/videos/2020-02-02/clypeiform-unclassifiable-short.mp4,6,clypeiform-unclassifiable,mail.ru,655998,3935988,0.27,short
313,/videos/2020-02-02/clypeiform-unclassifiable-short.mp4,6,clypeiform-unclassifiable,unknown,1997,11982,0.35,short
313,/videos/2020-02-02/clypeiform-unclassifiable-short.mp4,6,clypeiform-unclassifiable,ebay.co.uk,1498,8988,0.25,short
313,/videos/2020-02-02/clypeiform-unclassifiable-short.mp4,6,clypeiform-unclassifiable,unknown,566111,3396666,0.24,short
1956,/root/bucket1/clypeiform-unclassifiable-long.mp4,52,clypeiform-unclassifiable,yolasite.com,183090,9520680,0.42,long
1956,/root/bucket1/clypeiform-unclassifiable-long.mp4,52,clypeiform-unclassifiable,ebay.co.uk,1506,78312,0.41,long
1956,/root/bucket1/clypeiform-unclassifiable-long.mp4,52,clypeiform-unclassifiable,ebay.co.uk,1501,78052,0.16,long
1956,/root/bucket1/clypeiform-unclassifiable-long.mp4,52,clypeiform-unclassifiable,unknown,1516,78832,0.25,long
464,/videos/2020-02-01/pheon-frequences-short.mp4,9,pheon-frequences,elegantthemes.com,879545,7915905,0.15,short
464,/videos/2020-02-01/pheon-frequences-short.mp4,9,pheon-frequences,unknown,227144,2044296,0.22,short
464,/videos/2020-02-01/pheon-frequences-short.mp4,9,pheon-frequences,ocn.ne.jp,997009,8973081,0.21,short
464,/videos/2020-02-01/pheon-frequences-short.mp4,9,pheon-frequences,springer.com,129147,1162323,0.35,short
464,/videos/2020-02-01/pheon-frequences-short.mp4,9,pheon-frequences,phoca.cz,819393,7374537,0.46,short
1602,/videos/2020-02-02/pheon-frequences-long.mp4,56,pheon-frequences,comcast.net,826870,46304720,0.44,long
1602,/videos/2020-02-02/pheon-frequences-long.mp4,56,pheon-frequences,unknown,1509,84504,0.27,long
1340,/videos/2020-02-04/scorper-rared-short.mp4,7,scorper-rared,unknown,2002,14014,0.15,short
722,/root/bucket1/scorper-rared-long.mp4,28,scorper-rared,unknown,253305,7092540,0.32,long
722,/root/bucket1/scorper-rared-long.mp4,28,scorper-rared,foxnews.com,705226,19746328,0.3,long
722,/root/bucket1/scorper-rared-long.mp4,28,scorper-rared,studiopress.com,733662,20542536,0.5,long
722,/root/bucket1/scorper-rared-long.mp4,28,scorper-rared,buzzfeed.com,27595,772660,0.49,long
722,/root/bucket1/scorper-rared-long.mp4,28,scorper-rared,ebay.co.uk,1503,42084,0.15,long
1205,/root/bucket3/vulcanologists-forthcome-short.mp4,24,vulcanologists-forthcome,unknown,1998,47952,0.33,short
1205,/root/bucket3/vulcanologists-forthcome-short.mp4,24,vulcanologists-forthcome,storify.com,642916,15429984,0.28,short
177,/videos/2020-02-02/vulcanologists-forthcome-long.mp4,33,vulcanologists-forthcome,unknown,1998,65934,0.43,long
177,/videos/2020-02-02/vulcanologists-forthcome-long.mp4,33,vulcanologists-forthcome,webs.com,622857,20554281,0.22,long
177,/videos/2020-02-02/vulcanologists-forthcome-long.mp4,33,vulcanologists-forthcome,unknown,2000,66000,0.15,long
1254,/root/bucket4/importable-landgrab-short.mp4,29,importable-landgrab,techcrunch.com,740550,21475950,0.11,short
1254,/root/bucket4/importable-landgrab-short.mp4,29,importable-landgrab,msu.edu,736982,21372478,0.39,short
1254,/root/bucket4/importable-landgrab-short.mp4,29,importable-landgrab,yale.edu,1503,43587,0.22,short
916,/media/importable-landgrab-long.mp4,30,importable-landgrab,unknown,454010,13620300,0.17,long
916,/media/importable-landgrab-long.mp4,30,importable-landgrab,sciencedaily.com,270962,8128860,0.2,long
916,/media/importable-landgrab-long.mp4,30,importable-landgrab,yale.edu,1501,45030,0.43,long
1170,/media/aubergine-tusking-short.mp4,16,aubergine-tusking,g.co,275054,4400864,0.36,short
1170,/media/aubergine-tusking-short.mp4,16,aubergine-tusking,unknown,1999,31984,0.28,short
1170,/media/aubergine-tusking-short.mp4,16,aubergine-tusking,unknown,1510,24160,0.12,short
1170,/media/aubergine-tusking-short.mp4,16,aubergine-tusking,purevolume.com,829693,13275088,0.36,short
1170,/media/aubergine-tusking-short.mp4,16,aubergine-tusking,mail.ru,653012,10448192,0.11,short
1019,/root/bucket1/aubergine-tusking-long.mp4,38,aubergine-tusking,sciencedaily.com,440352,16733376,0.49,long
1019,/root/bucket1/aubergine-tusking-long.mp4,38,aubergine-tusking,unknown,489085,18585230,0.49,long
1019,/root/bucket1/aubergine-tusking-long.mp4,38,aubergine-tusking,goo.ne.jp,602355,22889490,0.31,long
1019,/root/bucket1/aubergine-tusking-long.mp4,38,aubergine-tusking,redcross.org,874941,33247758,0.33,long
1019,/root/bucket1/aubergine-tusking-long.mp4,38,aubergine-tusking,comcast.net,696374,26462212,0.11,long
1019,/root/bucket1/aubergine-tusking-long.mp4,38,aubergine-tusking,unknown,1515,57570,0.22,long
1019,/root/bucket1/aubergine-tusking-long.mp4,38,aubergine-tusking,unknown,2005,76190,0.47,long
973,/videos/2020-02-04/turaco-mentorings-short.mp4,21,turaco-mentorings,macromedia.com,334975,7034475,0.14,short
368,/media/turaco-mentorings-long.mp4,50,turaco-mentorings,ebay.co.uk,1506,75300,0.28,long
368,/media/turaco-mentorings-long.mp4,50,turaco-mentorings,fc2.com,984220,49211000,0.33,long
368,/media/turaco-mentorings-long.mp4,50,turaco-mentorings,prnewswire.com,73058,3652900,0.46,long
368,/media/turaco-mentorings-long.mp4,50,turaco-mentorings,yale.edu,227279,11363950,0.48,long
635,/root/bucket1/befriender-predigestion-short.mp4,25,befriender-predigestion,unknown,411608,10290200,0.17,short
897,/root/bucket4/befriender-predigestion-long.mp4,32,befriender-predigestion,ebay.co.uk,1507,48224,0.37,long
897,/root/bucket4/befriender-predigestion-long.mp4,32,befriender-predigestion,netvibes.com,547234,17511488,0.48,long
897,/root/bucket4/befriender-predigestion-long.mp4,32,befriender-predigestion,unknown,1511,48352,0.13,long
897,/root/bucket4/befriender-predigestion-long.mp4,32,befriender-predigestion,opera.com,645704,20662528,0.26,long
897,/root/bucket4/befriender-predigestion-long.mp4,32,befriender-predigestion,yale.edu,1491,47712,0.37,long
897,/root/bucket4/befriender-predigestion-long.mp4,32,befriender-predigestion,ebay.co.uk,1502,48064,0.13,long
897,/root/bucket4/befriender-predigestion-long.mp4,32,befriender-predigestion,epa.gov,548881,17564192,0.22,long
934,/videos/2020-02-04/extensionalism-greenmailer-short.mp4,5,extensionalism-greenmailer,github.com,176933,884665,0.28,short
934,/videos/2020-02-04/extensionalism-greenmailer-short.mp4,5,extensionalism-greenmailer,unicef.org,240194,1200970,0.21,short
934,/videos/2020-02-04/extensionalism-greenmailer-short.mp4,5,extensionalism-greenmailer,about.com,35397,176985,0.48,short
1804,/root/bucket3/extensionalism-greenmailer-long.mp4,43,extensionalism-greenmailer,washington.edu,450088,19353784,0.35,long
1804,/root/bucket3/extensionalism-greenmailer-long.mp4,43,extensionalism-greenmailer,blog.com,1497,64371,0.15,long
1804,/root/bucket3/extensionalism-greenmailer-long.mp4,43,extensionalism-greenmailer,blog.com,1500,64500,0.27,long
1804,/root/bucket3/extensionalism-greenmailer-long.mp4,43,extensionalism-greenmailer,loc.gov,520826,22395518,0.21,long
212,/videos/2020-02-04/achlorhydria-charlotte-short.mp4,14,achlorhydria-charlotte,chron.com,193776,2712864,0.15,short
212,/videos/2020-02-04/achlorhydria-charlotte-short.mp4,14,achlorhydria-charlotte,reverbnation.com,66533,931462,0.37,short
212,/videos/2020-02-04/achlorhydria-charlotte-short.mp4,14,achlorhydria-charlotte,yale.edu,1498,20972,0.37,short
212,/videos/2020-02-04/achlorhydria-charlotte-short.mp4,14,achlorhydria-charlotte,msu.edu,279121,3907694,0.14,short
1440,/videos/2020-02-01/achlorhydria-charlotte-long.mp4,50,achlorhydria-charlotte,ustream.tv,720567,36028350,0.16,long
1440,/videos/2020-02-01/achlorhydria-charlotte-long.mp4,50,achlorhydria-charlotte,unknown,1997,99850,0.45,long
1440,/videos/2020-02-01/achlorhydria-charlotte-long.mp4,50,achlorhydria-charlotte,unknown,1508,75400,0.25,long
108,/videos/2020-02-03/hikoiing-parasitologist-short.mp4,23,hikoiing-parasitologist,auda.org.au,663339,15256797,0.3,short
108,/videos/2020-02-03/hikoiing-parasitologist-short.mp4,23,hikoiing-parasitologist,goodreads.com,354374,8150602,0.17,short
108,/videos/2020-02-03/hikoiing-parasitologist-short.mp4,23,hikoiing-parasitologist,nba.com,553663,12734249,0.39,short
108,/videos/2020-02-03/hikoiing-parasitologist-short.mp4,23,hikoiing-parasitologist,blog.com,1501,34523,0.5,short
1537,/videos/2020-02-02/hikoiing-parasitologist-long.mp4,30,hikoiing-parasitologist,ebay.co.uk,1507,45210,0.21,long
1537,/videos/2020-02-02/hikoiing-parasitologist-long.mp4,30,hikoiing-parasitologist,unknown,187634,5629020,0.44,long
1537,/videos/2020-02-02/hikoiing-parasitologist-long.mp4,30,hikoiing-parasitologist,unknown,544354,16330620,0.42,long
1089,/videos/2020-02-01/stigmatiser-preplaces-short.mp4,11,stigmatiser-preplaces,yale.edu,1496,16456,0.47,short
1089,/videos/2020-02-01/stigmatiser-preplaces-short.mp4,11,stigmatiser-preplaces,flavors.me,552571,6078281,0.41,short
290,/videos/2020-02-01/stigmatiser-preplaces-long.mp4,41,stigmatiser-preplaces,yale.edu,1506,61746,0.19,long
290,/videos/2020-02-01/stigmatiser-preplaces-long.mp4,41,stigmatiser-preplaces,yale.edu,1500,61500,0.26,long
1870,/root/bucket3/pillorise-deciphering-short.mp4,9,pillorise-deciphering,multiply.com,354397,3189573,0.35,short
1870,/root/bucket3/pillorise-deciphering-short.mp4,9,pillorise-deciphering,comcast.net,975660,8780940,0.41,short
1161,/root/bucket5/pillorise-deciphering-long.mp4,31,pillorise-deciphering,about.com,4831,149761,0.3,long
634,/root/bucket1/glutenins-predominant-short.mp4,13,glutenins-predominant,slate.com,817542,10628046,0.48,short
634,/root/bucket1/glutenins-predominant-short.mp4,13,glutenins-predominant,goo.ne.jp,863912,11230856,0.35,short
256,/videos/2020-02-03/glutenins-predominant-long.mp4,40,glutenins-predominant,unknown,1508,60320,0.16,long
1488,/videos/2020-02-01/whiplashes-intermediators-short.mp4,9,whiplashes-intermediators,unknown,156217,1405953,0.21,short
1488,/videos/2020-02-01/whiplashes-intermediators-short.mp4,9,whiplashes-intermediators,yale.edu,1505,13545,0.18,short
1488,/videos/2020-02-01/whiplashes-intermediators-short.mp4,9,whiplashes-intermediators,livejournal.com,42673,384057,0.5,short
1528,/root/bucket3/whiplashes-intermediators-long.mp4,53,whiplashes-intermediators,twitter.com,202523,10733719,0.22,long
1528,/root/bucket3/whiplashes-intermediators-long.mp4,53,whiplashes-intermediators,ebay.co.uk,1499,79447,0.16,long
1528,/root/bucket3/whiplashes-intermediators-long.mp4,53,whiplashes-intermediators,unknown,1510,80030,0.39,long
1059,/videos/2020-02-02/scorers-trousseau-short.mp4,11,scorers-trousseau,nature.com,902364,9926004,0.12,short
1059,/videos/2020-02-02/scorers-trousseau-short.mp4,11,scorers-trousseau,sourceforge.net,825431,9079741,0.49,short
1059,/videos/2020-02-02/scorers-trousseau-short.mp4,11,scorers-trousseau,blog.com,1503,16533,0.15,short
1971,/videos/2020-02-01/scorers-trousseau-long.mp4,38,scorers-trousseau,twitter.com,314742,11960196,0.12,long
1971,/videos/2020-02-01/scorers-trousseau-long.mp4,38,scorers-trousseau,techcrunch.com,526336,20000768,0.41,long
1971,/videos/2020-02-01/scorers-trousseau-long.mp4,38,scorers-trousseau,netvibes.com,482716,18343208,0.49,long
1971,/videos/2020-02-01/scorers-trousseau-long.mp4,38,scorers-trousseau,unknown,1510,57380,0.29,long
412,/root/bucket4/urson-repulser-short.mp4,14,urson-repulser,patch.com,801606,11222484,0.12,short
412,/root/bucket4/urson-repulser-short.mp4,14,urson-repulser,ebay.co.uk,1504,21056,0.12,short
412,/root/bucket4/urson-repulser-short.mp4,14,urson-repulser,comsenz.com,888366,12437124,0.44,short
412,/root/bucket4/urson-repulser-short.mp4,14,urson-repulser,msu.edu,598900,8384600,0.47,short
412,/root/bucket4/urson-repulser-short.mp4,14,urson-repulser,meetup.com,497257,6961598,0.37,short
503,/root/bucket2/urson-repulser-long.mp4,37,urson-repulser,yale.edu,1504,55648,0.46,long
503,/root/bucket2/urson-repulser-long.mp4,37,urson-repulser,unknown,1507,55759,0.2,long
503,/root/bucket2/urson-repulser-long.mp4,37,urson-repulser,foxnews.com,515511,19073907,0.49,long
503,/root/bucket2/urson-repulser-long.mp4,37,urson-repulser,so-net.ne.jp,379694,14048678,0.47,long
1894,/videos/2020-02-02/pertinency-strontia-short.mp4,28,pertinency-strontia,unknown,859334,24061352,0.45,short
1894,/videos/2020-02-02/pertinency-strontia-short.mp4,28,pertinency-strontia,webs.com,290904,8145312,0.13,short
716,/videos/2020-02-01/pertinency-strontia-long.mp4,58,pertinency-strontia,loc.gov,918715,53285470,0.28,long
716,/videos/2020-02-01/pertinency-strontia-long.mp4,58,pertinency-strontia,drupal.org,1803,104574,0.15,long
716,/videos/2020-02-01/pertinency-strontia-long.mp4,58,pertinency-strontia,ocn.ne.jp,723174,41944092,0.34,long
716,/videos/2020-02-01/pertinency-strontia-long.mp4,58,pertinency-strontia,unknown,2001,116058,0.18,long
716,/videos/2020-02-01/pertinency-strontia-long.mp4,58,pertinency-strontia,github.com,196935,11422230,0.22,long
76,/videos/2020-02-01/stance-unsparred-short.mp4,21,stance-unsparred,ebay.co.uk,1502,31542,0.26,short
76,/videos/2020-02-01/stance-unsparred-short.mp4,21,stance-unsparred,unknown,1507,31647,0.33,short
76,/videos/2020-02-01/stance-unsparred-short.mp4,21,stance-unsparred,webs.com,65739,1380519,0.35,short
76,/videos/2020-02-01/stance-unsparred-short.mp4,21,stance-unsparred,yale.edu,1502,31542,0.2,short
76,/videos/2020-02-01/stance-unsparred-short.mp4,21,stance-unsparred,joomla.org,794521,16684941,0.29,short
1748,/videos/2020-02-02/stance-unsparred-long.mp4,27,stance-unsparred,cnet.com,87633,2366091,0.17,long
1748,/videos/2020-02-02/stance-unsparred-long.mp4,27,stance-unsparred,ebay.co.uk,1507,40689,0.29,long
1457,/root/bucket2/underkeeper-condors-short.mp4,14,underkeeper-condors,netvibes.com,143815,2013410,0.4,short
791,/root/bucket5/underkeeper-condors-long.mp4,53,underkeeper-condors,icio.us,874867,46367951,0.17,long
791,/root/bucket5/underkeeper-condors-long.mp4,53,underkeeper-condors,wiley.com,519765,27547545,0.22,long
791,/root/bucket5/underkeeper-condors-long.mp4,53,underkeeper-condors,webs.com,70336,3727808,0.41,long
1678,/videos/2020-02-02/halfwitted-steganographs-short.mp4,30,halfwitted-steganographs,csmonitor.com,4613,138390,0.13,short
1678,/videos/2020-02-02/halfwitted-steganographs-short.mp4,30,halfwitted-steganographs,reddit.com,659365,19780950,0.38,short
1678,/videos/2020-02-02/halfwitted-steganographs-short.mp4,30,halfwitted-steganographs,comsenz.com,164860,4945800,0.38,short
1678,/videos/2020-02-02/halfwitted-steganographs-short.mp4,30,halfwitted-steganographs,hhs.gov,553055,16591650,0.31,short
1676,/root/bucket4/halfwitted-steganographs-long.mp4,37,halfwitted-steganographs,odnoklassniki.ru,690118,25534366,0.21,long
1676,/root/bucket4/halfwitted-steganographs-long.mp4,37,halfwitted-steganographs,free13runpool.com,886813,32812081,0.22,long
1676,/root/bucket4/halfwitted-steganographs-long.mp4,37,halfwitted-steganographs,unknown,641823,23747451,0.1,long
1676,/root/bucket4/halfwitted-steganographs-long.mp4,37,halfwitted-steganographs,unknown,492237,18212769,0.46,long
1998,/media/sironizing-begnaw-short.mp4,10,sironizing-begnaw,icio.us,217943,2179430,0.3,short
1998,/media/sironizing-begnaw-short.mp4,10,sironizing-begnaw,utexas.edu,779410,7794100,0.34,short
1704,/media/sironizing-begnaw-long.mp4,33,sironizing-begnaw,nymag.com,96328,3178824,0.14,long
1704,/media/sironizing-begnaw-long.mp4,33,sironizing-begnaw,blog.com,1498,49434,0.14,long
1704,/media/sironizing-begnaw-long.mp4,33,sironizing-begnaw,moonfruit.com,327359,10802847,0.33,long
1704,/media/sironizing-begnaw-long.mp4,33,sironizing-begnaw,hhs.gov,920752,30384816,0.24,long
273,/root/bucket4/escortage-postliminious-short.mp4,28,escortage-postliminious,storify.com,99051,2773428,0.25,short
273,/root/bucket4/escortage-postliminious-short.mp4,28,escortage-postliminious,unknown,1513,42364,0.44,short
1182,/videos/2020-02-01/escortage-postliminious-long.mp4,55,escortage-postliminious,unknown,99280,5460400,0.5,long
1182,/videos/2020-02-01/escortage-postliminious-long.mp4,55,escortage-postliminious,github.com,581660,31991300,0.27,long
1182,/videos/2020-02-01/escortage-postliminious-long.mp4,55,escortage-postliminious,cafepress.com,100614,5533770,0.34,long
1464,/root/bucket2/dissemination-upwardness-short.mp4,7,dissemination-upwardness,ebay.co.uk,1501,10507,0.14,short
1464,/root/bucket2/dissemination-upwardness-short.mp4,7,dissemination-upwardness,exblog.jp,112579,788053,0.44,short
1464,/root/bucket2/dissemination-upwardness-short.mp4,7,dissemination-upwardness,techcrunch.com,38606,270242,0.11,short
1464,/root/bucket2/dissemination-upwardness-short.mp4,7,dissemination-upwardness,dion.ne.jp,637359,4461513,0.33,short
1464,/root/bucket2/dissemination-upwardness-short.mp4,7,dissemination-upwardness,archive.org,233607,1635249,0.36,short
1191,/root/bucket3/dissemination-upwardness-long.mp4,32,dissemination-upwardness,purevolume.com,336444,10766208,0.35,long
1191,/root/bucket3/dissemination-upwardness-long.mp4,32,dissemination-upwardness,buzzfeed.com,354136,11332352,0.25,long
1191,/root/bucket3/dissemination-upwardness-long.mp4,32,dissemination-upwardness,unknown,1510,48320,0.3,long
1389,/root/bucket3/manjack-intenerates-short.mp4,8,manjack-intenerates,blog.com,1500,12000,0.18,short
1389,/root/bucket3/manjack-intenerates-short.mp4,8,manjack-intenerates,blog.com,1504,12032,0.21,short
1389,/root/bucket3/manjack-intenerates-short.mp4,8,manjack-intenerates,phoca.cz,388271,3106168,0.46,short
13,/root/bucket5/manjack-intenerates-long.mp4,52,manjack-intenerates,jigsy.com,8243,428636,0.17,long
1611,/videos/2020-02-02/routed-momzers-short.mp4,16,routed-momzers,earthlink.net,998834,15981344,0.34,short
1739,/videos/2020-02-01/routed-momzers-long.mp4,56,routed-momzers,unknown,970281,54335736,0.25,long
1739,/videos/2020-02-01/routed-momzers-long.mp4,56,routed-momzers,studiopress.com,192840,10799040,0.43,long
1963,/videos/2020-02-04/minutely-nostoc-short.mp4,26,minutely-nostoc,shinystat.com,731579,19021054,0.2,short
1963,/videos/2020-02-04/minutely-nostoc-short.mp4,26,minutely-nostoc,unknown,861493,22398818,0.21,short
1963,/videos/2020-02-04/minutely-nostoc-short.mp4,26,minutely-nostoc,wiley.com,609831,15855606,0.2,short
875,/videos/2020-02-01/minutely-nostoc-long.mp4,50,minutely-nostoc,issuu.com,22587,1129350,0.22,long
875,/videos/2020-02-01/minutely-nostoc-long.mp4,50,minutely-nostoc,so-net.ne.jp,64427,3221350,0.25,long
875,/videos/2020-02-01/minutely-nostoc-long.mp4,50,minutely-nostoc,amazon.com,575683,28784150,0.1,long
1524,/root/bucket2/veneer-rekeyboarding-short.mp4,23,veneer-rekeyboarding,sourceforge.net,295921,6806183,0.33,short
1380,/media/hoodia-sociopaths-short.mp4,25,hoodia-sociopaths,npr.org,840261,21006525,0.44,short
1380,/media/hoodia-sociopaths-short.mp4,25,hoodia-sociopaths,thetimes.co.uk,264364,6609100,0.44,short
1380,/media/hoodia-sociopaths-short.mp4,25,hoodia-sociopaths,yale.edu,1504,37600,0.11,short
1380,/media/hoodia-sociopaths-short.mp4,25,hoodia-sociopaths,unknown,1995,49875,0.36,short
1380,/media/hoodia-sociopaths-short.mp4,25,hoodia-sociopaths,blog.com,1504,37600,0.33,short
311,/videos/2020-02-02/hoodia-sociopaths-long.mp4,51,hoodia-sociopaths,ebay.co.uk,1500,76500,0.36,long
1167,/videos/2020-02-02/coxal-trammel-short.mp4,20,coxal-trammel,prnewswire.com,315518,6310360,0.25,short
1167,/videos/2020-02-02/coxal-trammel-short.mp4,20,coxal-trammel,yale.edu,212029,4240580,0.46,short
1167,/videos/2020-02-02/coxal-trammel-short.mp4,20,coxal-trammel,comsenz.com,547925,10958500,0.46,short
946,/videos/2020-02-04/coxal-trammel-long.mp4,48,coxal-trammel,ebay.co.uk,1499,71952,0.37,long
946,/videos/2020-02-04/coxal-trammel-long.mp4,48,coxal-trammel,unknown,861346,41344608,0.31,long
946,/videos/2020-02-04/coxal-trammel-long.mp4,48,coxal-trammel,ebay.co.uk,1500,72000,0.46,long
946,/videos/2020-02-04/coxal-trammel-long.mp4,48,coxal-trammel,drupal.org,908703,43617744,0.45,long
1216,/videos/2020-02-04/skeining-spellings-short.mp4,11,skeining-spellings,netvibes.com,511071,5621781,0.34,short
1216,/videos/2020-02-04/skeining-spellings-short.mp4,11,skeining-spellings,unknown,1513,16643,0.32,short
1405,/root/bucket3/skeining-spellings-long.mp4,29,skeining-spellings,nature.com,679688,19710952,0.4,long
1405,/root/bucket3/skeining-spellings-long.mp4,29,skeining-spellings,skype.com,875810,25398490,0.14,long
1405,/root/bucket3/skeining-spellings-long.mp4,29,skeining-spellings,ustream.tv,667471,19356659,0.42,long
1405,/root/bucket3/skeining-spellings-long.mp4,29,skeining-spellings,yale.edu,1497,43413,0.38,long
1405,/root/bucket3/skeining-spellings-long.mp4,29,skeining-spellings,yale.edu,1498,43442,0.23,long
1468,/root/bucket5/boobyish-entombed-short.mp4,22,boobyish-entombed,nature.com,229946,5058812,0.35,short
55,/root/bucket3/boobyish-entombed-long.mp4,36,boobyish-entombed,drupal.org,296681,10680516,0.37,long
55,/root/bucket3/boobyish-entombed-long.mp4,36,boobyish-entombed,unknown,1509,54324,0.16,long
55,/root/bucket3/boobyish-entombed-long.mp4,36,boobyish-entombed,unknown,1507,54252,0.24,long
55,/root/bucket3/boobyish-entombed-long.mp4,36,boobyish-entombed,sourceforge.net,957882,34483752,0.41,long
506,/videos/2020-02-04/outmantles-invertor-short.mp4,9,outmantles-invertor,unknown,1999,17991,0.34,short
506,/videos/2020-02-04/outmantles-invertor-short.mp4,9,outmantles-invertor,ebay.co.uk,1497,13473,0.44,short
138,/videos/2020-02-01/outmantles-invertor-long.mp4,27,outmantles-invertor,blog.com,1503,40581,0.22,long
138,/videos/2020-02-01/outmantles-invertor-long.mp4,27,outmantles-invertor,blog.com,1499,40473,0.1,long
138,/videos/2020-02-01/outmantles-invertor-long.mp4,27,outmantles-invertor,webs.com,166508,4495716,0.11,long
138,/videos/2020-02-01/outmantles-invertor-long.mp4,27,outmantles-invertor,earthlink.net,454279,12265533,0.23,long
138,/videos/2020-02-01/outmantles-invertor-long.mp4,27,outmantles-invertor,unknown,1997,53919,0.32,long
862,/root/bucket3/beastly-clitella-short.mp4,27,beastly-clitella,zdnet.com,917662,24776874,0.16,short
862,/root/bucket3/beastly-clitella-short.mp4,27,beastly-clitella,prnewswire.com,991394,26767638,0.3,short
862,/root/bucket3/beastly-clitella-short.mp4,27,beastly-clitella,ebay.co.uk,1497,40419,0.24,short
862,/root/bucket3/beastly-clitella-short.mp4,27,beastly-clitella,yale.edu,1499,40473,0.37,short
862,/root/bucket3/beastly-clitella-short.mp4,27,beastly-clitella,nymag.com,678933,18331191,0.24,short
862,/root/bucket3/beastly-clitella-short.mp4,27,beastly-clitella,dailymotion.com,668551,18050877,0.23,short
1475,/root/bucket4/beastly-clitella-long.mp4,31,beastly-clitella,unknown,571579,17718949,0.27,long
1475,/root/bucket4/beastly-clitella-long.mp4,31,beastly-clitella,dion.ne.jp,485528,15051368,0.34,long
1475,/root/bucket4/beastly-clitella-long.mp4,31,beastly-clitella,unknown,2003,62093,0.5,long
1475,/root/bucket4/beastly-clitella-long.mp4,31,beastly-clitella,g.co,93794,2907614,0.24,long
1151,/root/bucket1/pelorias-madrepore-short.mp4,16,pelorias-madrepore,unknown,1996,31936,0.41,short
1151,/root/bucket1/pelorias-madrepore-short.mp4,16,pelorias-madrepore,skype.com,935038,14960608,0.27,short
593,/videos/2020-02-01/pelorias-madrepore-long.mp4,52,pelorias-madrepore,flavors.me,797948,41493296,0.39,long
593,/videos/2020-02-01/pelorias-madrepore-long.mp4,52,pelorias-madrepore,shareasale.com,403059,20959068,0.17,long
258,/media/tirednesses-adjoin-short.mp4,6,tirednesses-adjoin,storify.com,549056,3294336,0.44,short
258,/media/tirednesses-adjoin-short.mp4,6,tirednesses-adjoin,de.vu,511944,3071664,0.2,short
258,/media/tirednesses-adjoin-short.mp4,6,tirednesses-adjoin,webs.com,993013,5958078,0.23,short
258,/media/tirednesses-adjoin-short.mp4,6,tirednesses-adjoin,about.com,392212,2353272,0.1,short
258,/media/tirednesses-adjoin-short.mp4,6,tirednesses-adjoin,ebay.co.uk,1502,9012,0.49,short
398,/root/bucket3/tirednesses-adjoin-long.mp4,33,tirednesses-adjoin,unknown,1998,65934,0.38,long
398,/root/bucket3/tirednesses-adjoin-long.mp4,33,tirednesses-adjoin,unknown,2004,66132,0.49,long
398,/root/bucket3/tirednesses-adjoin-long.mp4,33,tirednesses-adjoin,netvibes.com,818429,27008157,0.26,long
398,/root/bucket3/tirednesses-adjoin-long.mp4,33,tirednesses-adjoin,google.nl,416295,13737735,0.15,long
190,/videos/2020-02-02/squalors-audiograph-short.mp4,11,squalors-audiograph,google.nl,879095,9670045,0.49,short
685,/videos/2020-02-04/squalors-audiograph-long.mp4,36,squalors-audiograph,g.co,910374,32773464,0.1,long
685,/videos/2020-02-04/squalors-audiograph-long.mp4,36,squalors-audiograph,unknown,1999,71964,0.15,long
685,/videos/2020-02-04/squalors-audiograph-long.mp4,36,squalors-audiograph,comcast.net,909078,32726808,0.19,long
685,/videos/2020-02-04/squalors-audiograph-long.mp4,36,squalors-audiograph,ebay.co.uk,1499,53964,0.25,long
685,/videos/2020-02-04/squalors-audiograph-long.mp4,36,squalors-audiograph,unknown,529865,19075140,0.27,long
685,/videos/2020-02-04/squalors-audiograph-long.mp4,36,squalors-audiograph,multiply.com,329349,11856564,0.2,long
685,/videos/2020-02-04/squalors-audiograph-long.mp4,36,squalors-audiograph,csmonitor.com,19519,702684,0.22,long
1901,/media/operagoers-banderilleros-short.mp4,5,operagoers-banderilleros,nature.com,521749,2608745,0.12,short
1901,/media/operagoers-banderilleros-short.mp4,5,operagoers-banderilleros,yale.edu,1502,7510,0.23,short
1901,/media/operagoers-banderilleros-short.mp4,5,operagoers-banderilleros,seattletimes.com,979490,4897450,0.33,short
1901,/media/operagoers-banderilleros-short.mp4,5,operagoers-banderilleros,delicious.com,616923,3084615,0.45,short
1352,/root/bucket1/operagoers-banderilleros-long.mp4,59,operagoers-banderilleros,unknown,1511,89149,0.14,long
61,/videos/2020-02-03/corybant-kipp-short.mp4,29,corybant-kipp,ebay.co.uk,1501,43529,0.12,short
61,/videos/2020-02-03/corybant-kipp-short.mp4,29,corybant-kipp,unknown,242372,7028788,0.43,short
61,/videos/2020-02-03/corybant-kipp-short.mp4,29,corybant-kipp,blog.com,1502,43558,0.18,short
61,/videos/2020-02-03/corybant-kipp-short.mp4,29,corybant-kipp,unknown,1508,43732,0.3,short
61,/videos/2020-02-03/corybant-kipp-short.mp4,29,corybant-kipp,unknown,2004,58116,0.48,short
505,/media/corybant-kipp-long.mp4,26,corybant-kipp,yale.edu,174034,4524884,0.18,long
505,/media/corybant-kipp-long.mp4,26,corybant-kipp,yale.edu,1491,38766,0.32,long
505,/media/corybant-kipp-long.mp4,26,corybant-kipp,twitter.com,770805,20040930,0.45,long
905,/videos/2020-02-01/oiks-expectedness-short.mp4,7,oiks-expectedness,unknown,372412,2606884,0.11,short
905,/videos/2020-02-01/oiks-expectedness-short.mp4,7,oiks-expectedness,yale.edu,1501,10507,0.14,short
905,/videos/2020-02-01/oiks-expectedness-short.mp4,7,oiks-expectedness,twitter.com,59635,417445,0.18,short
452,/root/bucket1/oiks-expectedness-long.mp4,54,oiks-expectedness,macromedia.com,132539,7157106,0.32,long
1665,/root/bucket3/overbearing-cadie-short.mp4,8,overbearing-cadie,unknown,1998,15984,0.26,short
1665,/root/bucket3/overbearing-cadie-short.mp4,8,overbearing-cadie,blog.com,1498,11984,0.19,short
1665,/root/bucket3/overbearing-cadie-short.mp4,8,overbearing-cadie,icio.us,645234,5161872,0.41,short
1674,/root/bucket3/overbearing-cadie-long.mp4,34,overbearing-cadie,bravesites.com,102589,3488026,0.14,long
1674,/root/bucket3/overbearing-cadie-long.mp4,34,overbearing-cadie,blog.com,1502,51068,0.14,long
1674,/root/bucket3/overbearing-cadie-long.mp4,34,overbearing-cadie,unknown,780027,26520918,0.2,long
619,/videos/2020-02-03/footered-vespertinal-short.mp4,8,footered-vespertinal,blog.com,1498,11984,0.22,short
1765,/root/bucket1/footered-vespertinal-long.mp4,50,footered-vespertinal,shareasale.com,501119,25055950,0.17,long
1765,/root/bucket1/footered-vespertinal-long.mp4,50,footered-vespertinal,nature.com,989917,49495850,0.24,long
1765,/root/bucket1/footered-vespertinal-long.mp4,50,footered-vespertinal,unknown,1511,75550,0.44,long
1765,/root/bucket1/footered-vespertinal-long.mp4,50,footered-vespertinal,washington.edu,165454,8272700,0.43,long
1765,/root/bucket1/footered-vespertinal-long.mp4,50,footered-vespertinal,mail.ru,423112,21155600,0.18,long
643,/videos/2020-02-03/otiosities-benzols-short.mp4,5,otiosities-benzols,webs.com,780947,3904735,0.42,short
643,/videos/2020-02-03/otiosities-benzols-short.mp4,5,otiosities-benzols,ebay.co.uk,1498,7490,0.15,short
643,/videos/2020-02-03/otiosities-benzols-short.mp4,5,otiosities-benzols,ebay.co.uk,1498,7490,0.39,short
643,/videos/2020-02-03/otiosities-benzols-short.mp4,5,otiosities-benzols,storify.com,750421,3752105,0.32,short
1500,/root/bucket5/otiosities-benzols-long.mp4,48,otiosities-benzols,unknown,1515,72720,0.25,long
1500,/root/bucket5/otiosities-benzols-long.mp4,48,otiosities-benzols,ebay.co.uk,1503,72144,0.28,long
1709,/root/bucket1/lumpinesses-pursing-short.mp4,11,lumpinesses-pursing,zdnet.com,523376,5757136,0.23,short
1709,/root/bucket1/lumpinesses-pursing-short.mp4,11,lumpinesses-pursing,ebay.co.uk,1500,16500,0.27,short
1709,/root/bucket1/lumpinesses-pursing-short.mp4,11,lumpinesses-pursing,icio.us,816498,8981478,0.18,short
429,/root/bucket3/lumpinesses-pursing-long.mp4,48,lumpinesses-pursing,drupal.org,112959,5422032,0.28,long
429,/root/bucket3/lumpinesses-pursing-long.mp4,48,lumpinesses-pursing,reverbnation.com,260771,12517008,0.25,long
429,/root/bucket3/lumpinesses-pursing-long.mp4,48,lumpinesses-pursing,icio.us,656805,31526640,0.28,long
429,/root/bucket3/lumpinesses-pursing-long.mp4,48,lumpinesses-pursing,yale.edu,1501,72048,0.11,long
429,/root/bucket3/lumpinesses-pursing-long.mp4,48,lumpinesses-pursing,mail.ru,711363,34145424,0.12,long
666,/videos/2020-02-03/subatoms-tweezed-short.mp4,19,subatoms-tweezed,goo.ne.jp,510870,9706530,0.39,short
432,/root/bucket3/subatoms-tweezed-long.mp4,58,subatoms-tweezed,ocn.ne.jp,26116,1514728,0.23,long
318,/videos/2020-02-02/caravaneer-trevisses-short.mp4,12,caravaneer-trevisses,unknown,348796,4185552,0.13,short
1158,/videos/2020-02-02/caravaneer-trevisses-long.mp4,53,caravaneer-trevisses,blogs.com,933049,49451597,0.42,long
1158,/videos/2020-02-02/caravaneer-trevisses-long.mp4,53,caravaneer-trevisses,yale.edu,115927,6144131,0.28,long
1158,/videos/2020-02-02/caravaneer-trevisses-long.mp4,53,caravaneer-trevisses,phoca.cz,623138,33026314,0.42,long
1158,/videos/2020-02-02/caravaneer-trevisses-long.mp4,53,caravaneer-trevisses,ebay.co.uk,1498,79394,0.23,long
1158,/videos/2020-02-02/caravaneer-trevisses-long.mp4,53,caravaneer-trevisses,yale.edu,1506,79818,0.39,long
1158,/videos/2020-02-02/caravaneer-trevisses-long.mp4,53,caravaneer-trevisses,unknown,649468,34421804,0.4,long
1158,/videos/2020-02-02/caravaneer-trevisses-long.mp4,53,caravaneer-trevisses,ebay.co.uk,1492,79076,0.26,long
515,/root/bucket5/uranite-apolipoprotein-short.mp4,12,uranite-apolipoprotein,unknown,2005,24060,0.15,short
515,/root/bucket5/uranite-apolipoprotein-short.mp4,12,uranite-apolipoprotein,unknown,126963,1523556,0.28,short
515,/root/bucket5/uranite-apolipoprotein-short.mp4,12,uranite-apolipoprotein,discovery.com,220968,2651616,0.18,short
1313,/root/bucket1/uranite-apolipoprotein-long.mp4,46,uranite-apolipoprotein,blog.com,1498,68908,0.3,long
1313,/root/bucket1/uranite-apolipoprotein-long.mp4,46,uranite-apolipoprotein,loc.gov,668762,30763052,0.25,long
1624,/media/boozing-mispenned-short.mp4,8,boozing-mispenned,yale.edu,528683,4229464,0.26,short
1624,/media/boozing-mispenned-short.mp4,8,boozing-mispenned,blog.com,1499,11992,0.38,short
1624,/media/boozing-mispenned-short.mp4,8,boozing-mispenned,so-net.ne.jp,145106,1160848,0.29,short
680,/videos/2020-02-03/boozing-mispenned-long.mp4,55,boozing-mispenned,dedecms.com,643866,35412630,0.36,long
680,/videos/2020-02-03/boozing-mispenned-long.mp4,55,boozing-mispenned,msu.edu,105491,5802005,0.41,long
680,/videos/2020-02-03/boozing-mispenned-long.mp4,55,boozing-mispenned,odnoklassniki.ru,893758,49156690,0.23,long
680,/videos/2020-02-03/boozing-mispenned-long.mp4,55,boozing-mispenned,unknown,386306,21246830,0.24,long
680,/videos/2020-02-03/boozing-mispenned-long.mp4,55,boozing-mispenned,fc2.com,241005,13255275,0.45,long
680,/videos/2020-02-03/boozing-mispenned-long.mp4,55,boozing-mispenned,unknown,567650,31220750,0.13,long
995,/media/linocuts-phlebosclerosis-short.mp4,22,linocuts-phlebosclerosis,yale.edu,1499,32978,0.29,short
995,/media/linocuts-phlebosclerosis-short.mp4,22,linocuts-phlebosclerosis,nature.com,904240,19893280,0.16,short
995,/media/linocuts-phlebosclerosis-short.mp4,22,linocuts-phlebosclerosis,unknown,1998,43956,0.21,short
995,/media/linocuts-phlebosclerosis-short.mp4,22,linocuts-phlebosclerosis,blog.com,1498,32956,0.11,short
995,/media/linocuts-phlebosclerosis-short.mp4,22,linocuts-phlebosclerosis,earthlink.net,988084,21737848,0.3,short
995,/media/linocuts-phlebosclerosis-short.mp4,22,linocuts-phlebosclerosis,unknown,306171,6735762,0.48,short
1691,/videos/2020-02-02/linocuts-phlebosclerosis-long.mp4,44,linocuts-phlebosclerosis,state.gov,999134,43961896,0.4,long
1691,/videos/2020-02-02/linocuts-phlebosclerosis-long.mp4,44,linocuts-phlebosclerosis,fc2.com,333457,14672108,0.11,long
1691,/videos/2020-02-02/linocuts-phlebosclerosis-long.mp4,44,linocuts-phlebosclerosis,unknown,2001,88044,0.49,long
316,/videos/2020-02-04/brik-skeptically-short.mp4,6,brik-skeptically,simplemachines.org,269295,1615770,0.36,short
316,/videos/2020-02-04/brik-skeptically-short.mp4,6,brik-skeptically,nature.com,809009,4854054,0.49,short
316,/videos/2020-02-04/brik-skeptically-short.mp4,6,brik-skeptically,g.co,279116,1674696,0.13,short
316,/videos/2020-02-04/brik-skeptically-short.mp4,6,brik-skeptically,drupal.org,949468,5696808,0.44,short
17,/root/bucket3/brik-skeptically-long.mp4,52,brik-skeptically,archive.org,314331,16345212,0.23,long
17,/root/bucket3/brik-skeptically-long.mp4,52,brik-skeptically,sourceforge.net,167369,8703188,0.47,long
17,/root/bucket3/brik-skeptically-long.mp4,52,brik-skeptically,topsy.com,309618,16100136,0.21,long
1827,/root/bucket1/glueball-tache-short.mp4,21,glueball-tache,blogs.com,901660,18934860,0.5,short
1827,/root/bucket1/glueball-tache-short.mp4,21,glueball-tache,blog.com,1504,31584,0.27,short
1827,/root/bucket1/glueball-tache-short.mp4,21,glueball-tache,blog.com,1497,31437,0.27,short
1236,/videos/2020-02-02/glueball-tache-long.mp4,44,glueball-tache,fc2.com,866986,38147384,0.21,long
1236,/videos/2020-02-02/glueball-tache-long.mp4,44,glueball-tache,blog.com,1503,66132,0.26,long
1236,/videos/2020-02-02/glueball-tache-long.mp4,44,glueball-tache,unknown,1509,66396,0.36,long
1236,/videos/2020-02-02/glueball-tache-long.mp4,44,glueball-tache,google.fr,76817,3379948,0.11,long
1948,/root/bucket1/missionisations-hypercharging-short.mp4,11,missionisations-hypercharging,ebay.co.uk,1505,16555,0.48,short
1948,/root/bucket1/missionisations-hypercharging-short.mp4,11,missionisations-hypercharging,blog.com,1502,16522,0.37,short
1948,/root/bucket1/missionisations-hypercharging-short.mp4,11,missionisations-hypercharging,free13runpool.com,35804,393844,0.13,short
1948,/root/bucket1/missionisations-hypercharging-short.mp4,11,missionisations-hypercharging,unknown,2007,22077,0.33,short
1948,/root/bucket1/missionisations-hypercharging-short.mp4,11,missionisations-hypercharging,phoca.cz,736123,8097353,0.29,short
1777,/videos/2020-02-01/missionisations-hypercharging-long.mp4,46,missionisations-hypercharging,ebay.co.uk,1502,69092,0.14,long
1777,/videos/2020-02-01/missionisations-hypercharging-long.mp4,46,missionisations-hypercharging,unknown,174292,8017432,0.38,long
1777,/videos/2020-02-01/missionisations-hypercharging-long.mp4,46,missionisations-hypercharging,skype.com,723776,33293696,0.33,long
1777,/videos/2020-02-01/missionisations-hypercharging-long.mp4,46,missionisations-hypercharging,auda.org.au,429197,19743062,0.49,long
1109,/root/bucket5/exploited-conkers-short.mp4,29,exploited-conkers,blog.com,1500,43500,0.36,short
1109,/root/bucket5/exploited-conkers-short.mp4,29,exploited-conkers,nature.com,504323,14625367,0.39,short
1109,/root/bucket5/exploited-conkers-short.mp4,29,exploited-conkers,unknown,1996,57884,0.34,short
1109,/root/bucket5/exploited-conkers-short.mp4,29,exploited-conkers,state.gov,358928,10408912,0.25,short
326,/root/bucket3/exploited-conkers-long.mp4,60,exploited-conkers,seattletimes.com,362694,21761640,0.1,long
326,/root/bucket3/exploited-conkers-long.mp4,60,exploited-conkers,blog.com,1502,90120,0.22,long
326,/root/bucket3/exploited-conkers-long.mp4,60,exploited-conkers,unknown,1511,90660,0.48,long
326,/root/bucket3/exploited-conkers-long.mp4,60,exploited-conkers,flavors.me,694590,41675400,0.45,long
1129,/root/bucket5/influential-screensaver-short.mp4,9,influential-screensaver,unknown,1994,17946,0.33,short
1129,/root/bucket5/influential-screensaver-short.mp4,9,influential-screensaver,blog.com,1501,13509,0.18,short
1129,/root/bucket5/influential-screensaver-short.mp4,9,influential-screensaver,unknown,2001,18009,0.49,short
1129,/root/bucket5/influential-screensaver-short.mp4,9,influential-screensaver,goo.ne.jp,337911,3041199,0.15,short
1129,/root/bucket5/influential-screensaver-short.mp4,9,influential-screensaver,unknown,2004,18036,0.45,short
1909,/media/influential-screensaver-long.mp4,36,influential-screensaver,purevolume.com,889272,32013792,0.32,long
1909,/media/influential-screensaver-long.mp4,36,influential-screensaver,unknown,231160,8321760,0.37,long
1909,/media/influential-screensaver-long.mp4,36,influential-screensaver,issuu.com,178360,6420960,0.26,long
1909,/media/influential-screensaver-long.mp4,36,influential-screensaver,goodreads.com,207268,7461648,0.49,long
1909,/media/influential-screensaver-long.mp4,36,influential-screensaver,unknown,285379,10273644,0.18,long
1155,/root/bucket4/asquat-waybreads-short.mp4,24,asquat-waybreads,dedecms.com,867603,20822472,0.33,short
1155,/root/bucket4/asquat-waybreads-short.mp4,24,asquat-waybreads,unknown,747883,17949192,0.22,short
1630,/media/asquat-waybreads-long.mp4,53,asquat-waybreads,goo.ne.jp,971663,51498139,0.26,long
1630,/media/asquat-waybreads-long.mp4,53,asquat-waybreads,istockphoto.com,413577,21919581,0.28,long
340,/root/bucket2/antefixes-creation-short.mp4,7,antefixes-creation,ocn.ne.jp,191779,1342453,0.4,short
340,/root/bucket2/antefixes-creation-short.mp4,7,antefixes-creation,chron.com,311796,2182572,0.22,short
340,/root/bucket2/antefixes-creation-short.mp4,7,antefixes-creation,blog.com,1501,10507,0.35,short
1641,/videos/2020-02-01/antefixes-creation-long.mp4,37,antefixes-creation,free13runpool.com,282812,10464044,0.32,long
1641,/videos/2020-02-01/antefixes-creation-long.mp4,37,antefixes-creation,blog.com,1496,55352,0.12,long
1641,/videos/2020-02-01/antefixes-creation-long.mp4,37,antefixes-creation,yandex.ru,572794,21193378,0.48,long
1641,/videos/2020-02-01/antefixes-creation-long.mp4,37,antefixes-creation,zdnet.com,629230,23281510,0.47,long
1144,/media/bankrollers-orientalized-short.mp4,20,bankrollers-orientalized,simplemachines.org,86345,1726900,0.27,short
408,/root/bucket1/bankrollers-orientalized-long.mp4,55,bankrollers-orientalized,unknown,767146,42193030,0.29,long
408,/root/bucket1/bankrollers-orientalized-long.mp4,55,bankrollers-orientalized,usnews.com,816749,44921195,0.44,long
408,/root/bucket1/bankrollers-orientalized-long.mp4,55,bankrollers-orientalized,msu.edu,640426,35223430,0.33,long
408,/root/bucket1/bankrollers-orientalized-long.mp4,55,bankrollers-orientalized,webs.com,909400,50017000,0.4,long
7,/videos/2020-02-01/sensationalism-outblessing-short.mp4,12,sensationalism-outblessing,jigsy.com,141617,1699404,0.37,short
7,/videos/2020-02-01/sensationalism-outblessing-short.mp4,12,sensationalism-outblessing,unknown,248666,2983992,0.25,short
7,/videos/2020-02-01/sensationalism-outblessing-short.mp4,12,sensationalism-outblessing,g.co,728705,8744460,0.28,short
7,/videos/2020-02-01/sensationalism-outblessing-short.mp4,12,sensationalism-outblessing,unknown,1513,18156,0.11,short
7,/videos/2020-02-01/sensationalism-outblessing-short.mp4,12,sensationalism-outblessing,unknown,1512,18144,0.17,short
178,/root/bucket3/sensationalism-outblessing-long.mp4,25,sensationalism-outblessing,blog.com,1507,37675,0.3,long
178,/root/bucket3/sensationalism-outblessing-long.mp4,25,sensationalism-outblessing,so-net.ne.jp,941804,23545100,0.39,long
178,/root/bucket3/sensationalism-outblessing-long.mp4,25,sensationalism-outblessing,elegantthemes.com,115838,2895950,0.44,long
178,/root/bucket3/sensationalism-outblessing-long.mp4,25,sensationalism-outblessing,unknown,2001,50025,0.44,long
178,/root/bucket3/sensationalism-outblessing-long.mp4,25,sensationalism-outblessing,macromedia.com,590136,14753400,0.44,long
1247,/videos/2020-02-04/bodkins-belace-short.mp4,10,bodkins-belace,ebay.co.uk,1500,15000,0.37,short
166,/videos/2020-02-01/bodkins-belace-long.mp4,36,bodkins-belace,ebay.co.uk,1502,54072,0.41,long
420,/videos/2020-02-01/manchineel-yellings-short.mp4,10,manchineel-yellings,unknown,1509,15090,0.37,short
420,/videos/2020-02-01/manchineel-yellings-short.mp4,10,manchineel-yellings,unknown,1996,19960,0.33,short
420,/videos/2020-02-01/manchineel-yellings-short.mp4,10,manchineel-yellings,ebay.co.uk,1497,14970,0.34,short
1330,/media/manchineel-yellings-long.mp4,30,manchineel-yellings,dedecms.com,667391,20021730,0.43,long
1330,/media/manchineel-yellings-long.mp4,30,manchineel-yellings,yale.edu,1502,45060,0.38,long
1330,/media/manchineel-yellings-long.mp4,30,manchineel-yellings,storify.com,442534,13276020,0.17,long
1330,/media/manchineel-yellings-long.mp4,30,manchineel-yellings,shinystat.com,496225,14886750,0.14,long
1443,/videos/2020-02-01/unperches-lameds-short.mp4,30,unperches-lameds,joomla.org,277067,8312010,0.35,short
1443,/videos/2020-02-01/unperches-lameds-short.mp4,30,unperches-lameds,netvibes.com,543723,16311690,0.28,short
382,/media/unperches-lameds-long.mp4,25,unperches-lameds,blogs.com,228236,5705900,0.32,long
151,/media/misstruck-torturously-short.mp4,24,misstruck-torturously,yale.edu,1498,35952,0.15,short
1431,/videos/2020-02-01/misstruck-torturously-long.mp4,60,misstruck-torturously,ebay.co.uk,1497,89820,0.28,long
333,/root/bucket3/spinous-objectifying-short.mp4,8,spinous-objectifying,unknown,680218,5441744,0.41,short
333,/root/bucket3/spinous-objectifying-short.mp4,8,spinous-objectifying,unknown,2000,16000,0.14,short
333,/root/bucket3/spinous-objectifying-short.mp4,8,spinous-objectifying,ebay.co.uk,1504,12032,0.35,short
333,/root/bucket3/spinous-objectifying-short.mp4,8,spinous-objectifying,purevolume.com,611781,4894248,0.11,short
333,/root/bucket3/spinous-objectifying-short.mp4,8,spinous-objectifying,shareasale.com,318256,2546048,0.18,short
333,/root/bucket3/spinous-objectifying-short.mp4,8,spinous-objectifying,epa.gov,654025,5232200,0.42,short
1391,/videos/2020-02-03/spinous-objectifying-long.mp4,40,spinous-objectifying,harvard.edu,542076,21683040,0.26,long
1391,/videos/2020-02-03/spinous-objectifying-long.mp4,40,spinous-objectifying,goo.ne.jp,594837,23793480,0.16,long
29,/videos/2020-02-04/outbegs-hardbeams-short.mp4,18,outbegs-hardbeams,unknown,758302,13649436,0.37,short
29,/videos/2020-02-04/outbegs-hardbeams-short.mp4,18,outbegs-hardbeams,ebay.co.uk,1499,26982,0.27,short
29,/videos/2020-02-04/outbegs-hardbeams-short.mp4,18,outbegs-hardbeams,nature.com,537410,9673380,0.43,short
1610,/videos/2020-02-04/outbegs-hardbeams-long.mp4,49,outbegs-hardbeams,cafepress.com,890508,43634892,0.11,long
1610,/videos/2020-02-04/outbegs-hardbeams-long.mp4,49,outbegs-hardbeams,npr.org,829935,40666815,0.33,long
1610,/videos/2020-02-04/outbegs-hardbeams-long.mp4,49,outbegs-hardbeams,blog.com,1500,73500,0.41,long
1610,/videos/2020-02-04/outbegs-hardbeams-long.mp4,49,outbegs-hardbeams,so-net.ne.jp,189499,9285451,0.38,long
1610,/videos/2020-02-04/outbegs-hardbeams-long.mp4,49,outbegs-hardbeams,studiopress.com,433952,21263648,0.34,long
1610,/videos/2020-02-04/outbegs-hardbeams-long.mp4,49,outbegs-hardbeams,joomla.org,485034,23766666,0.3,long
203,/videos/2020-02-03/snifting-synchronical-short.mp4,12,snifting-synchronical,yale.edu,1504,18048,0.4,short
139,/root/bucket4/snifting-synchronical-long.mp4,51,snifting-synchronical,unknown,449680,22933680,0.13,long
139,/root/bucket4/snifting-synchronical-long.mp4,51,snifting-synchronical,nba.com,988008,50388408,0.48,long
139,/root/bucket4/snifting-synchronical-long.mp4,51,snifting-synchronical,ebay.co.uk,1502,76602,0.19,long
139,/root/bucket4/snifting-synchronical-long.mp4,51,snifting-synchronical,fc2.com,605376,30874176,0.5,long
1979,/videos/2020-02-04/rheumic-tiresomenesses-short.mp4,15,rheumic-tiresomenesses,flavors.me,883338,13250070,0.13,short
1979,/videos/2020-02-04/rheumic-tiresomenesses-short.mp4,15,rheumic-tiresomenesses,seattletimes.com,830506,12457590,0.27,short
1846,/root/bucket4/mattoids-coryluses-short.mp4,10,mattoids-coryluses,auda.org.au,590116,5901160,0.29,short
1846,/root/bucket4/mattoids-coryluses-short.mp4,10,mattoids-coryluses,flavors.me,487275,4872750,0.44,short
1823,/root/bucket1/mattoids-coryluses-long.mp4,43,mattoids-coryluses,prnewswire.com,146292,6290556,0.13,long
1823,/root/bucket1/mattoids-coryluses-long.mp4,43,mattoids-coryluses,storify.com,594762,25574766,0.44,long
1823,/root/bucket1/mattoids-coryluses-long.mp4,43,mattoids-coryluses,hhs.gov,376810,16202830,0.2,long
1823,/root/bucket1/mattoids-coryluses-long.mp4,43,mattoids-coryluses,mail.ru,376086,16171698,0.13,long
587,/videos/2020-02-02/leaflessnesses-exacts-short.mp4,6,leaflessnesses-exacts,unknown,1999,11994,0.38,short
587,/videos/2020-02-02/leaflessnesses-exacts-short.mp4,6,leaflessnesses-exacts,ustream.tv,221519,1329114,0.21,short
587,/videos/2020-02-02/leaflessnesses-exacts-short.mp4,6,leaflessnesses-exacts,blog.com,1499,8994,0.4,short
1486,/videos/2020-02-03/leaflessnesses-exacts-long.mp4,51,leaflessnesses-exacts,jalbum.net,523581,26702631,0.1,long
1486,/videos/2020-02-03/leaflessnesses-exacts-long.mp4,51,leaflessnesses-exacts,unknown,2000,102000,0.12,long
1486,/videos/2020-02-03/leaflessnesses-exacts-long.mp4,51,leaflessnesses-exacts,unknown,828899,42273849,0.22,long
1486,/videos/2020-02-03/leaflessnesses-exacts-long.mp4,51,leaflessnesses-exacts,blog.com,1504,76704,0.43,long
1486,/videos/2020-02-03/leaflessnesses-exacts-long.mp4,51,leaflessnesses-exacts,comcast.net,538659,27471609,0.4,long
1486,/videos/2020-02-03/leaflessnesses-exacts-long.mp4,51,leaflessnesses-exacts,blog.com,1506,76806,0.17,long
1486,/videos/2020-02-03/leaflessnesses-exacts-long.mp4,51,leaflessnesses-exacts,unknown,1999,101949,0.16,long
1486,/videos/2020-02-03/leaflessnesses-exacts-long.mp4,51,leaflessnesses-exacts,studiopress.com,958096,48862896,0.11,long
1486,/videos/2020-02-03/leaflessnesses-exacts-long.mp4,51,leaflessnesses-exacts,macromedia.com,806441,41128491,0.28,long
1533,/root/bucket3/chemoautotroph-benignantly-short.mp4,14,chemoautotroph-benignantly,java.com,316153,4426142,0.14,short
1533,/root/bucket3/chemoautotroph-benignantly-short.mp4,14,chemoautotroph-benignantly,icio.us,886795,12415130,0.4,short
1970,/root/bucket5/chemoautotroph-benignantly-long.mp4,46,chemoautotroph-benignantly,thetimes.co.uk,11821,543766,0.31,long
1970,/root/bucket5/chemoautotroph-benignantly-long.mp4,46,chemoautotroph-benignantly,unknown,4787,220202,0.28,long
180,/root/bucket3/postorbital-magnanimity-short.mp4,11,postorbital-magnanimity,blog.com,1499,16489,0.45,short
1299,/root/bucket2/postorbital-magnanimity-long.mp4,59,postorbital-magnanimity,joomla.org,448678,26472002,0.4,long
1299,/root/bucket2/postorbital-magnanimity-long.mp4,59,postorbital-magnanimity,blog.com,1505,88795,0.13,long
1299,/root/bucket2/postorbital-magnanimity-long.mp4,59,postorbital-magnanimity,ebay.co.uk,1498,88382,0.42,long
1184,/media/entrailing-covalently-short.mp4,13,entrailing-covalently,yale.edu,284208,3694704,0.22,short
1184,/media/entrailing-covalently-short.mp4,13,entrailing-covalently,yale.edu,1500,19500,0.25,short
1184,/media/entrailing-covalently-short.mp4,13,entrailing-covalently,purevolume.com,872506,11342578,0.37,short
1184,/media/entrailing-covalently-short.mp4,13,entrailing-covalently,odnoklassniki.ru,358387,4659031,0.34,short
1246,/root/bucket5/entrailing-covalently-long.mp4,58,entrailing-covalently,de.vu,646750,37511500,0.22,long
1246,/root/bucket5/entrailing-covalently-long.mp4,58,entrailing-covalently,reddit.com,608229,35277282,0.36,long
1246,/root/bucket5/entrailing-covalently-long.mp4,58,entrailing-covalently,blog.com,1498,86884,0.12,long
1246,/root/bucket5/entrailing-covalently-long.mp4,58,entrailing-covalently,yale.edu,1499,86942,0.43,long
1246,/root/bucket5/entrailing-covalently-long.mp4,58,entrailing-covalently,yale.edu,1502,87116,0.2,long
216,/root/bucket2/experience-goulashes-short.mp4,30,experience-goulashes,nbcnews.com,35628,1068840,0.32,short
216,/root/bucket2/experience-goulashes-short.mp4,30,experience-goulashes,dailymotion.com,895393,26861790,0.24,short
216,/root/bucket2/experience-goulashes-short.mp4,30,experience-goulashes,unknown,1510,45300,0.14,short
216,/root/bucket2/experience-goulashes-short.mp4,30,experience-goulashes,blog.com,1500,45000,0.47,short
970,/videos/2020-02-04/experience-goulashes-long.mp4,47,experience-goulashes,multiply.com,943740,44355780,0.4,long
970,/videos/2020-02-04/experience-goulashes-long.mp4,47,experience-goulashes,mail.ru,61336,2882792,0.13,long
1095,/root/bucket5/clartier-halutzim-short.mp4,20,clartier-halutzim,comsenz.com,662749,13254980,0.28,short
1095,/root/bucket5/clartier-halutzim-short.mp4,20,clartier-halutzim,epa.gov,626779,12535580,0.12,short
1095,/root/bucket5/clartier-halutzim-short.mp4,20,clartier-halutzim,discovery.com,451251,9025020,0.23,short
1095,/root/bucket5/clartier-halutzim-short.mp4,20,clartier-halutzim,ebay.co.uk,1503,30060,0.3,short
1095,/root/bucket5/clartier-halutzim-short.mp4,20,clartier-halutzim,unknown,954564,19091280,0.48,short
1095,/root/bucket5/clartier-halutzim-short.mp4,20,clartier-halutzim,ustream.tv,925983,18519660,0.26,short
1326,/root/bucket4/clartier-halutzim-long.mp4,45,clartier-halutzim,auda.org.au,292232,13150440,0.42,long
1326,/root/bucket4/clartier-halutzim-long.mp4,45,clartier-halutzim,harvard.edu,426173,19177785,0.17,long
1326,/root/bucket4/clartier-halutzim-long.mp4,45,clartier-halutzim,npr.org,911292,41008140,0.16,long
1326,/root/bucket4/clartier-halutzim-long.mp4,45,clartier-halutzim,fc2.com,404830,18217350,0.45,long
1631,/root/bucket4/subbranches-spatially-short.mp4,19,subbranches-spatially,ebay.co.uk,1498,28462,0.44,short
1631,/root/bucket4/subbranches-spatially-short.mp4,19,subbranches-spatially,unknown,650016,12350304,0.39,short
1631,/root/bucket4/subbranches-spatially-short.mp4,19,subbranches-spatially,redcross.org,227345,4319555,0.17,short
1631,/root/bucket4/subbranches-spatially-short.mp4,19,subbranches-spatially,shareasale.com,806752,15328288,0.27,short
1899,/root/bucket3/subbranches-spatially-long.mp4,53,subbranches-spatially,artisteer.com,711811,37725983,0.28,long
1899,/root/bucket3/subbranches-spatially-long.mp4,53,subbranches-spatially,flavors.me,127881,6777693,0.25,long
1899,/root/bucket3/subbranches-spatially-long.mp4,53,subbranches-spatially,opera.com,774688,41058464,0.31,long
1899,/root/bucket3/subbranches-spatially-long.mp4,53,subbranches-spatially,techcrunch.com,918954,48704562,0.3,long
1899,/root/bucket3/subbranches-spatially-long.mp4,53,subbranches-spatially,unknown,1509,79977,0.19,long
1899,/root/bucket3/subbranches-spatially-long.mp4,53,subbranches-spatially,webs.com,488660,25898980,0.5,long
1899,/root/bucket3/subbranches-spatially-long.mp4,53,subbranches-spatially,nba.com,899136,47654208,0.29,long
1899,/root/bucket3/subbranches-spatially-long.mp4,53,subbranches-spatially,unknown,810678,42965934,0.15,long
1899,/root/bucket3/subbranches-spatially-long.mp4,53,subbranches-spatially,ebay.co.uk,1502,79606,0.13,long
957,/root/bucket2/desexualizations-porchettas-short.mp4,12,desexualizations-porchettas,delicious.com,50516,606192,0.38,short
957,/root/bucket2/desexualizations-porchettas-short.mp4,12,desexualizations-porchettas,blog.com,1504,18048,0.46,short
957,/root/bucket2/desexualizations-porchettas-short.mp4,12,desexualizations-porchettas,yale.edu,1500,18000,0.11,short
957,/root/bucket2/desexualizations-porchettas-short.mp4,12,desexualizations-porchettas,ebay.co.uk,1500,18000,0.45,short
957,/root/bucket2/desexualizations-porchettas-short.mp4,12,desexualizations-porchettas,unknown,977592,11731104,0.45,short
482,/root/bucket4/desexualizations-porchettas-long.mp4,48,desexualizations-porchettas,jalbum.net,167513,8040624,0.39,long
482,/root/bucket4/desexualizations-porchettas-long.mp4,48,desexualizations-porchettas,yale.edu,1504,72192,0.14,long
482,/root/bucket4/desexualizations-porchettas-long.mp4,48,desexualizations-porchettas,webs.com,563972,27070656,0.38,long
1621,/root/bucket4/sangar-disintricates-short.mp4,22,sangar-disintricates,reddit.com,759629,16711838,0.31,short
1621,/root/bucket4/sangar-disintricates-short.mp4,22,sangar-disintricates,about.com,321519,7073418,0.42,short
1621,/root/bucket4/sangar-disintricates-short.mp4,22,sangar-disintricates,macromedia.com,543706,11961532,0.11,short
1540,/media/sangar-disintricates-long.mp4,41,sangar-disintricates,creativecommons.org,174691,7162331,0.17,long
1540,/media/sangar-disintricates-long.mp4,41,sangar-disintricates,studiopress.com,827701,33935741,0.15,long
1540,/media/sangar-disintricates-long.mp4,41,sangar-disintricates,blog.com,1502,61582,0.22,long
1938,/videos/2020-02-03/centrefolds-churr-short.mp4,29,centrefolds-churr,g.co,898516,26056964,0.33,short
1938,/videos/2020-02-03/centrefolds-churr-short.mp4,29,centrefolds-churr,flavors.me,249403,7232687,0.2,short
1938,/videos/2020-02-03/centrefolds-churr-short.mp4,29,centrefolds-churr,auda.org.au,496616,14401864,0.21,short
1938,/videos/2020-02-03/centrefolds-churr-short.mp4,29,centrefolds-churr,blog.com,1501,43529,0.25,short
1938,/videos/2020-02-03/centrefolds-churr-short.mp4,29,centrefolds-churr,flavors.me,935194,27120626,0.22,short
1938,/videos/2020-02-03/centrefolds-churr-short.mp4,29,centrefolds-churr,google.nl,993452,28810108,0.46,short
1098,/root/bucket1/centrefolds-churr-long.mp4,56,centrefolds-churr,unknown,879665,49261240,0.28,long
1098,/root/bucket1/centrefolds-churr-long.mp4,56,centrefolds-churr,yale.edu,1496,83776,0.42,long
1098,/root/bucket1/centrefolds-churr-long.mp4,56,centrefolds-churr,hhs.gov,83275,4663400,0.43,long
40,/root/bucket4/hapuku-directedness-short.mp4,10,hapuku-directedness,unknown,1510,15100,0.39,short
40,/root/bucket4/hapuku-directedness-short.mp4,10,hapuku-directedness,unknown,1505,15050,0.24,short
1,/root/bucket1/hapuku-directedness-long.mp4,60,hapuku-directedness,yale.edu,1501,90060,0.47,long
60,/root/bucket1/grievingly-homilists-short.mp4,27,grievingly-homilists,purevolume.com,360755,9740385,0.14,short
60,/root/bucket1/grievingly-homilists-short.mp4,27,grievingly-homilists,unknown,2001,54027,0.36,short
60,/root/bucket1/grievingly-homilists-short.mp4,27,grievingly-homilists,unknown,1510,40770,0.25,short
60,/root/bucket1/grievingly-homilists-short.mp4,27,grievingly-homilists,bbb.org,934596,25234092,0.33,short
60,/root/bucket1/grievingly-homilists-short.mp4,27,grievingly-homilists,unknown,1510,40770,0.12,short
1639,/videos/2020-02-03/grievingly-homilists-long.mp4,51,grievingly-homilists,ebay.co.uk,1496,76296,0.37,long
1639,/videos/2020-02-03/grievingly-homilists-long.mp4,51,grievingly-homilists,earthlink.net,182648,9315048,0.24,long
1639,/videos/2020-02-03/grievingly-homilists-long.mp4,51,grievingly-homilists,amazon.com,550688,28085088,0.19,long
1639,/videos/2020-02-03/grievingly-homilists-long.mp4,51,grievingly-homilists,ocn.ne.jp,605883,30900033,0.48,long
1639,/videos/2020-02-03/grievingly-homilists-long.mp4,51,grievingly-homilists,webs.com,251462,12824562,0.27,long
1639,/videos/2020-02-03/grievingly-homilists-long.mp4,51,grievingly-homilists,free13runpool.com,884044,45086244,0.34,long
1054,/videos/2020-02-01/numbers-routers-short.mp4,7,numbers-routers,meetup.com,573459,4014213,0.31,short
1054,/videos/2020-02-01/numbers-routers-short.mp4,7,numbers-routers,elegantthemes.com,999785,6998495,0.17,short
1054,/videos/2020-02-01/numbers-routers-short.mp4,7,numbers-routers,unknown,2000,14000,0.33,short
1054,/videos/2020-02-01/numbers-routers-short.mp4,7,numbers-routers,icio.us,500031,3500217,0.25,short
1054,/videos/2020-02-01/numbers-routers-short.mp4,7,numbers-routers,unknown,1508,10556,0.25,short
1517,/root/bucket1/numbers-routers-long.mp4,32,numbers-routers,g.co,528555,16913760,0.18,long
1517,/root/bucket1/numbers-routers-long.mp4,32,numbers-routers,unknown,904121,28931872,0.14,long
39,/root/bucket2/tressours-pickin-short.mp4,24,tressours-pickin,unknown,1512,36288,0.31,short
39,/root/bucket2/tressours-pickin-short.mp4,24,tressours-pickin,unknown,945278,22686672,0.15,short
39,/root/bucket2/tressours-pickin-short.mp4,24,tressours-pickin,fc2.com,394526,9468624,0.32,short
39,/root/bucket2/tressours-pickin-short.mp4,24,tressours-pickin,creativecommons.org,23407,561768,0.38,short
1645,/root/bucket3/tressours-pickin-long.mp4,41,tressours-pickin,yale.edu,1503,61623,0.17,long
1645,/root/bucket3/tressours-pickin-long.mp4,41,tressours-pickin,dedecms.com,118121,4842961,0.34,long
942,/root/bucket3/lepidopterists-dipshits-short.mp4,27,lepidopterists-dipshits,ebay.co.uk,1500,40500,0.3,short
942,/root/bucket3/lepidopterists-dipshits-short.mp4,27,lepidopterists-dipshits,unknown,647391,17479557,0.21,short
942,/root/bucket3/lepidopterists-dipshits-short.mp4,27,lepidopterists-dipshits,unknown,1997,53919,0.42,short
404,/root/bucket5/lepidopterists-dipshits-long.mp4,49,lepidopterists-dipshits,shinystat.com,841439,41230511,0.42,long
404,/root/bucket5/lepidopterists-dipshits-long.mp4,49,lepidopterists-dipshits,ustream.tv,531671,26051879,0.17,long
404,/root/bucket5/lepidopterists-dipshits-long.mp4,49,lepidopterists-dipshits,blog.com,1495,73255,0.43,long
1873,/root/bucket5/occasioners-gaspereaus-short.mp4,17,occasioners-gaspereaus,unknown,2000,34000,0.5,short
1873,/root/bucket5/occasioners-gaspereaus-short.mp4,17,occasioners-gaspereaus,unknown,583940,9926980,0.43,short
1873,/root/bucket5/occasioners-gaspereaus-short.mp4,17,occasioners-gaspereaus,so-net.ne.jp,803729,13663393,0.45,short
1761,/root/bucket3/occasioners-gaspereaus-long.mp4,26,occasioners-gaspereaus,yale.edu,1504,39104,0.47,long
1761,/root/bucket3/occasioners-gaspereaus-long.mp4,26,occasioners-gaspereaus,ebay.co.uk,1500,39000,0.41,long
1761,/root/bucket3/occasioners-gaspereaus-long.mp4,26,occasioners-gaspereaus,ustream.tv,948903,24671478,0.34,long
1761,/root/bucket3/occasioners-gaspereaus-long.mp4,26,occasioners-gaspereaus,yale.edu,1495,38870,0.25,long
1761,/root/bucket3/occasioners-gaspereaus-long.mp4,26,occasioners-gaspereaus,unknown,461744,12005344,0.43,long
932,/root/bucket1/zhomo-hawkishly-short.mp4,21,zhomo-hawkishly,techcrunch.com,497533,10448193,0.14,short
932,/root/bucket1/zhomo-hawkishly-short.mp4,21,zhomo-hawkishly,nature.com,815749,17130729,0.37,short
1118,/videos/2020-02-01/zhomo-hawkishly-long.mp4,60,zhomo-hawkishly,webs.com,880158,52809480,0.19,long
1118,/videos/2020-02-01/zhomo-hawkishly-long.mp4,60,zhomo-hawkishly,comcast.net,957472,57448320,0.3,long
1118,/videos/2020-02-01/zhomo-hawkishly-long.mp4,60,zhomo-hawkishly,drupal.org,447866,26871960,0.43,long
1118,/videos/2020-02-01/zhomo-hawkishly-long.mp4,60,zhomo-hawkishly,nature.com,529741,31784460,0.1,long
1118,/videos/2020-02-01/zhomo-hawkishly-long.mp4,60,zhomo-hawkishly,amazon.com,154917,9295020,0.36,long
328,/root/bucket1/ignitibilities-agatized-short.mp4,17,ignitibilities-agatized,blog.com,1500,25500,0.41,short
975,/media/ignitibilities-agatized-long.mp4,29,ignitibilities-agatized,slate.com,784237,22742873,0.47,long
1879,/videos/2020-02-02/dystocia-decelerators-short.mp4,12,dystocia-decelerators,netvibes.com,462701,5552412,0.14,short
1879,/videos/2020-02-02/dystocia-decelerators-short.mp4,12,dystocia-decelerators,discovery.com,120111,1441332,0.26,short
1879,/videos/2020-02-02/dystocia-decelerators-short.mp4,12,dystocia-decelerators,ebay.co.uk,1505,18060,0.28,short
1879,/videos/2020-02-02/dystocia-decelerators-short.mp4,12,dystocia-decelerators,yale.edu,1501,18012,0.46,short
1677,/videos/2020-02-01/dystocia-decelerators-long.mp4,52,dystocia-decelerators,unknown,469409,24409268,0.28,long
1677,/videos/2020-02-01/dystocia-decelerators-long.mp4,52,dystocia-decelerators,unknown,1515,78780,0.4,long
1677,/videos/2020-02-01/dystocia-decelerators-long.mp4,52,dystocia-decelerators,chron.com,462024,24025248,0.15,long
1677,/videos/2020-02-01/dystocia-decelerators-long.mp4,52,dystocia-decelerators,unknown,1509,78468,0.4,long
48,/videos/2020-02-02/sectarian-unnilquadiums-short.mp4,17,sectarian-unnilquadiums,blog.com,1496,25432,0.11,short
48,/videos/2020-02-02/sectarian-unnilquadiums-short.mp4,17,sectarian-unnilquadiums,thetimes.co.uk,414035,7038595,0.29,short
48,/videos/2020-02-02/sectarian-unnilquadiums-short.mp4,17,sectarian-unnilquadiums,ocn.ne.jp,386195,6565315,0.22,short
48,/videos/2020-02-02/sectarian-unnilquadiums-short.mp4,17,sectarian-unnilquadiums,unknown,1514,25738,0.37,short
48,/videos/2020-02-02/sectarian-unnilquadiums-short.mp4,17,sectarian-unnilquadiums,g.co,557590,9479030,0.23,short
825,/root/bucket2/sectarian-unnilquadiums-long.mp4,44,sectarian-unnilquadiums,goo.ne.jp,413995,18215780,0.45,long
825,/root/bucket2/sectarian-unnilquadiums-long.mp4,44,sectarian-unnilquadiums,google.fr,619684,27266096,0.17,long
825,/root/bucket2/sectarian-unnilquadiums-long.mp4,44,sectarian-unnilquadiums,fc2.com,618093,27196092,0.23,long
825,/root/bucket2/sectarian-unnilquadiums-long.mp4,44,sectarian-unnilquadiums,exblog.jp,805565,35444860,0.44,long
825,/root/bucket2/sectarian-unnilquadiums-long.mp4,44,sectarian-unnilquadiums,ebay.co.uk,1499,65956,0.42,long
825,/root/bucket2/sectarian-unnilquadiums-long.mp4,44,sectarian-unnilquadiums,artisteer.com,249122,10961368,0.15,long
1542,/videos/2020-02-04/parrs-silviculturally-short.mp4,10,parrs-silviculturally,unknown,827288,8272880,0.13,short
1542,/videos/2020-02-04/parrs-silviculturally-short.mp4,10,parrs-silviculturally,auda.org.au,942319,9423190,0.38,short
1542,/videos/2020-02-04/parrs-silviculturally-short.mp4,10,parrs-silviculturally,yale.edu,237276,2372760,0.48,short
1542,/videos/2020-02-04/parrs-silviculturally-short.mp4,10,parrs-silviculturally,fc2.com,328813,3288130,0.2,short
1542,/videos/2020-02-04/parrs-silviculturally-short.mp4,10,parrs-silviculturally,unknown,1507,15070,0.5,short
1542,/videos/2020-02-04/parrs-silviculturally-short.mp4,10,parrs-silviculturally,unknown,1510,15100,0.33,short
252,/videos/2020-02-03/parrs-silviculturally-long.mp4,40,parrs-silviculturally,skype.com,827662,33106480,0.29,long
252,/videos/2020-02-03/parrs-silviculturally-long.mp4,40,parrs-silviculturally,dion.ne.jp,676150,27046000,0.41,long
347,/videos/2020-02-02/blotchiest-fatalist-short.mp4,19,blotchiest-fatalist,moonfruit.com,519849,9877131,0.44,short
347,/videos/2020-02-02/blotchiest-fatalist-short.mp4,19,blotchiest-fatalist,ebay.co.uk,1499,28481,0.16,short
347,/videos/2020-02-02/blotchiest-fatalist-short.mp4,19,blotchiest-fatalist,fc2.com,490437,9318303,0.43,short
1746,/videos/2020-02-01/blotchiest-fatalist-long.mp4,34,blotchiest-fatalist,unknown,1512,51408,0.37,long
1746,/videos/2020-02-01/blotchiest-fatalist-long.mp4,34,blotchiest-fatalist,wp.com,245030,8331020,0.28,long
1746,/videos/2020-02-01/blotchiest-fatalist-long.mp4,34,blotchiest-fatalist,blog.com,1498,50932,0.17,long
1746,/videos/2020-02-01/blotchiest-fatalist-long.mp4,34,blotchiest-fatalist,unknown,1508,51272,0.33,long
75,/root/bucket2/braza-orramen-short.mp4,27,braza-orramen,unknown,2003,54081,0.26,short
75,/root/bucket2/braza-orramen-short.mp4,27,braza-orramen,unknown,571461,15429447,0.45,short
30,/videos/2020-02-02/calathi-pend-short.mp4,12,calathi-pend,ustream.tv,350507,4206084,0.34,short
30,/videos/2020-02-02/calathi-pend-short.mp4,12,calathi-pend,yale.edu,1503,18036,0.4,short
30,/videos/2020-02-02/calathi-pend-short.mp4,12,calathi-pend,blog.com,1495,17940,0.26,short
30,/videos/2020-02-02/calathi-pend-short.mp4,12,calathi-pend,icio.us,997148,11965776,0.32,short
131,/videos/2020-02-02/calathi-pend-long.mp4,58,calathi-pend,mail.ru,919238,53315804,0.19,long
131,/videos/2020-02-02/calathi-pend-long.mp4,58,calathi-pend,unknown,795185,46120730,0.19,long
131,/videos/2020-02-02/calathi-pend-long.mp4,58,calathi-pend,springer.com,588403,34127374,0.24,long
131,/videos/2020-02-02/calathi-pend-long.mp4,58,calathi-pend,elegantthemes.com,648700,37624600,0.4,long
131,/videos/2020-02-02/calathi-pend-long.mp4,58,calathi-pend,unknown,457445,26531810,0.11,long
339,/media/sinologist-weathercaster-short.mp4,24,sinologist-weathercaster,shinystat.com,304207,7300968,0.25,short
1782,/videos/2020-02-02/sinologist-weathercaster-long.mp4,44,sinologist-weathercaster,yale.edu,1497,65868,0.47,long
1782,/videos/2020-02-02/sinologist-weathercaster-long.mp4,44,sinologist-weathercaster,state.gov,735353,32355532,0.21,long
1782,/videos/2020-02-02/sinologist-weathercaster-long.mp4,44,sinologist-weathercaster,goo.ne.jp,232254,10219176,0.4,long
767,/root/bucket2/brigalows-banditry-short.mp4,26,brigalows-banditry,unknown,1514,39364,0.23,short
767,/root/bucket2/brigalows-banditry-short.mp4,26,brigalows-banditry,archive.org,303101,7880626,0.27,short
767,/root/bucket2/brigalows-banditry-short.mp4,26,brigalows-banditry,blog.com,1504,39104,0.25,short
1953,/root/bucket2/vermiculated-glitterier-short.mp4,6,vermiculated-glitterier,wiley.com,673116,4038696,0.21,short
563,/videos/2020-02-04/vermiculated-glitterier-long.mp4,43,vermiculated-glitterier,odnoklassniki.ru,883816,38004088,0.37,long
448,/root/bucket5/maggs-docksides-long.mp4,37,maggs-docksides,studiopress.com,461329,17069173,0.49,long
448,/root/bucket5/maggs-docksides-long.mp4,37,maggs-docksides,unknown,1513,55981,0.39,long
1478,/videos/2020-02-03/incumberingly-teapoys-short.mp4,17,incumberingly-teapoys,goo.ne.jp,979568,16652656,0.29,short
1478,/videos/2020-02-03/incumberingly-teapoys-short.mp4,17,incumberingly-teapoys,meetup.com,939309,15968253,0.13,short
1478,/videos/2020-02-03/incumberingly-teapoys-short.mp4,17,incumberingly-teapoys,istockphoto.com,431825,7341025,0.11,short
1356,/videos/2020-02-02/incumberingly-teapoys-long.mp4,25,incumberingly-teapoys,g.co,654436,16360900,0.31,long
1356,/videos/2020-02-02/incumberingly-teapoys-long.mp4,25,incumberingly-teapoys,ebay.co.uk,1500,37500,0.41,long
1356,/videos/2020-02-02/incumberingly-teapoys-long.mp4,25,incumberingly-teapoys,unknown,751311,18782775,0.37,long
1356,/videos/2020-02-02/incumberingly-teapoys-long.mp4,25,incumberingly-teapoys,yale.edu,1499,37475,0.31,long
1509,/videos/2020-02-03/communitaires-enchasers-short.mp4,28,communitaires-enchasers,purevolume.com,611860,17132080,0.2,short
1509,/videos/2020-02-03/communitaires-enchasers-short.mp4,28,communitaires-enchasers,reddit.com,679880,19036640,0.19,short
1509,/videos/2020-02-03/communitaires-enchasers-short.mp4,28,communitaires-enchasers,ebay.co.uk,1500,42000,0.15,short
1509,/videos/2020-02-03/communitaires-enchasers-short.mp4,28,communitaires-enchasers,unknown,207219,5802132,0.34,short
1509,/videos/2020-02-03/communitaires-enchasers-short.mp4,28,communitaires-enchasers,angelfire.com,824211,23077908,0.24,short
1285,/root/bucket5/communitaires-enchasers-long.mp4,26,communitaires-enchasers,unknown,985778,25630228,0.31,long
1285,/root/bucket5/communitaires-enchasers-long.mp4,26,communitaires-enchasers,purevolume.com,998944,25972544,0.22,long
1285,/root/bucket5/communitaires-enchasers-long.mp4,26,communitaires-enchasers,unknown,470558,12234508,0.5,long
1285,/root/bucket5/communitaires-enchasers-long.mp4,26,communitaires-enchasers,unknown,1506,39156,0.2,long
1276,/videos/2020-02-04/apyrexia-corrigibilities-short.mp4,16,apyrexia-corrigibilities,delicious.com,580931,9294896,0.31,short
1276,/videos/2020-02-04/apyrexia-corrigibilities-short.mp4,16,apyrexia-corrigibilities,spotify.com,854301,13668816,0.15,short
1232,/root/bucket5/apyrexia-corrigibilities-long.mp4,31,apyrexia-corrigibilities,dailymotion.com,678371,21029501,0.33,long
1232,/root/bucket5/apyrexia-corrigibilities-long.mp4,31,apyrexia-corrigibilities,istockphoto.com,638166,19783146,0.29,long
1232,/root/bucket5/apyrexia-corrigibilities-long.mp4,31,apyrexia-corrigibilities,blog.com,1498,46438,0.29,long
1232,/root/bucket5/apyrexia-corrigibilities-long.mp4,31,apyrexia-corrigibilities,icio.us,751744,23304064,0.37,long
1332,/media/outpupils-windsuckers-short.mp4,25,outpupils-windsuckers,techcrunch.com,750114,18752850,0.19,short
1332,/media/outpupils-windsuckers-short.mp4,25,outpupils-windsuckers,unknown,713101,17827525,0.23,short
1332,/media/outpupils-windsuckers-short.mp4,25,outpupils-windsuckers,shinystat.com,7066,176650,0.15,short
1512,/videos/2020-02-01/outpupils-windsuckers-long.mp4,26,outpupils-windsuckers,unknown,1514,39364,0.13,long
1512,/videos/2020-02-01/outpupils-windsuckers-long.mp4,26,outpupils-windsuckers,unknown,1513,39338,0.33,long
1512,/videos/2020-02-01/outpupils-windsuckers-long.mp4,26,outpupils-windsuckers,unicef.org,837530,21775780,0.1,long
1512,/videos/2020-02-01/outpupils-windsuckers-long.mp4,26,outpupils-windsuckers,comsenz.com,469720,12212720,0.18,long
1512,/videos/2020-02-01/outpupils-windsuckers-long.mp4,26,outpupils-windsuckers,loc.gov,886502,23049052,0.42,long
1512,/videos/2020-02-01/outpupils-windsuckers-long.mp4,26,outpupils-windsuckers,unknown,962644,25028744,0.12,long
1512,/videos/2020-02-01/outpupils-windsuckers-long.mp4,26,outpupils-windsuckers,unknown,696137,18099562,0.5,long
987,/videos/2020-02-02/dueled-antibioses-short.mp4,8,dueled-antibioses,yale.edu,1493,11944,0.26,short
987,/videos/2020-02-02/dueled-antibioses-short.mp4,8,dueled-antibioses,unknown,1510,12080,0.27,short
470,/videos/2020-02-04/dueled-antibioses-long.mp4,57,dueled-antibioses,yale.edu,1497,85329,0.31,long
470,/videos/2020-02-04/dueled-antibioses-long.mp4,57,dueled-antibioses,free13runpool.com,908123,51763011,0.35,long
470,/videos/2020-02-04/dueled-antibioses-long.mp4,57,dueled-antibioses,unknown,2004,114228,0.17,long
470,/videos/2020-02-04/dueled-antibioses-long.mp4,57,dueled-antibioses,shareasale.com,255551,14566407,0.22,long
470,/videos/2020-02-04/dueled-antibioses-long.mp4,57,dueled-antibioses,yale.edu,1503,85671,0.4,long
823,/root/bucket5/windborne-disgowned-short.mp4,20,windborne-disgowned,blog.com,1497,29940,0.37,short
823,/root/bucket5/windborne-disgowned-short.mp4,20,windborne-disgowned,unicef.org,553368,11067360,0.17,short
823,/root/bucket5/windborne-disgowned-short.mp4,20,windborne-disgowned,ebay.co.uk,1501,30020,0.35,short
443,/root/bucket1/windborne-disgowned-long.mp4,26,windborne-disgowned,yale.edu,1499,38974,0.47,long
443,/root/bucket1/windborne-disgowned-long.mp4,26,windborne-disgowned,github.com,478812,12449112,0.14,long
443,/root/bucket1/windborne-disgowned-long.mp4,26,windborne-disgowned,jigsy.com,537403,13972478,0.41,long
443,/root/bucket1/windborne-disgowned-long.mp4,26,windborne-disgowned,icio.us,599966,15599116,0.44,long
443,/root/bucket1/windborne-disgowned-long.mp4,26,windborne-disgowned,unknown,739135,19217510,0.19,long
1038,/root/bucket4/lonelier-disagreeables-short.mp4,20,lonelier-disagreeables,unknown,1515,30300,0.33,short
1038,/root/bucket4/lonelier-disagreeables-short.mp4,20,lonelier-disagreeables,purevolume.com,343429,6868580,0.17,short
1038,/root/bucket4/lonelier-disagreeables-short.mp4,20,lonelier-disagreeables,wp.com,89523,1790460,0.17,short
1038,/root/bucket4/lonelier-disagreeables-short.mp4,20,lonelier-disagreeables,reverbnation.com,400286,8005720,0.15,short
623,/root/bucket5/lonelier-disagreeables-long.mp4,60,lonelier-disagreeables,msu.edu,999089,59945340,0.15,long
623,/root/bucket5/lonelier-disagreeables-long.mp4,60,lonelier-disagreeables,archive.org,421200,25272000,0.33,long
900,/videos/2020-02-03/salacious-outreigning-short.mp4,25,salacious-outreigning,yale.edu,1496,37400,0.32,short
900,/videos/2020-02-03/salacious-outreigning-short.mp4,25,salacious-outreigning,npr.org,966653,24166325,0.2,short
900,/videos/2020-02-03/salacious-outreigning-short.mp4,25,salacious-outreigning,unknown,334664,8366600,0.1,short
900,/videos/2020-02-03/salacious-outreigning-short.mp4,25,salacious-outreigning,macromedia.com,777819,19445475,0.43,short
900,/videos/2020-02-03/salacious-outreigning-short.mp4,25,salacious-outreigning,blog.com,1498,37450,0.2,short
605,/media/salacious-outreigning-long.mp4,39,salacious-outreigning,archive.org,661992,25817688,0.36,long
605,/media/salacious-outreigning-long.mp4,39,salacious-outreigning,blog.com,1502,58578,0.11,long
605,/media/salacious-outreigning-long.mp4,39,salacious-outreigning,unknown,1510,58890,0.39,long
263,/root/bucket4/villose-puftaloons-short.mp4,26,villose-puftaloons,unknown,2003,52078,0.3,short
263,/root/bucket4/villose-puftaloons-short.mp4,26,villose-puftaloons,unknown,1501,39026,0.45,short
263,/root/bucket4/villose-puftaloons-short.mp4,26,villose-puftaloons,foxnews.com,332591,8647366,0.18,short
100,/root/bucket3/villose-puftaloons-long.mp4,43,villose-puftaloons,ebay.co.uk,1502,64586,0.25,long
100,/root/bucket3/villose-puftaloons-long.mp4,43,villose-puftaloons,unknown,457515,19673145,0.29,long
100,/root/bucket3/villose-puftaloons-long.mp4,43,villose-puftaloons,ebay.co.uk,1506,64758,0.17,long
100,/root/bucket3/villose-puftaloons-long.mp4,43,villose-puftaloons,purevolume.com,393456,16918608,0.28,long
100,/root/bucket3/villose-puftaloons-long.mp4,43,villose-puftaloons,unknown,2005,86215,0.1,long
100,/root/bucket3/villose-puftaloons-long.mp4,43,villose-puftaloons,yale.edu,1497,64371,0.47,long
1300,/root/bucket2/gyrations-welshed-short.mp4,29,gyrations-welshed,unknown,1516,43964,0.14,short
1300,/root/bucket2/gyrations-welshed-short.mp4,29,gyrations-welshed,yolasite.com,916589,26581081,0.34,short
1300,/root/bucket2/gyrations-welshed-short.mp4,29,gyrations-welshed,goo.ne.jp,282780,8200620,0.18,short
1300,/root/bucket2/gyrations-welshed-short.mp4,29,gyrations-welshed,delicious.com,205772,5967388,0.23,short
1300,/root/bucket2/gyrations-welshed-short.mp4,29,gyrations-welshed,artisteer.com,130853,3794737,0.17,short
1300,/root/bucket2/gyrations-welshed-short.mp4,29,gyrations-welshed,unknown,1999,57971,0.35,short
1300,/root/bucket2/gyrations-welshed-short.mp4,29,gyrations-welshed,unknown,1517,43993,0.19,short
1945,/root/bucket3/gyrations-welshed-long.mp4,56,gyrations-welshed,unknown,1507,84392,0.35,long
1945,/root/bucket3/gyrations-welshed-long.mp4,56,gyrations-welshed,unknown,1512,84672,0.19,long
1078,/root/bucket4/interdependently-dollarfishes-short.mp4,9,interdependently-dollarfishes,prnewswire.com,939503,8455527,0.19,short
1933,/root/bucket5/interdependently-dollarfishes-long.mp4,51,interdependently-dollarfishes,patch.com,64496,3289296,0.39,long
1933,/root/bucket5/interdependently-dollarfishes-long.mp4,51,interdependently-dollarfishes,webs.com,548020,27949020,0.12,long
1933,/root/bucket5/interdependently-dollarfishes-long.mp4,51,interdependently-dollarfishes,unknown,1994,101694,0.32,long
1933,/root/bucket5/interdependently-dollarfishes-long.mp4,51,interdependently-dollarfishes,unknown,859639,43841589,0.43,long
1933,/root/bucket5/interdependently-dollarfishes-long.mp4,51,interdependently-dollarfishes,yolasite.com,852418,43473318,0.35,long
1706,/root/bucket2/aphelandras-diazomethanes-short.mp4,14,aphelandras-diazomethanes,blog.com,1502,21028,0.37,short
589,/root/bucket4/aphelandras-diazomethanes-long.mp4,60,aphelandras-diazomethanes,unknown,565985,33959100,0.13,long
589,/root/bucket4/aphelandras-diazomethanes-long.mp4,60,aphelandras-diazomethanes,unknown,1994,119640,0.32,long
589,/root/bucket4/aphelandras-diazomethanes-long.mp4,60,aphelandras-diazomethanes,storify.com,982545,58952700,0.19,long
1902,/root/bucket1/vulgarisers-reflags-short.mp4,10,vulgarisers-reflags,unknown,1998,19980,0.49,short
1902,/root/bucket1/vulgarisers-reflags-short.mp4,10,vulgarisers-reflags,unknown,125806,1258060,0.34,short
1902,/root/bucket1/vulgarisers-reflags-short.mp4,10,vulgarisers-reflags,yale.edu,1499,14990,0.1,short
1911,/root/bucket1/vulgarisers-reflags-long.mp4,42,vulgarisers-reflags,ebay.co.uk,1503,63126,0.34,long
1911,/root/bucket1/vulgarisers-reflags-long.mp4,42,vulgarisers-reflags,unknown,703830,29560860,0.34,long
1911,/root/bucket1/vulgarisers-reflags-long.mp4,42,vulgarisers-reflags,blog.com,1501,63042,0.3,long
1911,/root/bucket1/vulgarisers-reflags-long.mp4,42,vulgarisers-reflags,ebay.co.uk,1500,63000,0.16,long
350,/videos/2020-02-04/vesiculating-interconnexion-short.mp4,22,vesiculating-interconnexion,unknown,1996,43912,0.43,short
350,/videos/2020-02-04/vesiculating-interconnexion-short.mp4,22,vesiculating-interconnexion,studiopress.com,504655,11102410,0.19,short
350,/videos/2020-02-04/vesiculating-interconnexion-short.mp4,22,vesiculating-interconnexion,unknown,1510,33220,0.26,short
350,/videos/2020-02-04/vesiculating-interconnexion-short.mp4,22,vesiculating-interconnexion,yale.edu,1497,32934,0.36,short
350,/videos/2020-02-04/vesiculating-interconnexion-short.mp4,22,vesiculating-interconnexion,blogs.com,415522,9141484,0.4,short
350,/videos/2020-02-04/vesiculating-interconnexion-short.mp4,22,vesiculating-interconnexion,icio.us,507660,11168520,0.39,short
1043,/videos/2020-02-03/vesiculating-interconnexion-long.mp4,28,vesiculating-interconnexion,cafepress.com,655857,18363996,0.24,long
1043,/videos/2020-02-03/vesiculating-interconnexion-long.mp4,28,vesiculating-interconnexion,dedecms.com,889624,24909472,0.47,long
1043,/videos/2020-02-03/vesiculating-interconnexion-long.mp4,28,vesiculating-interconnexion,unknown,624387,17482836,0.47,long
1043,/videos/2020-02-03/vesiculating-interconnexion-long.mp4,28,vesiculating-interconnexion,webs.com,416960,11674880,0.32,long
1548,/videos/2020-02-03/unthreading-restuffed-short.mp4,9,unthreading-restuffed,free13runpool.com,921995,8297955,0.38,short
1548,/videos/2020-02-03/unthreading-restuffed-short.mp4,9,unthreading-restuffed,unknown,538418,4845762,0.33,short
1548,/videos/2020-02-03/unthreading-restuffed-short.mp4,9,unthreading-restuffed,springer.com,746854,6721686,0.32,short
769,/root/bucket5/unthreading-restuffed-long.mp4,41,unthreading-restuffed,opera.com,538017,22058697,0.29,long
769,/root/bucket5/unthreading-restuffed-long.mp4,41,unthreading-restuffed,fc2.com,571966,23450606,0.35,long
775,/videos/2020-02-03/sparteries-merchantable-short.mp4,15,sparteries-merchantable,goo.ne.jp,244293,3664395,0.47,short
775,/videos/2020-02-03/sparteries-merchantable-short.mp4,15,sparteries-merchantable,yale.edu,759161,11387415,0.46,short
775,/videos/2020-02-03/sparteries-merchantable-short.mp4,15,sparteries-merchantable,unknown,1999,29985,0.29,short
678,/videos/2020-02-04/sparteries-merchantable-long.mp4,29,sparteries-merchantable,slate.com,854805,24789345,0.45,long
678,/videos/2020-02-04/sparteries-merchantable-long.mp4,29,sparteries-merchantable,storify.com,413056,11978624,0.28,long
678,/videos/2020-02-04/sparteries-merchantable-long.mp4,29,sparteries-merchantable,usnews.com,815104,23638016,0.33,long
678,/videos/2020-02-04/sparteries-merchantable-long.mp4,29,sparteries-merchantable,free13runpool.com,102978,2986362,0.15,long
678,/videos/2020-02-04/sparteries-merchantable-long.mp4,29,sparteries-merchantable,springer.com,115270,3342830,0.16,long
369,/root/bucket2/disgorge-subsampled-short.mp4,9,disgorge-subsampled,artisteer.com,718536,6466824,0.16,short
369,/root/bucket2/disgorge-subsampled-short.mp4,9,disgorge-subsampled,unknown,1507,13563,0.12,short
1876,/videos/2020-02-03/disgorge-subsampled-long.mp4,58,disgorge-subsampled,netvibes.com,961291,55754878,0.17,long
1876,/videos/2020-02-03/disgorge-subsampled-long.mp4,58,disgorge-subsampled,blog.com,1502,87116,0.3,long
1876,/videos/2020-02-03/disgorge-subsampled-long.mp4,58,disgorge-subsampled,joomla.org,863443,50079694,0.3,long
1876,/videos/2020-02-03/disgorge-subsampled-long.mp4,58,disgorge-subsampled,angelfire.com,35676,2069208,0.27,long
1805,/root/bucket4/gamboling-careers-short.mp4,25,gamboling-careers,unknown,1999,49975,0.14,short
1805,/root/bucket4/gamboling-careers-short.mp4,25,gamboling-careers,dion.ne.jp,200015,5000375,0.36,short
1805,/root/bucket4/gamboling-careers-short.mp4,25,gamboling-careers,blog.com,1504,37600,0.38,short
1805,/root/bucket4/gamboling-careers-short.mp4,25,gamboling-careers,hhs.gov,128874,3221850,0.19,short
1805,/root/bucket4/gamboling-careers-short.mp4,25,gamboling-careers,yale.edu,1502,37550,0.35,short
1805,/root/bucket4/gamboling-careers-short.mp4,25,gamboling-careers,phoca.cz,486726,12168150,0.34,short
1805,/root/bucket4/gamboling-careers-short.mp4,25,gamboling-careers,nymag.com,519341,12983525,0.38,short
381,/root/bucket3/gamboling-careers-long.mp4,29,gamboling-careers,discovery.com,411816,11942664,0.44,long
381,/root/bucket3/gamboling-careers-long.mp4,29,gamboling-careers,unknown,1506,43674,0.17,long
755,/root/bucket1/nonaddictive-mutinously-short.mp4,26,nonaddictive-mutinously,unknown,2003,52078,0.3,short
755,/root/bucket1/nonaddictive-mutinously-short.mp4,26,nonaddictive-mutinously,unknown,1508,39208,0.43,short
755,/root/bucket1/nonaddictive-mutinously-short.mp4,26,nonaddictive-mutinously,slate.com,870785,22640410,0.18,short
697,/videos/2020-02-03/nonaddictive-mutinously-long.mp4,57,nonaddictive-mutinously,shinystat.com,935466,53321562,0.45,long
697,/videos/2020-02-03/nonaddictive-mutinously-long.mp4,57,nonaddictive-mutinously,unknown,1999,113943,0.4,long
697,/videos/2020-02-03/nonaddictive-mutinously-long.mp4,57,nonaddictive-mutinously,flavors.me,506393,28864401,0.39,long
1272,/videos/2020-02-02/plussing-isomere-short.mp4,9,plussing-isomere,de.vu,299571,2696139,0.18,short
948,/media/plussing-isomere-long.mp4,56,plussing-isomere,exblog.jp,434946,24356976,0.28,long
948,/media/plussing-isomere-long.mp4,56,plussing-isomere,unknown,2001,112056,0.41,long
948,/media/plussing-isomere-long.mp4,56,plussing-isomere,unknown,1513,84728,0.13,long
948,/media/plussing-isomere-long.mp4,56,plussing-isomere,goo.ne.jp,301084,16860704,0.24,long
948,/media/plussing-isomere-long.mp4,56,plussing-isomere,un.org,154426,8647856,0.13,long
948,/media/plussing-isomere-long.mp4,56,plussing-isomere,multiply.com,879485,49251160,0.25,long
948,/media/plussing-isomere-long.mp4,56,plussing-isomere,blog.com,1496,83776,0.48,long
948,/media/plussing-isomere-long.mp4,56,plussing-isomere,flavors.me,85151,4768456,0.39,long
948,/media/plussing-isomere-long.mp4,56,plussing-isomere,patch.com,884548,49534688,0.14,long
948,/media/plussing-isomere-long.mp4,56,plussing-isomere,ebay.co.uk,1503,84168,0.38,long
1507,/videos/2020-02-02/sloughy-acquisitive-short.mp4,24,sloughy-acquisitive,blog.com,1497,35928,0.34,short
674,/videos/2020-02-01/sloughy-acquisitive-long.mp4,47,sloughy-acquisitive,de.vu,295251,13876797,0.47,long
674,/videos/2020-02-01/sloughy-acquisitive-long.mp4,47,sloughy-acquisitive,webs.com,116515,5476205,0.4,long
674,/videos/2020-02-01/sloughy-acquisitive-long.mp4,47,sloughy-acquisitive,unknown,2000,94000,0.49,long
674,/videos/2020-02-01/sloughy-acquisitive-long.mp4,47,sloughy-acquisitive,fc2.com,358077,16829619,0.28,long
1545,/root/bucket1/deadlocking-misdividing-short.mp4,6,deadlocking-misdividing,yale.edu,1500,9000,0.18,short
1545,/root/bucket1/deadlocking-misdividing-short.mp4,6,deadlocking-misdividing,reverbnation.com,310080,1860480,0.39,short
1545,/root/bucket1/deadlocking-misdividing-short.mp4,6,deadlocking-misdividing,prnewswire.com,257683,1546098,0.49,short
46,/videos/2020-02-02/deadlocking-misdividing-long.mp4,43,deadlocking-misdividing,yale.edu,1499,64457,0.36,long
1359,/videos/2020-02-01/overheat-hetaerismic-short.mp4,21,overheat-hetaerismic,yale.edu,1501,31521,0.33,short
446,/root/bucket2/overheat-hetaerismic-long.mp4,31,overheat-hetaerismic,blog.com,1503,46593,0.3,long
446,/root/bucket2/overheat-hetaerismic-long.mp4,31,overheat-hetaerismic,jalbum.net,112868,3498908,0.35,long
446,/root/bucket2/overheat-hetaerismic-long.mp4,31,overheat-hetaerismic,netvibes.com,373131,11567061,0.11,long
446,/root/bucket2/overheat-hetaerismic-long.mp4,31,overheat-hetaerismic,topsy.com,386719,11988289,0.39,long
446,/root/bucket2/overheat-hetaerismic-long.mp4,31,overheat-hetaerismic,unknown,112136,3476216,0.1,long
446,/root/bucket2/overheat-hetaerismic-long.mp4,31,overheat-hetaerismic,unknown,1513,46903,0.42,long
446,/root/bucket2/overheat-hetaerismic-long.mp4,31,overheat-hetaerismic,blog.com,1505,46655,0.27,long
446,/root/bucket2/overheat-hetaerismic-long.mp4,31,overheat-hetaerismic,unknown,1999,61969,0.44,long
668,/videos/2020-02-01/gorilla-vicugnas-long.mp4,46,gorilla-vicugnas,flavors.me,651139,29952394,0.4,long
668,/videos/2020-02-01/gorilla-vicugnas-long.mp4,46,gorilla-vicugnas,unknown,1997,91862,0.24,long
668,/videos/2020-02-01/gorilla-vicugnas-long.mp4,46,gorilla-vicugnas,delicious.com,953241,43849086,0.48,long
668,/videos/2020-02-01/gorilla-vicugnas-long.mp4,46,gorilla-vicugnas,ocn.ne.jp,68967,3172482,0.43,long
668,/videos/2020-02-01/gorilla-vicugnas-long.mp4,46,gorilla-vicugnas,fc2.com,729705,33566430,0.17,long
668,/videos/2020-02-01/gorilla-vicugnas-long.mp4,46,gorilla-vicugnas,ebay.co.uk,1500,69000,0.24,long
668,/videos/2020-02-01/gorilla-vicugnas-long.mp4,46,gorilla-vicugnas,prnewswire.com,992260,45643960,0.44,long
301,/videos/2020-02-04/bedights-amebiasis-short.mp4,21,bedights-amebiasis,unknown,444829,9341409,0.35,short
301,/videos/2020-02-04/bedights-amebiasis-short.mp4,21,bedights-amebiasis,ebay.co.uk,1502,31542,0.17,short
301,/videos/2020-02-04/bedights-amebiasis-short.mp4,21,bedights-amebiasis,unknown,1512,31752,0.19,short
1530,/root/bucket4/bedights-amebiasis-long.mp4,55,bedights-amebiasis,comcast.net,520944,28651920,0.33,long
1530,/root/bucket4/bedights-amebiasis-long.mp4,55,bedights-amebiasis,java.com,662854,36456970,0.21,long
1530,/root/bucket4/bedights-amebiasis-long.mp4,55,bedights-amebiasis,netvibes.com,301908,16604940,0.39,long
1530,/root/bucket4/bedights-amebiasis-long.mp4,55,bedights-amebiasis,ebay.co.uk,1497,82335,0.2,long
568,/videos/2020-02-02/signeurie-cotemporary-short.mp4,26,signeurie-cotemporary,unknown,1997,51922,0.35,short
115,/videos/2020-02-03/signeurie-cotemporary-long.mp4,31,signeurie-cotemporary,icio.us,711057,22042767,0.15,long
115,/videos/2020-02-03/signeurie-cotemporary-long.mp4,31,signeurie-cotemporary,purevolume.com,916059,28397829,0.22,long
1377,/root/bucket5/hydroponically-marbling-short.mp4,19,hydroponically-marbling,unknown,996801,18939219,0.25,short
1377,/root/bucket5/hydroponically-marbling-short.mp4,19,hydroponically-marbling,epa.gov,92025,1748475,0.11,short
1377,/root/bucket5/hydroponically-marbling-short.mp4,19,hydroponically-marbling,prnewswire.com,849390,16138410,0.24,short
1377,/root/bucket5/hydroponically-marbling-short.mp4,19,hydroponically-marbling,simplemachines.org,795131,15107489,0.31,short
1910,/media/hydroponically-marbling-long.mp4,42,hydroponically-marbling,csmonitor.com,878732,36906744,0.43,long
1910,/media/hydroponically-marbling-long.mp4,42,hydroponically-marbling,meetup.com,848913,35654346,0.5,long
1910,/media/hydroponically-marbling-long.mp4,42,hydroponically-marbling,mail.ru,267895,11251590,0.17,long
1910,/media/hydroponically-marbling-long.mp4,42,hydroponically-marbling,angelfire.com,50978,2141076,0.46,long
1165,/videos/2020-02-03/binnacle-savablenesses-short.mp4,17,binnacle-savablenesses,multiply.com,361554,6146418,0.38,short
1165,/videos/2020-02-03/binnacle-savablenesses-short.mp4,17,binnacle-savablenesses,unknown,272735,4636495,0.25,short
1165,/videos/2020-02-03/binnacle-savablenesses-short.mp4,17,binnacle-savablenesses,twitter.com,669715,11385155,0.36,short
944,/media/binnacle-savablenesses-long.mp4,41,binnacle-savablenesses,unknown,1507,61787,0.46,long
944,/media/binnacle-savablenesses-long.mp4,41,binnacle-savablenesses,unknown,1508,61828,0.22,long
944,/media/binnacle-savablenesses-long.mp4,41,binnacle-savablenesses,unknown,527460,21625860,0.21,long
944,/media/binnacle-savablenesses-long.mp4,41,binnacle-savablenesses,unknown,2003,82123,0.42,long
944,/media/binnacle-savablenesses-long.mp4,41,binnacle-savablenesses,mail.ru,253328,10386448,0.21,long
944,/media/binnacle-savablenesses-long.mp4,41,binnacle-savablenesses,blogtalkradio.com,695007,28495287,0.4,long
1973,/videos/2020-02-03/loggish-beelining-short.mp4,22,loggish-beelining,comcast.net,763971,16807362,0.45,short
1973,/videos/2020-02-03/loggish-beelining-short.mp4,22,loggish-beelining,so-net.ne.jp,656145,14435190,0.2,short
1400,/root/bucket5/loggish-beelining-long.mp4,40,loggish-beelining,unknown,1995,79800,0.42,long
1400,/root/bucket5/loggish-beelining-long.mp4,40,loggish-beelining,flavors.me,122563,4902520,0.44,long
1400,/root/bucket5/loggish-beelining-long.mp4,40,loggish-beelining,yandex.ru,693854,27754160,0.34,long
1400,/root/bucket5/loggish-beelining-long.mp4,40,loggish-beelining,mail.ru,742645,29705800,0.11,long
1400,/root/bucket5/loggish-beelining-long.mp4,40,loggish-beelining,utexas.edu,301009,12040360,0.37,long
1400,/root/bucket5/loggish-beelining-long.mp4,40,loggish-beelining,sciencedaily.com,999949,39997960,0.47,long
780,/videos/2020-02-03/mimmest-baldmoneys-short.mp4,10,mimmest-baldmoneys,unknown,1514,15140,0.46,short
780,/videos/2020-02-03/mimmest-baldmoneys-short.mp4,10,mimmest-baldmoneys,comsenz.com,661210,6612100,0.36,short
780,/videos/2020-02-03/mimmest-baldmoneys-short.mp4,10,mimmest-baldmoneys,prnewswire.com,484271,4842710,0.47,short
1305,/media/mimmest-baldmoneys-long.mp4,42,mimmest-baldmoneys,flavors.me,306451,12870942,0.43,long
1305,/media/mimmest-baldmoneys-long.mp4,42,mimmest-baldmoneys,patch.com,638027,26797134,0.35,long
1305,/media/mimmest-baldmoneys-long.mp4,42,mimmest-baldmoneys,harvard.edu,57939,2433438,0.15,long
1991,/videos/2020-02-04/deportees-deliberates-short.mp4,20,deportees-deliberates,unknown,2005,40100,0.16,short
1991,/videos/2020-02-04/deportees-deliberates-short.mp4,20,deportees-deliberates,fc2.com,640536,12810720,0.35,short
1991,/videos/2020-02-04/deportees-deliberates-short.mp4,20,deportees-deliberates,delicious.com,600564,12011280,0.39,short
851,/root/bucket3/deportees-deliberates-long.mp4,60,deportees-deliberates,drupal.org,191131,11467860,0.25,long
851,/root/bucket3/deportees-deliberates-long.mp4,60,deportees-deliberates,comcast.net,208620,12517200,0.41,long
851,/root/bucket3/deportees-deliberates-long.mp4,60,deportees-deliberates,istockphoto.com,774871,46492260,0.45,long
851,/root/bucket3/deportees-deliberates-long.mp4,60,deportees-deliberates,unknown,669005,40140300,0.29,long
1286,/root/bucket5/hinges-caffeinic-short.mp4,10,hinges-caffeinic,unknown,12147,121470,0.4,short
1394,/root/bucket4/hinges-caffeinic-long.mp4,58,hinges-caffeinic,chron.com,101614,5893612,0.46,long
1394,/root/bucket4/hinges-caffeinic-long.mp4,58,hinges-caffeinic,flavors.me,49404,2865432,0.15,long
1394,/root/bucket4/hinges-caffeinic-long.mp4,58,hinges-caffeinic,epa.gov,244081,14156698,0.31,long
1394,/root/bucket4/hinges-caffeinic-long.mp4,58,hinges-caffeinic,yale.edu,1498,86884,0.12,long
1394,/root/bucket4/hinges-caffeinic-long.mp4,58,hinges-caffeinic,nba.com,804242,46646036,0.27,long
701,/root/bucket2/momzer-eloigns-short.mp4,19,momzer-eloigns,storify.com,158755,3016345,0.44,short
701,/root/bucket2/momzer-eloigns-short.mp4,19,momzer-eloigns,ebay.co.uk,1498,28462,0.17,short
701,/root/bucket2/momzer-eloigns-short.mp4,19,momzer-eloigns,loc.gov,241679,4591901,0.2,short
701,/root/bucket2/momzer-eloigns-short.mp4,19,momzer-eloigns,meetup.com,641340,12185460,0.18,short
649,/root/bucket1/momzer-eloigns-long.mp4,31,momzer-eloigns,slate.com,156087,4838697,0.2,long
649,/root/bucket1/momzer-eloigns-long.mp4,31,momzer-eloigns,foxnews.com,74263,2302153,0.42,long
649,/root/bucket1/momzer-eloigns-long.mp4,31,momzer-eloigns,discovery.com,305408,9467648,0.26,long
338,/videos/2020-02-04/bluishness-subsequences-short.mp4,27,bluishness-subsequences,unknown,365860,9878220,0.35,short
338,/videos/2020-02-04/bluishness-subsequences-short.mp4,27,bluishness-subsequences,artisteer.com,165949,4480623,0.36,short
338,/videos/2020-02-04/bluishness-subsequences-short.mp4,27,bluishness-subsequences,unknown,2001,54027,0.2,short
338,/videos/2020-02-04/bluishness-subsequences-short.mp4,27,bluishness-subsequences,ebay.co.uk,1503,40581,0.49,short
338,/videos/2020-02-04/bluishness-subsequences-short.mp4,27,bluishness-subsequences,harvard.edu,186692,5040684,0.2,short
765,/videos/2020-02-01/bluishness-subsequences-long.mp4,42,bluishness-subsequences,seattletimes.com,11503,483126,0.4,long
765,/videos/2020-02-01/bluishness-subsequences-long.mp4,42,bluishness-subsequences,mail.ru,937673,39382266,0.49,long
204,/media/shoder-muddleheadedly-short.mp4,15,shoder-muddleheadedly,blogtalkradio.com,258540,3878100,0.18,short
204,/media/shoder-muddleheadedly-short.mp4,15,shoder-muddleheadedly,mail.ru,857666,12864990,0.28,short
204,/media/shoder-muddleheadedly-short.mp4,15,shoder-muddleheadedly,dedecms.com,721732,10825980,0.12,short
204,/media/shoder-muddleheadedly-short.mp4,15,shoder-muddleheadedly,comcast.net,98043,1470645,0.23,short
204,/media/shoder-muddleheadedly-short.mp4,15,shoder-muddleheadedly,unknown,271939,4079085,0.19,short
676,/root/bucket4/shoder-muddleheadedly-long.mp4,36,shoder-muddleheadedly,zdnet.com,396168,14262048,0.19,long
676,/root/bucket4/shoder-muddleheadedly-long.mp4,36,shoder-muddleheadedly,unknown,765585,27561060,0.24,long
676,/root/bucket4/shoder-muddleheadedly-long.mp4,36,shoder-muddleheadedly,msu.edu,404805,14572980,0.3,long
676,/root/bucket4/shoder-muddleheadedly-long.mp4,36,shoder-muddleheadedly,unknown,2003,72108,0.35,long
676,/root/bucket4/shoder-muddleheadedly-long.mp4,36,shoder-muddleheadedly,moonfruit.com,3243,116748,0.29,long
676,/root/bucket4/shoder-muddleheadedly-long.mp4,36,shoder-muddleheadedly,mail.ru,461078,16598808,0.34,long
419,/media/citrinin-niobites-short.mp4,25,citrinin-niobites,unknown,637015,15925375,0.12,short
419,/media/citrinin-niobites-short.mp4,25,citrinin-niobites,patch.com,923240,23081000,0.34,short
419,/media/citrinin-niobites-short.mp4,25,citrinin-niobites,zdnet.com,886135,22153375,0.33,short
419,/media/citrinin-niobites-short.mp4,25,citrinin-niobites,yale.edu,1499,37475,0.17,short
419,/media/citrinin-niobites-short.mp4,25,citrinin-niobites,unknown,463801,11595025,0.42,short
419,/media/citrinin-niobites-short.mp4,25,citrinin-niobites,buzzfeed.com,645823,16145575,0.19,short
1690,/media/citrinin-niobites-long.mp4,36,citrinin-niobites,netvibes.com,545003,19620108,0.45,long
1690,/media/citrinin-niobites-long.mp4,36,citrinin-niobites,moonfruit.com,940405,33854580,0.11,long
1690,/media/citrinin-niobites-long.mp4,36,citrinin-niobites,storify.com,183190,6594840,0.46,long
124,/root/bucket1/regulus-idealiser-short.mp4,21,regulus-idealiser,storify.com,453357,9520497,0.29,short
124,/root/bucket1/regulus-idealiser-short.mp4,21,regulus-idealiser,unknown,1996,41916,0.31,short
124,/root/bucket1/regulus-idealiser-short.mp4,21,regulus-idealiser,phoca.cz,241140,5063940,0.35,short
384,/videos/2020-02-04/regulus-idealiser-long.mp4,55,regulus-idealiser,hhs.gov,816548,44910140,0.44,long
384,/videos/2020-02-04/regulus-idealiser-long.mp4,55,regulus-idealiser,blog.com,1505,82775,0.1,long
384,/videos/2020-02-04/regulus-idealiser-long.mp4,55,regulus-idealiser,joomla.org,444757,24461635,0.33,long
384,/videos/2020-02-04/regulus-idealiser-long.mp4,55,regulus-idealiser,blog.com,1498,82390,0.18,long
384,/videos/2020-02-04/regulus-idealiser-long.mp4,55,regulus-idealiser,slate.com,647922,35635710,0.22,long
384,/videos/2020-02-04/regulus-idealiser-long.mp4,55,regulus-idealiser,icio.us,203181,11174955,0.25,long
1126,/videos/2020-02-03/bioptic-sweetness-short.mp4,12,bioptic-sweetness,unknown,155390,1864680,0.11,short
1126,/videos/2020-02-03/bioptic-sweetness-short.mp4,12,bioptic-sweetness,skype.com,511298,6135576,0.38,short
1126,/videos/2020-02-03/bioptic-sweetness-short.mp4,12,bioptic-sweetness,comcast.net,976181,11714172,0.48,short
1126,/videos/2020-02-03/bioptic-sweetness-short.mp4,12,bioptic-sweetness,reverbnation.com,979681,11756172,0.12,short
1841,/root/bucket4/bioptic-sweetness-long.mp4,32,bioptic-sweetness,slate.com,238763,7640416,0.49,long
1841,/root/bucket4/bioptic-sweetness-long.mp4,32,bioptic-sweetness,unknown,712637,22804384,0.1,long
250,/root/bucket1/solely-hemocyte-short.mp4,12,solely-hemocyte,loc.gov,208898,2506776,0.16,short
250,/root/bucket1/solely-hemocyte-short.mp4,12,solely-hemocyte,epa.gov,708875,8506500,0.41,short
173,/root/bucket5/solely-hemocyte-long.mp4,51,solely-hemocyte,about.com,799437,40771287,0.46,long
173,/root/bucket5/solely-hemocyte-long.mp4,51,solely-hemocyte,free13runpool.com,656959,33504909,0.24,long
173,/root/bucket5/solely-hemocyte-long.mp4,51,solely-hemocyte,storify.com,433880,22127880,0.15,long
173,/root/bucket5/solely-hemocyte-long.mp4,51,solely-hemocyte,yale.edu,1499,76449,0.37,long
173,/root/bucket5/solely-hemocyte-long.mp4,51,solely-hemocyte,sciencedaily.com,844421,43065471,0.17,long
305,/media/ailurophobes-fashionably-short.mp4,28,ailurophobes-fashionably,unknown,10433,292124,0.11,short
305,/media/ailurophobes-fashionably-short.mp4,28,ailurophobes-fashionably,nymag.com,663975,18591300,0.39,short
1212,/root/bucket1/ailurophobes-fashionably-long.mp4,29,ailurophobes-fashionably,foxnews.com,717477,20806833,0.23,long
1212,/root/bucket1/ailurophobes-fashionably-long.mp4,29,ailurophobes-fashionably,storify.com,214916,6232564,0.22,long
1212,/root/bucket1/ailurophobes-fashionably-long.mp4,29,ailurophobes-fashionably,shinystat.com,292054,8469566,0.35,long
1212,/root/bucket1/ailurophobes-fashionably-long.mp4,29,ailurophobes-fashionably,drupal.org,643208,18653032,0.42,long
80,/root/bucket4/barging-recreancies-short.mp4,24,barging-recreancies,cnet.com,92702,2224848,0.46,short
80,/root/bucket4/barging-recreancies-short.mp4,24,barging-recreancies,yale.edu,1500,36000,0.15,short
80,/root/bucket4/barging-recreancies-short.mp4,24,barging-recreancies,fc2.com,777218,18653232,0.15,short
1337,/root/bucket1/barging-recreancies-long.mp4,27,barging-recreancies,unknown,2000,54000,0.49,long
1337,/root/bucket1/barging-recreancies-long.mp4,27,barging-recreancies,nymag.com,866785,23403195,0.31,long
1337,/root/bucket1/barging-recreancies-long.mp4,27,barging-recreancies,jalbum.net,292127,7887429,0.37,long
1337,/root/bucket1/barging-recreancies-long.mp4,27,barging-recreancies,ebay.co.uk,1501,40527,0.15,long
1643,/videos/2020-02-03/owning-bilobated-short.mp4,10,owning-bilobated,ebay.co.uk,1500,15000,0.13,short
1643,/videos/2020-02-03/owning-bilobated-short.mp4,10,owning-bilobated,unknown,691049,6910490,0.19,short
1643,/videos/2020-02-03/owning-bilobated-short.mp4,10,owning-bilobated,auda.org.au,877362,8773620,0.21,short
743,/root/bucket4/owning-bilobated-long.mp4,53,owning-bilobated,csmonitor.com,149680,7933040,0.1,long
743,/root/bucket4/owning-bilobated-long.mp4,53,owning-bilobated,redcross.org,802526,42533878,0.27,long
743,/root/bucket4/owning-bilobated-long.mp4,53,owning-bilobated,blog.com,1494,79182,0.25,long
743,/root/bucket4/owning-bilobated-long.mp4,53,owning-bilobated,unknown,245552,13014256,0.39,long
409,/videos/2020-02-04/sparoid-refinish-short.mp4,17,sparoid-refinish,unknown,1999,33983,0.45,short
409,/videos/2020-02-04/sparoid-refinish-short.mp4,17,sparoid-refinish,buzzfeed.com,517320,8794440,0.27,short
409,/videos/2020-02-04/sparoid-refinish-short.mp4,17,sparoid-refinish,livejournal.com,406781,6915277,0.2,short
409,/videos/2020-02-04/sparoid-refinish-short.mp4,17,sparoid-refinish,un.org,743350,12636950,0.44,short
409,/videos/2020-02-04/sparoid-refinish-short.mp4,17,sparoid-refinish,mail.ru,68726,1168342,0.38,short
557,/videos/2020-02-02/sparoid-refinish-long.mp4,33,sparoid-refinish,hhs.gov,191489,6319137,0.25,long
557,/videos/2020-02-02/sparoid-refinish-long.mp4,33,sparoid-refinish,moonfruit.com,759046,25048518,0.36,long
557,/videos/2020-02-02/sparoid-refinish-long.mp4,33,sparoid-refinish,unknown,2001,66033,0.25,long
557,/videos/2020-02-02/sparoid-refinish-long.mp4,33,sparoid-refinish,ebay.co.uk,1502,49566,0.23,long
557,/videos/2020-02-02/sparoid-refinish-long.mp4,33,sparoid-refinish,blog.com,1504,49632,0.49,long
557,/videos/2020-02-02/sparoid-refinish-long.mp4,33,sparoid-refinish,netvibes.com,529517,17474061,0.27,long
1928,/root/bucket3/dalliances-orgastic-short.mp4,19,dalliances-orgastic,comcast.net,923626,17548894,0.39,short
1928,/root/bucket3/dalliances-orgastic-short.mp4,19,dalliances-orgastic,ocn.ne.jp,184452,3504588,0.25,short
1928,/root/bucket3/dalliances-orgastic-short.mp4,19,dalliances-orgastic,ebay.co.uk,1502,28538,0.42,short
1928,/root/bucket3/dalliances-orgastic-short.mp4,19,dalliances-orgastic,blog.com,1509,28671,0.45,short
1928,/root/bucket3/dalliances-orgastic-short.mp4,19,dalliances-orgastic,reddit.com,145535,2765165,0.39,short
656,/root/bucket2/tidiest-snowshoeing-short.mp4,15,tidiest-snowshoeing,scribd.com,37450,561750,0.47,short
656,/root/bucket2/tidiest-snowshoeing-short.mp4,15,tidiest-snowshoeing,bbb.org,575906,8638590,0.4,short
656,/root/bucket2/tidiest-snowshoeing-short.mp4,15,tidiest-snowshoeing,ebay.co.uk,1502,22530,0.45,short
1815,/root/bucket4/tidiest-snowshoeing-long.mp4,58,tidiest-snowshoeing,unknown,1515,87870,0.12,long
1815,/root/bucket4/tidiest-snowshoeing-long.mp4,58,tidiest-snowshoeing,mail.ru,210949,12235042,0.2,long
53,/root/bucket2/overlooked-gynaeceums-short.mp4,23,overlooked-gynaeceums,dedecms.com,719823,16555929,0.38,short
53,/root/bucket2/overlooked-gynaeceums-short.mp4,23,overlooked-gynaeceums,moonfruit.com,619691,14252893,0.1,short
1662,/videos/2020-02-04/overlooked-gynaeceums-long.mp4,36,overlooked-gynaeceums,dailymotion.com,522904,18824544,0.29,long
1004,/videos/2020-02-02/supraliminally-wafered-short.mp4,8,supraliminally-wafered,utexas.edu,316728,2533824,0.48,short
1004,/videos/2020-02-02/supraliminally-wafered-short.mp4,8,supraliminally-wafered,reverbnation.com,367315,2938520,0.14,short
1004,/videos/2020-02-02/supraliminally-wafered-short.mp4,8,supraliminally-wafered,unknown,675840,5406720,0.41,short
1004,/videos/2020-02-02/supraliminally-wafered-short.mp4,8,supraliminally-wafered,dailymotion.com,22566,180528,0.12,short
1004,/videos/2020-02-02/supraliminally-wafered-short.mp4,8,supraliminally-wafered,harvard.edu,808166,6465328,0.25,short
1004,/videos/2020-02-02/supraliminally-wafered-short.mp4,8,supraliminally-wafered,springer.com,535414,4283312,0.26,short
1004,/videos/2020-02-02/supraliminally-wafered-short.mp4,8,supraliminally-wafered,prnewswire.com,283213,2265704,0.38,short
18,/root/bucket5/supraliminally-wafered-long.mp4,54,supraliminally-wafered,icio.us,275644,14884776,0.14,long
18,/root/bucket5/supraliminally-wafered-long.mp4,54,supraliminally-wafered,blog.com,1495,80730,0.17,long
1652,/videos/2020-02-01/vasectomised-transmove-short.mp4,19,vasectomised-transmove,yale.edu,1498,28462,0.28,short
1652,/videos/2020-02-01/vasectomised-transmove-short.mp4,19,vasectomised-transmove,cnet.com,437670,8315730,0.44,short
1067,/videos/2020-02-02/vasectomised-transmove-long.mp4,34,vasectomised-transmove,unknown,1998,67932,0.23,long
1067,/videos/2020-02-02/vasectomised-transmove-long.mp4,34,vasectomised-transmove,java.com,921526,31331884,0.48,long
1067,/videos/2020-02-02/vasectomised-transmove-long.mp4,34,vasectomised-transmove,exblog.jp,347772,11824248,0.31,long
31,/root/bucket4/animateness-plasmolyse-short.mp4,19,animateness-plasmolyse,unknown,1516,28804,0.31,short
31,/root/bucket4/animateness-plasmolyse-short.mp4,19,animateness-plasmolyse,harvard.edu,238852,4538188,0.47,short
31,/root/bucket4/animateness-plasmolyse-short.mp4,19,animateness-plasmolyse,unknown,2003,38057,0.39,short
31,/root/bucket4/animateness-plasmolyse-short.mp4,19,animateness-plasmolyse,ebay.co.uk,1500,28500,0.38,short
31,/root/bucket4/animateness-plasmolyse-short.mp4,19,animateness-plasmolyse,shareasale.com,10166,193154,0.45,short
31,/root/bucket4/animateness-plasmolyse-short.mp4,19,animateness-plasmolyse,harvard.edu,461012,8759228,0.35,short
31,/root/bucket4/animateness-plasmolyse-short.mp4,19,animateness-plasmolyse,patch.com,705269,13400111,0.2,short
31,/root/bucket4/animateness-plasmolyse-short.mp4,19,animateness-plasmolyse,unknown,776476,14753044,0.23,short
1227,/root/bucket5/animateness-plasmolyse-long.mp4,53,animateness-plasmolyse,unknown,797357,42259921,0.21,long
1227,/root/bucket5/animateness-plasmolyse-long.mp4,53,animateness-plasmolyse,unknown,515408,27316624,0.21,long
1227,/root/bucket5/animateness-plasmolyse-long.mp4,53,animateness-plasmolyse,dailymotion.com,145759,7725227,0.18,long
1227,/root/bucket5/animateness-plasmolyse-long.mp4,53,animateness-plasmolyse,unknown,1509,79977,0.12,long
991,/root/bucket5/subclassify-sulphas-short.mp4,17,subclassify-sulphas,auda.org.au,992790,16877430,0.38,short
991,/root/bucket5/subclassify-sulphas-short.mp4,17,subclassify-sulphas,meetup.com,737915,12544555,0.14,short
1251,/root/bucket5/subclassify-sulphas-long.mp4,44,subclassify-sulphas,163.com,211067,9286948,0.38,long
1251,/root/bucket5/subclassify-sulphas-long.mp4,44,subclassify-sulphas,comcast.net,287818,12663992,0.25,long
1251,/root/bucket5/subclassify-sulphas-long.mp4,44,subclassify-sulphas,netvibes.com,822062,36170728,0.12,long
1251,/root/bucket5/subclassify-sulphas-long.mp4,44,subclassify-sulphas,ebay.co.uk,1504,66176,0.3,long
1251,/root/bucket5/subclassify-sulphas-long.mp4,44,subclassify-sulphas,earthlink.net,183440,8071360,0.21,long
1203,/videos/2020-02-02/croutes-salutiferous-long.mp4,39,croutes-salutiferous,scribd.com,418686,16328754,0.31,long
1203,/videos/2020-02-02/croutes-salutiferous-long.mp4,39,croutes-salutiferous,dion.ne.jp,60798,2371122,0.25,long
1203,/videos/2020-02-02/croutes-salutiferous-long.mp4,39,croutes-salutiferous,goodreads.com,832364,32462196,0.45,long
1218,/media/colleted-jurists-short.mp4,14,colleted-jurists,unknown,1506,21084,0.16,short
1218,/media/colleted-jurists-short.mp4,14,colleted-jurists,nature.com,553249,7745486,0.46,short
1218,/media/colleted-jurists-short.mp4,14,colleted-jurists,blog.com,1501,21014,0.48,short
1075,/root/bucket1/colleted-jurists-long.mp4,53,colleted-jurists,so-net.ne.jp,147899,7838647,0.18,long
1075,/root/bucket1/colleted-jurists-long.mp4,53,colleted-jurists,cafepress.com,315064,16698392,0.24,long
1075,/root/bucket1/colleted-jurists-long.mp4,53,colleted-jurists,unknown,1504,79712,0.24,long
1075,/root/bucket1/colleted-jurists-long.mp4,53,colleted-jurists,yandex.ru,112724,5974372,0.1,long
1075,/root/bucket1/colleted-jurists-long.mp4,53,colleted-jurists,wufoo.com,461881,24479693,0.4,long
1082,/videos/2020-02-02/sprayier-nondenominationalism-short.mp4,13,sprayier-nondenominationalism,unknown,603864,7850232,0.34,short
1082,/videos/2020-02-02/sprayier-nondenominationalism-short.mp4,13,sprayier-nondenominationalism,scribd.com,527962,6863506,0.2,short
1082,/videos/2020-02-02/sprayier-nondenominationalism-short.mp4,13,sprayier-nondenominationalism,unknown,67710,880230,0.43,short
1082,/videos/2020-02-02/sprayier-nondenominationalism-short.mp4,13,sprayier-nondenominationalism,epa.gov,831749,10812737,0.16,short
1082,/videos/2020-02-02/sprayier-nondenominationalism-short.mp4,13,sprayier-nondenominationalism,foxnews.com,174601,2269813,0.13,short
1082,/videos/2020-02-02/sprayier-nondenominationalism-short.mp4,13,sprayier-nondenominationalism,purevolume.com,337865,4392245,0.47,short
459,/videos/2020-02-01/sprayier-nondenominationalism-long.mp4,27,sprayier-nondenominationalism,g.co,133632,3608064,0.32,long
459,/videos/2020-02-01/sprayier-nondenominationalism-long.mp4,27,sprayier-nondenominationalism,ebay.co.uk,1498,40446,0.18,long
459,/videos/2020-02-01/sprayier-nondenominationalism-long.mp4,27,sprayier-nondenominationalism,yale.edu,1501,40527,0.22,long
459,/videos/2020-02-01/sprayier-nondenominationalism-long.mp4,27,sprayier-nondenominationalism,yale.edu,1502,40554,0.4,long
279,/videos/2020-02-01/souvlakias-licencers-short.mp4,21,souvlakias-licencers,unknown,910090,19111890,0.5,short
279,/videos/2020-02-01/souvlakias-licencers-short.mp4,21,souvlakias-licencers,yandex.ru,951480,19981080,0.27,short
279,/videos/2020-02-01/souvlakias-licencers-short.mp4,21,souvlakias-licencers,blog.com,1504,31584,0.4,short
279,/videos/2020-02-01/souvlakias-licencers-short.mp4,21,souvlakias-licencers,comcast.net,385676,8099196,0.15,short
920,/videos/2020-02-04/souvlakias-licencers-long.mp4,57,souvlakias-licencers,unknown,802862,45763134,0.4,long
920,/videos/2020-02-04/souvlakias-licencers-long.mp4,57,souvlakias-licencers,so-net.ne.jp,413475,23568075,0.46,long
920,/videos/2020-02-04/souvlakias-licencers-long.mp4,57,souvlakias-licencers,netvibes.com,48384,2757888,0.33,long
920,/videos/2020-02-04/souvlakias-licencers-long.mp4,57,souvlakias-licencers,free13runpool.com,853729,48662553,0.3,long
920,/videos/2020-02-04/souvlakias-licencers-long.mp4,57,souvlakias-licencers,unknown,1511,86127,0.32,long
920,/videos/2020-02-04/souvlakias-licencers-long.mp4,57,souvlakias-licencers,ocn.ne.jp,910521,51899697,0.25,long
920,/videos/2020-02-04/souvlakias-licencers-long.mp4,57,souvlakias-licencers,ebay.co.uk,1502,85614,0.47,long
920,/videos/2020-02-04/souvlakias-licencers-long.mp4,57,souvlakias-licencers,utexas.edu,697438,39753966,0.1,long
1383,/videos/2020-02-01/archiepiscopate-bluegown-short.mp4,10,archiepiscopate-bluegown,ebay.co.uk,1498,14980,0.25,short
1383,/videos/2020-02-01/archiepiscopate-bluegown-short.mp4,10,archiepiscopate-bluegown,springer.com,38385,383850,0.33,short
1383,/videos/2020-02-01/archiepiscopate-bluegown-short.mp4,10,archiepiscopate-bluegown,dion.ne.jp,936999,9369990,0.1,short
1792,/root/bucket4/archiepiscopate-bluegown-long.mp4,55,archiepiscopate-bluegown,dion.ne.jp,746328,41048040,0.18,long
1792,/root/bucket4/archiepiscopate-bluegown-long.mp4,55,archiepiscopate-bluegown,discovery.com,871510,47933050,0.23,long
1792,/root/bucket4/archiepiscopate-bluegown-long.mp4,55,archiepiscopate-bluegown,ebay.co.uk,1505,82775,0.18,long
1061,/videos/2020-02-04/tumultuousness-vodcasters-short.mp4,21,tumultuousness-vodcasters,slate.com,34714,728994,0.4,short
1061,/videos/2020-02-04/tumultuousness-vodcasters-short.mp4,21,tumultuousness-vodcasters,csmonitor.com,250329,5256909,0.49,short
1061,/videos/2020-02-04/tumultuousness-vodcasters-short.mp4,21,tumultuousness-vodcasters,ebay.co.uk,1504,31584,0.26,short
1061,/videos/2020-02-04/tumultuousness-vodcasters-short.mp4,21,tumultuousness-vodcasters,yolasite.com,720190,15123990,0.19,short
1061,/videos/2020-02-04/tumultuousness-vodcasters-short.mp4,21,tumultuousness-vodcasters,blog.com,1502,31542,0.11,short
1470,/root/bucket1/tumultuousness-vodcasters-long.mp4,27,tumultuousness-vodcasters,unknown,851578,22992606,0.35,long
1470,/root/bucket1/tumultuousness-vodcasters-long.mp4,27,tumultuousness-vodcasters,goo.ne.jp,93043,2512161,0.46,long
1470,/root/bucket1/tumultuousness-vodcasters-long.mp4,27,tumultuousness-vodcasters,icio.us,645722,17434494,0.34,long
1026,/videos/2020-02-03/definability-insofar-short.mp4,25,definability-insofar,spotify.com,658786,16469650,0.32,short
1026,/videos/2020-02-03/definability-insofar-short.mp4,25,definability-insofar,storify.com,381128,9528200,0.2,short
1941,/root/bucket3/definability-insofar-long.mp4,51,definability-insofar,java.com,494295,25209045,0.13,long
1941,/root/bucket3/definability-insofar-long.mp4,51,definability-insofar,amazon.com,217993,11117643,0.46,long
1941,/root/bucket3/definability-insofar-long.mp4,51,definability-insofar,wp.com,744981,37994031,0.29,long
1941,/root/bucket3/definability-insofar-long.mp4,51,definability-insofar,reverbnation.com,139777,7128627,0.28,long
1941,/root/bucket3/definability-insofar-long.mp4,51,definability-insofar,dailymotion.com,453214,23113914,0.15,long
1941,/root/bucket3/definability-insofar-long.mp4,51,definability-insofar,ebay.co.uk,1505,76755,0.14,long
1941,/root/bucket3/definability-insofar-long.mp4,51,definability-insofar,moonfruit.com,41722,2127822,0.5,long
558,/videos/2020-02-04/accessarily-danton-short.mp4,27,accessarily-danton,unknown,2003,54081,0.39,short
558,/videos/2020-02-04/accessarily-danton-short.mp4,27,accessarily-danton,unknown,1998,53946,0.39,short
558,/videos/2020-02-04/accessarily-danton-short.mp4,27,accessarily-danton,unknown,1509,40743,0.41,short
648,/root/bucket2/accessarily-danton-long.mp4,26,accessarily-danton,jigsy.com,239360,6223360,0.11,long
648,/root/bucket2/accessarily-danton-long.mp4,26,accessarily-danton,unknown,318397,8278322,0.14,long
648,/root/bucket2/accessarily-danton-long.mp4,26,accessarily-danton,blog.com,1499,38974,0.15,long
1335,/root/bucket1/metronomes-propositions-short.mp4,18,metronomes-propositions,java.com,620952,11177136,0.22,short
1335,/root/bucket1/metronomes-propositions-short.mp4,18,metronomes-propositions,phoca.cz,914017,16452306,0.36,short
1335,/root/bucket1/metronomes-propositions-short.mp4,18,metronomes-propositions,storify.com,52306,941508,0.49,short
1335,/root/bucket1/metronomes-propositions-short.mp4,18,metronomes-propositions,webs.com,990794,17834292,0.33,short
1520,/root/bucket3/metronomes-propositions-long.mp4,43,metronomes-propositions,artisteer.com,462620,19892660,0.19,long
1520,/root/bucket3/metronomes-propositions-long.mp4,43,metronomes-propositions,unknown,719225,30926675,0.49,long
1520,/root/bucket3/metronomes-propositions-long.mp4,43,metronomes-propositions,moonfruit.com,749221,32216503,0.46,long
268,/videos/2020-02-01/firerooms-perciform-short.mp4,26,firerooms-perciform,yale.edu,662591,17227366,0.21,short
268,/videos/2020-02-01/firerooms-perciform-short.mp4,26,firerooms-perciform,netvibes.com,310686,8077836,0.16,short
1447,/videos/2020-02-04/firerooms-perciform-long.mp4,38,firerooms-perciform,simplemachines.org,223675,8499650,0.21,long
1447,/videos/2020-02-04/firerooms-perciform-long.mp4,38,firerooms-perciform,unknown,1516,57608,0.35,long
902,/root/bucket4/chachkas-xiphophyllous-short.mp4,7,chachkas-xiphophyllous,jigsy.com,855929,5991503,0.49,short
902,/root/bucket4/chachkas-xiphophyllous-short.mp4,7,chachkas-xiphophyllous,ebay.co.uk,1506,10542,0.42,short
902,/root/bucket4/chachkas-xiphophyllous-short.mp4,7,chachkas-xiphophyllous,ustream.tv,545738,3820166,0.33,short
902,/root/bucket4/chachkas-xiphophyllous-short.mp4,7,chachkas-xiphophyllous,harvard.edu,80443,563101,0.39,short
902,/root/bucket4/chachkas-xiphophyllous-short.mp4,7,chachkas-xiphophyllous,so-net.ne.jp,871420,6099940,0.39,short
1396,/videos/2020-02-04/chachkas-xiphophyllous-long.mp4,45,chachkas-xiphophyllous,unknown,1998,89910,0.39,long
1396,/videos/2020-02-04/chachkas-xiphophyllous-long.mp4,45,chachkas-xiphophyllous,redcross.org,612911,27580995,0.24,long
1396,/videos/2020-02-04/chachkas-xiphophyllous-long.mp4,45,chachkas-xiphophyllous,skype.com,523186,23543370,0.17,long
1396,/videos/2020-02-04/chachkas-xiphophyllous-long.mp4,45,chachkas-xiphophyllous,harvard.edu,15163,682335,0.24,long
1396,/videos/2020-02-04/chachkas-xiphophyllous-long.mp4,45,chachkas-xiphophyllous,usgs.gov,910299,40963455,0.12,long
254,/videos/2020-02-04/tormentils-corves-short.mp4,9,tormentils-corves,unknown,99031,891279,0.47,short
183,/root/bucket3/tormentils-corves-long.mp4,57,tormentils-corves,unknown,59304,3380328,0.46,long
183,/root/bucket3/tormentils-corves-long.mp4,57,tormentils-corves,state.gov,486462,27728334,0.26,long
1123,/videos/2020-02-04/enfoldment-bobolink-long.mp4,41,enfoldment-bobolink,jigsy.com,54913,2251433,0.16,long
1123,/videos/2020-02-04/enfoldment-bobolink-long.mp4,41,enfoldment-bobolink,redcross.org,99810,4092210,0.33,long
1123,/videos/2020-02-04/enfoldment-bobolink-long.mp4,41,enfoldment-bobolink,yale.edu,1497,61377,0.12,long
1123,/videos/2020-02-04/enfoldment-bobolink-long.mp4,41,enfoldment-bobolink,yale.edu,1500,61500,0.43,long
228,/root/bucket5/spadilles-thyrsus-short.mp4,17,spadilles-thyrsus,auda.org.au,502116,8535972,0.23,short
228,/root/bucket5/spadilles-thyrsus-short.mp4,17,spadilles-thyrsus,yale.edu,1499,25483,0.26,short
812,/root/bucket1/spadilles-thyrsus-long.mp4,28,spadilles-thyrsus,topsy.com,856880,23992640,0.33,long
812,/root/bucket1/spadilles-thyrsus-long.mp4,28,spadilles-thyrsus,sourceforge.net,859334,24061352,0.19,long
812,/root/bucket1/spadilles-thyrsus-long.mp4,28,spadilles-thyrsus,yale.edu,1499,41972,0.28,long
812,/root/bucket1/spadilles-thyrsus-long.mp4,28,spadilles-thyrsus,livejournal.com,6935,194180,0.42,long
1667,/root/bucket4/morsels-borderline-short.mp4,19,morsels-borderline,foxnews.com,455164,8648116,0.42,short
1667,/root/bucket4/morsels-borderline-short.mp4,19,morsels-borderline,archive.org,87262,1657978,0.13,short
1667,/root/bucket4/morsels-borderline-short.mp4,19,morsels-borderline,unknown,1512,28728,0.33,short
1667,/root/bucket4/morsels-borderline-short.mp4,19,morsels-borderline,simplemachines.org,343396,6524524,0.12,short
393,/root/bucket3/carpogonia-pretreating-short.mp4,14,carpogonia-pretreating,ebay.co.uk,1500,21000,0.42,short
393,/root/bucket3/carpogonia-pretreating-short.mp4,14,carpogonia-pretreating,unknown,1515,21210,0.45,short
393,/root/bucket3/carpogonia-pretreating-short.mp4,14,carpogonia-pretreating,icio.us,558768,7822752,0.34,short
393,/root/bucket3/carpogonia-pretreating-short.mp4,14,carpogonia-pretreating,github.com,548808,7683312,0.43,short
282,/videos/2020-02-03/carpogonia-pretreating-long.mp4,52,carpogonia-pretreating,drupal.org,788808,41018016,0.27,long
282,/videos/2020-02-03/carpogonia-pretreating-long.mp4,52,carpogonia-pretreating,ebay.co.uk,1499,77948,0.15,long
843,/root/bucket5/fernier-odiousnesses-short.mp4,15,fernier-odiousnesses,harvard.edu,904107,13561605,0.28,short
1844,/root/bucket1/fernier-odiousnesses-long.mp4,29,fernier-odiousnesses,unknown,929882,26966578,0.49,long
1237,/root/bucket4/bundies-ropily-short.mp4,23,bundies-ropily,unknown,1995,45885,0.35,short
1237,/root/bucket4/bundies-ropily-short.mp4,23,bundies-ropily,unknown,1505,34615,0.3,short
1237,/root/bucket4/bundies-ropily-short.mp4,23,bundies-ropily,free13runpool.com,407576,9374248,0.32,short
438,/root/bucket4/bundies-ropily-long.mp4,35,bundies-ropily,unknown,87120,3049200,0.29,long
438,/root/bucket4/bundies-ropily-long.mp4,35,bundies-ropily,yale.edu,1504,52640,0.16,long
1392,/root/bucket2/operettists-precentorship-short.mp4,28,operettists-precentorship,java.com,243129,6807612,0.15,short
1920,/root/bucket1/operettists-precentorship-long.mp4,37,operettists-precentorship,skype.com,233021,8621777,0.16,long
1920,/root/bucket1/operettists-precentorship-long.mp4,37,operettists-precentorship,java.com,520997,19276889,0.46,long
681,/root/bucket2/endoparasites-turgidness-short.mp4,8,endoparasites-turgidness,yale.edu,365665,2925320,0.21,short
1331,/root/bucket4/endoparasites-turgidness-long.mp4,30,endoparasites-turgidness,so-net.ne.jp,737034,22111020,0.49,long
1331,/root/bucket4/endoparasites-turgidness-long.mp4,30,endoparasites-turgidness,bravesites.com,344781,10343430,0.41,long
1331,/root/bucket4/endoparasites-turgidness-long.mp4,30,endoparasites-turgidness,unknown,127988,3839640,0.17,long
1331,/root/bucket4/endoparasites-turgidness-long.mp4,30,endoparasites-turgidness,unknown,2002,60060,0.41,long
1329,/root/bucket4/reviewable-globing-long.mp4,35,reviewable-globing,unknown,469633,16437155,0.41,long
1329,/root/bucket4/reviewable-globing-long.mp4,35,reviewable-globing,nba.com,338388,11843580,0.11,long
1329,/root/bucket4/reviewable-globing-long.mp4,35,reviewable-globing,unknown,952263,33329205,0.47,long
543,/root/bucket3/trouvaille-sulfurises-short.mp4,12,trouvaille-sulfurises,yale.edu,1494,17928,0.29,short
549,/videos/2020-02-03/trouvaille-sulfurises-long.mp4,38,trouvaille-sulfurises,prnewswire.com,302473,11493974,0.42,long
549,/videos/2020-02-03/trouvaille-sulfurises-long.mp4,38,trouvaille-sulfurises,ebay.co.uk,1500,57000,0.28,long
549,/videos/2020-02-03/trouvaille-sulfurises-long.mp4,38,trouvaille-sulfurises,blog.com,1500,57000,0.16,long
1207,/videos/2020-02-03/retreating-anabolisms-short.mp4,26,retreating-anabolisms,blog.com,1497,38922,0.24,short
1207,/videos/2020-02-03/retreating-anabolisms-short.mp4,26,retreating-anabolisms,unknown,1998,51948,0.17,short
5,/root/bucket5/retreating-anabolisms-long.mp4,57,retreating-anabolisms,google.fr,68794,3921258,0.23,long
1635,/videos/2020-02-04/squirmy-capsulizing-short.mp4,11,squirmy-capsulizing,fc2.com,572245,6294695,0.18,short
1635,/videos/2020-02-04/squirmy-capsulizing-short.mp4,11,squirmy-capsulizing,prnewswire.com,556323,6119553,0.16,short
1635,/videos/2020-02-04/squirmy-capsulizing-short.mp4,11,squirmy-capsulizing,webs.com,714843,7863273,0.49,short
1635,/videos/2020-02-04/squirmy-capsulizing-short.mp4,11,squirmy-capsulizing,slate.com,474051,5214561,0.28,short
1635,/videos/2020-02-04/squirmy-capsulizing-short.mp4,11,squirmy-capsulizing,ebay.co.uk,1503,16533,0.23,short
603,/root/bucket2/squirmy-capsulizing-long.mp4,58,squirmy-capsulizing,unknown,467500,27115000,0.13,long
603,/root/bucket2/squirmy-capsulizing-long.mp4,58,squirmy-capsulizing,yale.edu,1505,87290,0.39,long
603,/root/bucket2/squirmy-capsulizing-long.mp4,58,squirmy-capsulizing,yandex.ru,167284,9702472,0.26,long
603,/root/bucket2/squirmy-capsulizing-long.mp4,58,squirmy-capsulizing,opera.com,426816,24755328,0.36,long
603,/root/bucket2/squirmy-capsulizing-long.mp4,58,squirmy-capsulizing,unknown,2000,116000,0.4,long
603,/root/bucket2/squirmy-capsulizing-long.mp4,58,squirmy-capsulizing,delicious.com,28264,1639312,0.28,long
754,/root/bucket3/ineffectualnesses-abyssopelagic-short.mp4,20,ineffectualnesses-abyssopelagic,npr.org,177676,3553520,0.45,short
754,/root/bucket3/ineffectualnesses-abyssopelagic-short.mp4,20,ineffectualnesses-abyssopelagic,studiopress.com,80932,1618640,0.49,short
754,/root/bucket3/ineffectualnesses-abyssopelagic-short.mp4,20,ineffectualnesses-abyssopelagic,java.com,337096,6741920,0.45,short
754,/root/bucket3/ineffectualnesses-abyssopelagic-short.mp4,20,ineffectualnesses-abyssopelagic,nymag.com,165998,3319960,0.41,short
754,/root/bucket3/ineffectualnesses-abyssopelagic-short.mp4,20,ineffectualnesses-abyssopelagic,storify.com,564519,11290380,0.36,short
754,/root/bucket3/ineffectualnesses-abyssopelagic-short.mp4,20,ineffectualnesses-abyssopelagic,harvard.edu,142399,2847980,0.29,short
754,/root/bucket3/ineffectualnesses-abyssopelagic-short.mp4,20,ineffectualnesses-abyssopelagic,yale.edu,797560,15951200,0.44,short
754,/root/bucket3/ineffectualnesses-abyssopelagic-short.mp4,20,ineffectualnesses-abyssopelagic,hhs.gov,607481,12149620,0.12,short
741,/root/bucket2/ineffectualnesses-abyssopelagic-long.mp4,31,ineffectualnesses-abyssopelagic,blog.com,1499,46469,0.45,long
741,/root/bucket2/ineffectualnesses-abyssopelagic-long.mp4,31,ineffectualnesses-abyssopelagic,blog.com,1497,46407,0.28,long
741,/root/bucket2/ineffectualnesses-abyssopelagic-long.mp4,31,ineffectualnesses-abyssopelagic,yale.edu,1500,46500,0.24,long
1106,/root/bucket2/plottier-tortoises-short.mp4,12,plottier-tortoises,yale.edu,1501,18012,0.15,short
1106,/root/bucket2/plottier-tortoises-short.mp4,12,plottier-tortoises,springer.com,524184,6290208,0.39,short
1106,/root/bucket2/plottier-tortoises-short.mp4,12,plottier-tortoises,thetimes.co.uk,452739,5432868,0.45,short
345,/root/bucket2/plottier-tortoises-long.mp4,49,plottier-tortoises,unknown,2006,98294,0.42,long
345,/root/bucket2/plottier-tortoises-long.mp4,49,plottier-tortoises,goo.ne.jp,471131,23085419,0.29,long
345,/root/bucket2/plottier-tortoises-long.mp4,49,plottier-tortoises,auda.org.au,513615,25167135,0.4,long
345,/root/bucket2/plottier-tortoises-long.mp4,49,plottier-tortoises,simplemachines.org,561050,27491450,0.24,long
1527,/root/bucket1/regularly-unroots-short.mp4,30,regularly-unroots,ebay.co.uk,1502,45060,0.4,short
1527,/root/bucket1/regularly-unroots-short.mp4,30,regularly-unroots,unknown,192160,5764800,0.26,short
1527,/root/bucket1/regularly-unroots-short.mp4,30,regularly-unroots,ebay.co.uk,1503,45090,0.46,short
354,/videos/2020-02-04/regularly-unroots-long.mp4,29,regularly-unroots,wiley.com,982923,28504767,0.48,long
354,/videos/2020-02-04/regularly-unroots-long.mp4,29,regularly-unroots,blog.com,1502,43558,0.39,long
354,/videos/2020-02-04/regularly-unroots-long.mp4,29,regularly-unroots,unknown,1999,57971,0.43,long
354,/videos/2020-02-04/regularly-unroots-long.mp4,29,regularly-unroots,ebay.co.uk,1497,43413,0.32,long
354,/videos/2020-02-04/regularly-unroots-long.mp4,29,regularly-unroots,mayoclinic.com,57186,1658394,0.32,long
726,/videos/2020-02-03/filming-bradoons-short.mp4,16,filming-bradoons,flavors.me,713924,11422784,0.1,short
726,/videos/2020-02-03/filming-bradoons-short.mp4,16,filming-bradoons,so-net.ne.jp,389290,6228640,0.17,short
949,/videos/2020-02-02/filming-bradoons-long.mp4,50,filming-bradoons,blog.com,1500,75000,0.42,long
949,/videos/2020-02-02/filming-bradoons-long.mp4,50,filming-bradoons,unknown,106754,5337700,0.48,long
949,/videos/2020-02-02/filming-bradoons-long.mp4,50,filming-bradoons,unknown,259099,12954950,0.29,long
949,/videos/2020-02-02/filming-bradoons-long.mp4,50,filming-bradoons,yale.edu,1502,75100,0.49,long
949,/videos/2020-02-02/filming-bradoons-long.mp4,50,filming-bradoons,blog.com,1498,74900,0.26,long
949,/videos/2020-02-02/filming-bradoons-long.mp4,50,filming-bradoons,blog.com,1503,75150,0.39,long
949,/videos/2020-02-02/filming-bradoons-long.mp4,50,filming-bradoons,unknown,160246,8012300,0.27,long
949,/videos/2020-02-02/filming-bradoons-long.mp4,50,filming-bradoons,blogtalkradio.com,256830,12841500,0.14,long
793,/videos/2020-02-02/proportionments-mouchards-short.mp4,10,proportionments-mouchards,ebay.co.uk,1499,14990,0.13,short
793,/videos/2020-02-02/proportionments-mouchards-short.mp4,10,proportionments-mouchards,unknown,1513,15130,0.36,short
1262,/root/bucket5/proportionments-mouchards-long.mp4,57,proportionments-mouchards,drupal.org,807981,46054917,0.4,long
1262,/root/bucket5/proportionments-mouchards-long.mp4,57,proportionments-mouchards,springer.com,636293,36268701,0.31,long
1262,/root/bucket5/proportionments-mouchards-long.mp4,57,proportionments-mouchards,yale.edu,1500,85500,0.14,long
951,/root/bucket4/shells-romanizing-short.mp4,13,shells-romanizing,ebay.co.uk,1502,19526,0.35,short
951,/root/bucket4/shells-romanizing-short.mp4,13,shells-romanizing,shareasale.com,736011,9568143,0.38,short
808,/root/bucket3/shells-romanizing-long.mp4,44,shells-romanizing,archive.org,103591,4558004,0.48,long
808,/root/bucket3/shells-romanizing-long.mp4,44,shells-romanizing,topsy.com,561597,24710268,0.17,long
808,/root/bucket3/shells-romanizing-long.mp4,44,shells-romanizing,unknown,2005,88220,0.13,long
1206,/root/bucket2/kindliness-screensaver-short.mp4,27,kindliness-screensaver,multiply.com,158668,4284036,0.39,short
1206,/root/bucket2/kindliness-screensaver-short.mp4,27,kindliness-screensaver,unknown,1508,40716,0.25,short
1206,/root/bucket2/kindliness-screensaver-short.mp4,27,kindliness-screensaver,springer.com,532729,14383683,0.14,short
1206,/root/bucket2/kindliness-screensaver-short.mp4,27,kindliness-screensaver,msu.edu,220990,5966730,0.5,short
437,/videos/2020-02-03/kindliness-screensaver-long.mp4,48,kindliness-screensaver,unknown,1513,72624,0.28,long
437,/videos/2020-02-03/kindliness-screensaver-long.mp4,48,kindliness-screensaver,opera.com,528341,25360368,0.42,long
437,/videos/2020-02-03/kindliness-screensaver-long.mp4,48,kindliness-screensaver,jalbum.net,59895,2874960,0.26,long
437,/videos/2020-02-03/kindliness-screensaver-long.mp4,48,kindliness-screensaver,reddit.com,7565,363120,0.19,long
1134,/root/bucket1/sapours-rassling-short.mp4,30,sapours-rassling,ustream.tv,175177,5255310,0.18,short
1134,/root/bucket1/sapours-rassling-short.mp4,30,sapours-rassling,unknown,1997,59910,0.37,short
1134,/root/bucket1/sapours-rassling-short.mp4,30,sapours-rassling,blog.com,1503,45090,0.29,short
1134,/root/bucket1/sapours-rassling-short.mp4,30,sapours-rassling,wp.com,36542,1096260,0.19,short
797,/root/bucket5/sapours-rassling-long.mp4,37,sapours-rassling,wiley.com,865741,32032417,0.4,long
797,/root/bucket5/sapours-rassling-long.mp4,37,sapours-rassling,discovery.com,329686,12198382,0.35,long
243,/videos/2020-02-04/incalescences-homaloids-short.mp4,6,incalescences-homaloids,unknown,2002,12012,0.36,short
243,/videos/2020-02-04/incalescences-homaloids-short.mp4,6,incalescences-homaloids,opera.com,521646,3129876,0.15,short
362,/root/bucket3/incalescences-homaloids-long.mp4,44,incalescences-homaloids,usnews.com,28043,1233892,0.4,long
362,/root/bucket3/incalescences-homaloids-long.mp4,44,incalescences-homaloids,unknown,971581,42749564,0.49,long
362,/root/bucket3/incalescences-homaloids-long.mp4,44,incalescences-homaloids,ebay.co.uk,1503,66132,0.22,long
362,/root/bucket3/incalescences-homaloids-long.mp4,44,incalescences-homaloids,netvibes.com,61260,2695440,0.2,long
362,/root/bucket3/incalescences-homaloids-long.mp4,44,incalescences-homaloids,blog.com,1497,65868,0.47,long
1220,/videos/2020-02-04/herewith-areached-short.mp4,24,herewith-areached,unknown,1509,36216,0.11,short
617,/root/bucket4/herewith-areached-long.mp4,44,herewith-areached,ebay.co.uk,1504,66176,0.2,long
617,/root/bucket4/herewith-areached-long.mp4,44,herewith-areached,thetimes.co.uk,7515,330660,0.37,long
617,/root/bucket4/herewith-areached-long.mp4,44,herewith-areached,flavors.me,858569,37777036,0.26,long
962,/root/bucket2/astarboard-randems-short.mp4,30,astarboard-randems,unknown,658107,19743210,0.26,short
1358,/videos/2020-02-03/astarboard-randems-long.mp4,25,astarboard-randems,java.com,864666,21616650,0.38,long
1358,/videos/2020-02-03/astarboard-randems-long.mp4,25,astarboard-randems,ebay.co.uk,1497,37425,0.17,long
1358,/videos/2020-02-03/astarboard-randems-long.mp4,25,astarboard-randems,patch.com,186254,4656350,0.16,long
1358,/videos/2020-02-03/astarboard-randems-long.mp4,25,astarboard-randems,unknown,753955,18848875,0.47,long
1358,/videos/2020-02-03/astarboard-randems-long.mp4,25,astarboard-randems,macromedia.com,665173,16629325,0.33,long
695,/videos/2020-02-03/lammergeyers-kickout-short.mp4,16,lammergeyers-kickout,unknown,958422,15334752,0.33,short
695,/videos/2020-02-03/lammergeyers-kickout-short.mp4,16,lammergeyers-kickout,nba.com,939926,15038816,0.35,short
695,/videos/2020-02-03/lammergeyers-kickout-short.mp4,16,lammergeyers-kickout,webs.com,173720,2779520,0.21,short
695,/videos/2020-02-03/lammergeyers-kickout-short.mp4,16,lammergeyers-kickout,skype.com,862593,13801488,0.33,short
695,/videos/2020-02-03/lammergeyers-kickout-short.mp4,16,lammergeyers-kickout,unknown,2000,32000,0.15,short
695,/videos/2020-02-03/lammergeyers-kickout-short.mp4,16,lammergeyers-kickout,unknown,1995,31920,0.28,short
695,/videos/2020-02-03/lammergeyers-kickout-short.mp4,16,lammergeyers-kickout,blogs.com,911907,14590512,0.3,short
695,/videos/2020-02-03/lammergeyers-kickout-short.mp4,16,lammergeyers-kickout,unicef.org,742728,11883648,0.48,short
695,/videos/2020-02-03/lammergeyers-kickout-short.mp4,16,lammergeyers-kickout,harvard.edu,810720,12971520,0.28,short
1821,/videos/2020-02-02/lammergeyers-kickout-long.mp4,49,lammergeyers-kickout,yale.edu,688232,33723368,0.15,long
1821,/videos/2020-02-02/lammergeyers-kickout-long.mp4,49,lammergeyers-kickout,unknown,2001,98049,0.32,long
931,/root/bucket4/panzerotto-frangipanni-short.mp4,14,panzerotto-frangipanni,blog.com,1498,20972,0.48,short
931,/root/bucket4/panzerotto-frangipanni-short.mp4,14,panzerotto-frangipanni,unknown,1511,21154,0.34,short
423,/videos/2020-02-02/panzerotto-frangipanni-long.mp4,29,panzerotto-frangipanni,springer.com,380771,11042359,0.22,long
423,/videos/2020-02-02/panzerotto-frangipanni-long.mp4,29,panzerotto-frangipanni,unknown,2000,58000,0.12,long
423,/videos/2020-02-02/panzerotto-frangipanni-long.mp4,29,panzerotto-frangipanni,free13runpool.com,243235,7053815,0.16,long
423,/videos/2020-02-02/panzerotto-frangipanni-long.mp4,29,panzerotto-frangipanni,unknown,2001,58029,0.38,long
423,/videos/2020-02-02/panzerotto-frangipanni-long.mp4,29,panzerotto-frangipanni,unknown,1514,43906,0.3,long
899,/videos/2020-02-03/farfetchedness-overcapitalize-short.mp4,24,farfetchedness-overcapitalize,unknown,852601,20462424,0.24,short
899,/videos/2020-02-03/farfetchedness-overcapitalize-short.mp4,24,farfetchedness-overcapitalize,csmonitor.com,656316,15751584,0.44,short
899,/videos/2020-02-03/farfetchedness-overcapitalize-short.mp4,24,farfetchedness-overcapitalize,chron.com,625955,15022920,0.19,short
899,/videos/2020-02-03/farfetchedness-overcapitalize-short.mp4,24,farfetchedness-overcapitalize,loc.gov,449563,10789512,0.15,short
899,/videos/2020-02-03/farfetchedness-overcapitalize-short.mp4,24,farfetchedness-overcapitalize,twitter.com,513866,12332784,0.47,short
65,/videos/2020-02-04/laparoscopic-matamatas-short.mp4,23,laparoscopic-matamatas,ebay.co.uk,1498,34454,0.35,short
65,/videos/2020-02-04/laparoscopic-matamatas-short.mp4,23,laparoscopic-matamatas,unknown,248387,5712901,0.28,short
65,/videos/2020-02-04/laparoscopic-matamatas-short.mp4,23,laparoscopic-matamatas,unknown,76734,1764882,0.45,short
481,/root/bucket5/laparoscopic-matamatas-long.mp4,48,laparoscopic-matamatas,webs.com,741846,35608608,0.46,long
481,/root/bucket5/laparoscopic-matamatas-long.mp4,48,laparoscopic-matamatas,patch.com,992122,47621856,0.15,long
481,/root/bucket5/laparoscopic-matamatas-long.mp4,48,laparoscopic-matamatas,fc2.com,345936,16604928,0.15,long
481,/root/bucket5/laparoscopic-matamatas-long.mp4,48,laparoscopic-matamatas,drupal.org,164419,7892112,0.26,long
481,/root/bucket5/laparoscopic-matamatas-long.mp4,48,laparoscopic-matamatas,creativecommons.org,82851,3976848,0.11,long
746,/root/bucket3/lightninged-cholestyramine-long.mp4,34,lightninged-cholestyramine,usgs.gov,918073,31214482,0.41,long
746,/root/bucket3/lightninged-cholestyramine-long.mp4,34,lightninged-cholestyramine,unknown,953636,32423624,0.27,long
746,/root/bucket3/lightninged-cholestyramine-long.mp4,34,lightninged-cholestyramine,yale.edu,1496,50864,0.27,long
746,/root/bucket3/lightninged-cholestyramine-long.mp4,34,lightninged-cholestyramine,icio.us,689437,23440858,0.45,long
1806,/root/bucket3/unhaunted-resought-short.mp4,5,unhaunted-resought,livejournal.com,429797,2148985,0.41,short
1806,/root/bucket3/unhaunted-resought-short.mp4,5,unhaunted-resought,buzzfeed.com,512526,2562630,0.22,short
1806,/root/bucket3/unhaunted-resought-short.mp4,5,unhaunted-resought,fc2.com,370645,1853225,0.31,short
1239,/videos/2020-02-01/unhaunted-resought-long.mp4,60,unhaunted-resought,unknown,1513,90780,0.33,long
1239,/videos/2020-02-01/unhaunted-resought-long.mp4,60,unhaunted-resought,unknown,1509,90540,0.35,long
1655,/videos/2020-02-02/flittering-containerise-short.mp4,25,flittering-containerise,unknown,612025,15300625,0.42,short
1655,/videos/2020-02-02/flittering-containerise-short.mp4,25,flittering-containerise,unknown,182844,4571100,0.32,short
1655,/videos/2020-02-02/flittering-containerise-short.mp4,25,flittering-containerise,phoca.cz,222154,5553850,0.12,short
1655,/videos/2020-02-02/flittering-containerise-short.mp4,25,flittering-containerise,loc.gov,547729,13693225,0.48,short
1655,/videos/2020-02-02/flittering-containerise-short.mp4,25,flittering-containerise,unknown,2001,50025,0.47,short
1655,/videos/2020-02-02/flittering-containerise-short.mp4,25,flittering-containerise,scribd.com,888544,22213600,0.22,short
198,/media/flittering-containerise-long.mp4,30,flittering-containerise,blog.com,1497,44910,0.43,long
198,/media/flittering-containerise-long.mp4,30,flittering-containerise,meetup.com,464521,13935630,0.16,long
198,/media/flittering-containerise-long.mp4,30,flittering-containerise,unknown,1996,59880,0.23,long
762,/videos/2020-02-03/getting-executing-short.mp4,22,getting-executing,storify.com,483275,10632050,0.39,short
762,/videos/2020-02-03/getting-executing-short.mp4,22,getting-executing,so-net.ne.jp,336131,7394882,0.12,short
762,/videos/2020-02-03/getting-executing-short.mp4,22,getting-executing,unknown,1516,33352,0.25,short
1315,/videos/2020-02-01/getting-executing-long.mp4,27,getting-executing,wiley.com,356298,9620046,0.4,long
728,/root/bucket1/signoras-pestful-short.mp4,8,signoras-pestful,angelfire.com,478076,3824608,0.22,short
728,/root/bucket1/signoras-pestful-short.mp4,8,signoras-pestful,blog.com,1499,11992,0.1,short
728,/root/bucket1/signoras-pestful-short.mp4,8,signoras-pestful,washington.edu,576032,4608256,0.14,short
728,/root/bucket1/signoras-pestful-short.mp4,8,signoras-pestful,unknown,1510,12080,0.45,short
600,/root/bucket4/signoras-pestful-long.mp4,30,signoras-pestful,purevolume.com,130477,3914310,0.21,long
600,/root/bucket4/signoras-pestful-long.mp4,30,signoras-pestful,springer.com,267424,8022720,0.36,long
600,/root/bucket4/signoras-pestful-long.mp4,30,signoras-pestful,unknown,1510,45300,0.35,long
600,/root/bucket4/signoras-pestful-long.mp4,30,signoras-pestful,yale.edu,1498,44940,0.38,long
1597,/videos/2020-02-02/uprightly-boiled-short.mp4,21,uprightly-boiled,nature.com,448463,9417723,0.36,short
1597,/videos/2020-02-02/uprightly-boiled-short.mp4,21,uprightly-boiled,archive.org,308437,6477177,0.49,short
1597,/videos/2020-02-02/uprightly-boiled-short.mp4,21,uprightly-boiled,zdnet.com,891448,18720408,0.14,short
1597,/videos/2020-02-02/uprightly-boiled-short.mp4,21,uprightly-boiled,drupal.org,761929,16000509,0.32,short
1707,/root/bucket4/uprightly-boiled-long.mp4,51,uprightly-boiled,unknown,2001,102051,0.44,long
1707,/root/bucket4/uprightly-boiled-long.mp4,51,uprightly-boiled,purevolume.com,841322,42907422,0.25,long
1947,/root/bucket3/sissynesses-rocker-short.mp4,27,sissynesses-rocker,comcast.net,354578,9573606,0.25,short
410,/videos/2020-02-01/sissynesses-rocker-long.mp4,47,sissynesses-rocker,icio.us,734796,34535412,0.24,long
410,/videos/2020-02-01/sissynesses-rocker-long.mp4,47,sissynesses-rocker,unknown,1509,70923,0.15,long
410,/videos/2020-02-01/sissynesses-rocker-long.mp4,47,sissynesses-rocker,csmonitor.com,294824,13856728,0.32,long
410,/videos/2020-02-01/sissynesses-rocker-long.mp4,47,sissynesses-rocker,yale.edu,1502,70594,0.12,long
410,/videos/2020-02-01/sissynesses-rocker-long.mp4,47,sissynesses-rocker,unknown,234336,11013792,0.3,long
33,/videos/2020-02-03/theosophisms-hydroxyls-short.mp4,19,theosophisms-hydroxyls,yale.edu,1496,28424,0.12,short
1795,/root/bucket2/theosophisms-hydroxyls-long.mp4,53,theosophisms-hydroxyls,goo.ne.jp,730995,38742735,0.44,long
1795,/root/bucket2/theosophisms-hydroxyls-long.mp4,53,theosophisms-hydroxyls,blog.com,1500,79500,0.44,long
1795,/root/bucket2/theosophisms-hydroxyls-long.mp4,53,theosophisms-hydroxyls,harvard.edu,345883,18331799,0.37,long
73,/videos/2020-02-02/resonator-aerofoils-short.mp4,9,resonator-aerofoils,unknown,1518,13662,0.24,short
73,/videos/2020-02-02/resonator-aerofoils-short.mp4,9,resonator-aerofoils,blog.com,1495,13455,0.43,short
73,/videos/2020-02-02/resonator-aerofoils-short.mp4,9,resonator-aerofoils,ebay.co.uk,1502,13518,0.14,short
73,/videos/2020-02-02/resonator-aerofoils-short.mp4,9,resonator-aerofoils,utexas.edu,927642,8348778,0.13,short
95,/videos/2020-02-01/abuna-billon-short.mp4,25,abuna-billon,unknown,922960,23074000,0.29,short
1406,/media/abuna-billon-long.mp4,47,abuna-billon,npr.org,673716,31664652,0.44,long
1381,/videos/2020-02-04/gazers-bittersweetly-short.mp4,21,gazers-bittersweetly,moonfruit.com,139084,2920764,0.42,short
1381,/videos/2020-02-04/gazers-bittersweetly-short.mp4,21,gazers-bittersweetly,goo.ne.jp,885692,18599532,0.22,short
1381,/videos/2020-02-04/gazers-bittersweetly-short.mp4,21,gazers-bittersweetly,scribd.com,274164,5757444,0.34,short
1482,/root/bucket5/gazers-bittersweetly-long.mp4,43,gazers-bittersweetly,patch.com,410442,17649006,0.48,long
1482,/root/bucket5/gazers-bittersweetly-long.mp4,43,gazers-bittersweetly,npr.org,385005,16555215,0.24,long
1482,/root/bucket5/gazers-bittersweetly-long.mp4,43,gazers-bittersweetly,csmonitor.com,286338,12312534,0.13,long
1482,/root/bucket5/gazers-bittersweetly-long.mp4,43,gazers-bittersweetly,foxnews.com,343530,14771790,0.28,long
1482,/root/bucket5/gazers-bittersweetly-long.mp4,43,gazers-bittersweetly,purevolume.com,354696,15251928,0.31,long
421,/videos/2020-02-03/blanch-yolky-short.mp4,29,blanch-yolky,unknown,1509,43761,0.36,short
421,/videos/2020-02-03/blanch-yolky-short.mp4,29,blanch-yolky,unknown,1514,43906,0.31,short
421,/videos/2020-02-03/blanch-yolky-short.mp4,29,blanch-yolky,ebay.co.uk,1503,43587,0.45,short
421,/videos/2020-02-03/blanch-yolky-short.mp4,29,blanch-yolky,blog.com,1502,43558,0.11,short
598,/root/bucket2/blanch-yolky-long.mp4,29,blanch-yolky,mayoclinic.com,42927,1244883,0.21,long
598,/root/bucket2/blanch-yolky-long.mp4,29,blanch-yolky,usgs.gov,68790,1994910,0.46,long
598,/root/bucket2/blanch-yolky-long.mp4,29,blanch-yolky,blog.com,1495,43355,0.26,long
1211,/root/bucket2/kinetheodolite-kidder-short.mp4,23,kinetheodolite-kidder,purevolume.com,361688,8318824,0.22,short
1211,/root/bucket2/kinetheodolite-kidder-short.mp4,23,kinetheodolite-kidder,unknown,1993,45839,0.17,short
1211,/root/bucket2/kinetheodolite-kidder-short.mp4,23,kinetheodolite-kidder,blog.com,1494,34362,0.44,short
291,/videos/2020-02-04/kinetheodolite-kidder-long.mp4,26,kinetheodolite-kidder,unknown,672613,17487938,0.24,long
291,/videos/2020-02-04/kinetheodolite-kidder-long.mp4,26,kinetheodolite-kidder,yale.edu,1499,38974,0.26,long
291,/videos/2020-02-04/kinetheodolite-kidder-long.mp4,26,kinetheodolite-kidder,flavors.me,314591,8179366,0.34,long
1932,/videos/2020-02-03/flambeaux-burnishments-short.mp4,17,flambeaux-burnishments,unknown,2001,34017,0.15,short
1811,/root/bucket1/flambeaux-burnishments-long.mp4,42,flambeaux-burnishments,blogtalkradio.com,108761,4567962,0.17,long
322,/root/bucket2/baron-anagrammatizing-short.mp4,13,baron-anagrammatizing,unknown,2005,26065,0.19,short
322,/root/bucket2/baron-anagrammatizing-short.mp4,13,baron-anagrammatizing,nbcnews.com,140246,1823198,0.38,short
322,/root/bucket2/baron-anagrammatizing-short.mp4,13,baron-anagrammatizing,dailymotion.com,332853,4327089,0.25,short
322,/root/bucket2/baron-anagrammatizing-short.mp4,13,baron-anagrammatizing,unknown,54173,704249,0.12,short
322,/root/bucket2/baron-anagrammatizing-short.mp4,13,baron-anagrammatizing,yale.edu,1496,19448,0.26,short
1094,/videos/2020-02-03/baron-anagrammatizing-long.mp4,53,baron-anagrammatizing,un.org,411969,21834357,0.34,long
1094,/videos/2020-02-03/baron-anagrammatizing-long.mp4,53,baron-anagrammatizing,blog.com,1500,79500,0.25,long
1094,/videos/2020-02-03/baron-anagrammatizing-long.mp4,53,baron-anagrammatizing,delicious.com,362739,19225167,0.44,long
1094,/videos/2020-02-03/baron-anagrammatizing-long.mp4,53,baron-anagrammatizing,webs.com,568261,30117833,0.21,long
1404,/root/bucket1/heil-gropers-short.mp4,8,heil-gropers,drupal.org,284293,2274344,0.39,short
1404,/root/bucket1/heil-gropers-short.mp4,8,heil-gropers,yale.edu,1499,11992,0.22,short
1404,/root/bucket1/heil-gropers-short.mp4,8,heil-gropers,unknown,2001,16008,0.22,short
1404,/root/bucket1/heil-gropers-short.mp4,8,heil-gropers,washington.edu,634265,5074120,0.25,short
303,/root/bucket5/heil-gropers-long.mp4,57,heil-gropers,dailymotion.com,493119,28107783,0.27,long
303,/root/bucket5/heil-gropers-long.mp4,57,heil-gropers,unknown,2004,114228,0.26,long
303,/root/bucket5/heil-gropers-long.mp4,57,heil-gropers,ebay.co.uk,1501,85557,0.43,long
303,/root/bucket5/heil-gropers-long.mp4,57,heil-gropers,unknown,1995,113715,0.37,long
303,/root/bucket5/heil-gropers-long.mp4,57,heil-gropers,blog.com,1499,85443,0.44,long
953,/videos/2020-02-02/deterge-unbloody-short.mp4,19,deterge-unbloody,comcast.net,315893,6001967,0.24,short
953,/videos/2020-02-02/deterge-unbloody-short.mp4,19,deterge-unbloody,topsy.com,356475,6773025,0.32,short
953,/videos/2020-02-02/deterge-unbloody-short.mp4,19,deterge-unbloody,yale.edu,1497,28443,0.36,short
953,/videos/2020-02-02/deterge-unbloody-short.mp4,19,deterge-unbloody,unknown,57615,1094685,0.35,short
953,/videos/2020-02-02/deterge-unbloody-short.mp4,19,deterge-unbloody,amazon.com,962542,18288298,0.21,short
1623,/videos/2020-02-02/deterge-unbloody-long.mp4,45,deterge-unbloody,unknown,271757,12229065,0.41,long
1623,/videos/2020-02-02/deterge-unbloody-long.mp4,45,deterge-unbloody,comcast.net,679977,30598965,0.22,long
1623,/videos/2020-02-02/deterge-unbloody-long.mp4,45,deterge-unbloody,icio.us,589250,26516250,0.14,long
1623,/videos/2020-02-02/deterge-unbloody-long.mp4,45,deterge-unbloody,harvard.edu,709178,31913010,0.34,long
1955,/media/abaya-greaseband-short.mp4,14,abaya-greaseband,ebay.co.uk,1504,21056,0.22,short
1955,/media/abaya-greaseband-short.mp4,14,abaya-greaseband,unknown,519861,7278054,0.15,short
1955,/media/abaya-greaseband-short.mp4,14,abaya-greaseband,yale.edu,1499,20986,0.37,short
1955,/media/abaya-greaseband-short.mp4,14,abaya-greaseband,twitter.com,614940,8609160,0.34,short
1955,/media/abaya-greaseband-short.mp4,14,abaya-greaseband,icio.us,612737,8578318,0.34,short
460,/root/bucket2/abaya-greaseband-long.mp4,43,abaya-greaseband,multiply.com,916305,39401115,0.43,long
460,/root/bucket2/abaya-greaseband-long.mp4,43,abaya-greaseband,ebay.co.uk,1502,64586,0.26,long
460,/root/bucket2/abaya-greaseband-long.mp4,43,abaya-greaseband,yale.edu,1500,64500,0.32,long
1992,/videos/2020-02-02/snaggiest-merchant-short.mp4,12,snaggiest-merchant,unknown,434545,5214540,0.31,short
1992,/videos/2020-02-02/snaggiest-merchant-short.mp4,12,snaggiest-merchant,blog.com,1496,17952,0.46,short
1992,/videos/2020-02-02/snaggiest-merchant-short.mp4,12,snaggiest-merchant,archive.org,562394,6748728,0.39,short
1992,/videos/2020-02-02/snaggiest-merchant-short.mp4,12,snaggiest-merchant,unknown,192999,2315988,0.2,short
1992,/videos/2020-02-02/snaggiest-merchant-short.mp4,12,snaggiest-merchant,yale.edu,1506,18072,0.14,short
1025,/videos/2020-02-03/snaggiest-merchant-long.mp4,44,snaggiest-merchant,netvibes.com,585478,25761032,0.15,long
1025,/videos/2020-02-03/snaggiest-merchant-long.mp4,44,snaggiest-merchant,creativecommons.org,578287,25444628,0.13,long
1025,/videos/2020-02-03/snaggiest-merchant-long.mp4,44,snaggiest-merchant,scribd.com,237481,10449164,0.13,long
1025,/videos/2020-02-03/snaggiest-merchant-long.mp4,44,snaggiest-merchant,fc2.com,850739,37432516,0.15,long
1025,/videos/2020-02-03/snaggiest-merchant-long.mp4,44,snaggiest-merchant,java.com,613224,26981856,0.21,long
1025,/videos/2020-02-03/snaggiest-merchant-long.mp4,44,snaggiest-merchant,state.gov,790564,34784816,0.37,long
1101,/videos/2020-02-01/dirigiste-protist-short.mp4,22,dirigiste-protist,blog.com,1504,33088,0.45,short
1101,/videos/2020-02-01/dirigiste-protist-short.mp4,22,dirigiste-protist,jigsy.com,612376,13472272,0.44,short
1101,/videos/2020-02-01/dirigiste-protist-short.mp4,22,dirigiste-protist,163.com,98743,2172346,0.43,short
1101,/videos/2020-02-01/dirigiste-protist-short.mp4,22,dirigiste-protist,unknown,2005,44110,0.29,short
1101,/videos/2020-02-01/dirigiste-protist-short.mp4,22,dirigiste-protist,unknown,1511,33242,0.2,short
1101,/videos/2020-02-01/dirigiste-protist-short.mp4,22,dirigiste-protist,unknown,1998,43956,0.19,short
1101,/videos/2020-02-01/dirigiste-protist-short.mp4,22,dirigiste-protist,unknown,1512,33264,0.32,short
1101,/videos/2020-02-01/dirigiste-protist-short.mp4,22,dirigiste-protist,unknown,388800,8553600,0.2,short
1101,/videos/2020-02-01/dirigiste-protist-short.mp4,22,dirigiste-protist,ebay.co.uk,1503,33066,0.26,short
1101,/videos/2020-02-01/dirigiste-protist-short.mp4,22,dirigiste-protist,moonfruit.com,440362,9687964,0.37,short
436,/videos/2020-02-03/dirigiste-protist-long.mp4,50,dirigiste-protist,unknown,697464,34873200,0.12,long
436,/videos/2020-02-03/dirigiste-protist-long.mp4,50,dirigiste-protist,unknown,1998,99900,0.43,long
436,/videos/2020-02-03/dirigiste-protist-long.mp4,50,dirigiste-protist,flavors.me,184325,9216250,0.24,long
436,/videos/2020-02-03/dirigiste-protist-long.mp4,50,dirigiste-protist,foxnews.com,158508,7925400,0.24,long
436,/videos/2020-02-03/dirigiste-protist-long.mp4,50,dirigiste-protist,g.co,742521,37126050,0.2,long
1813,/root/bucket3/glaucomatous-vaginitis-short.mp4,5,glaucomatous-vaginitis,unknown,209583,1047915,0.35,short
1813,/root/bucket3/glaucomatous-vaginitis-short.mp4,5,glaucomatous-vaginitis,macromedia.com,632347,3161735,0.12,short
895,/root/bucket3/glaucomatous-vaginitis-long.mp4,58,glaucomatous-vaginitis,ebay.co.uk,1503,87174,0.33,long
895,/root/bucket3/glaucomatous-vaginitis-long.mp4,58,glaucomatous-vaginitis,blog.com,1500,87000,0.41,long
895,/root/bucket3/glaucomatous-vaginitis-long.mp4,58,glaucomatous-vaginitis,unknown,1507,87406,0.47,long
895,/root/bucket3/glaucomatous-vaginitis-long.mp4,58,glaucomatous-vaginitis,blog.com,1499,86942,0.28,long
788,/root/bucket4/buckayro-halloes-short.mp4,11,buckayro-halloes,blog.com,1503,16533,0.25,short
788,/root/bucket4/buckayro-halloes-short.mp4,11,buckayro-halloes,unknown,1509,16599,0.19,short
309,/root/bucket4/buckayro-halloes-long.mp4,57,buckayro-halloes,springer.com,215943,12308751,0.46,long
309,/root/bucket4/buckayro-halloes-long.mp4,57,buckayro-halloes,patch.com,677266,38604162,0.2,long
309,/root/bucket4/buckayro-halloes-long.mp4,57,buckayro-halloes,goo.ne.jp,697378,39750546,0.5,long
1758,/videos/2020-02-04/overelaborations-anciently-short.mp4,15,overelaborations-anciently,techcrunch.com,775648,11634720,0.41,short
1758,/videos/2020-02-04/overelaborations-anciently-short.mp4,15,overelaborations-anciently,dedecms.com,854806,12822090,0.37,short
1758,/videos/2020-02-04/overelaborations-anciently-short.mp4,15,overelaborations-anciently,washington.edu,657518,9862770,0.36,short
1758,/videos/2020-02-04/overelaborations-anciently-short.mp4,15,overelaborations-anciently,unicef.org,147783,2216745,0.37,short
1758,/videos/2020-02-04/overelaborations-anciently-short.mp4,15,overelaborations-anciently,jalbum.net,216510,3247650,0.2,short
1758,/videos/2020-02-04/overelaborations-anciently-short.mp4,15,overelaborations-anciently,unknown,1509,22635,0.16,short
1758,/videos/2020-02-04/overelaborations-anciently-short.mp4,15,overelaborations-anciently,yale.edu,1495,22425,0.42,short
1428,/media/overelaborations-anciently-long.mp4,59,overelaborations-anciently,unknown,1998,117882,0.13,long
1428,/media/overelaborations-anciently-long.mp4,59,overelaborations-anciently,topsy.com,755582,44579338,0.24,long
1428,/media/overelaborations-anciently-long.mp4,59,overelaborations-anciently,storify.com,994263,58661517,0.47,long
1428,/media/overelaborations-anciently-long.mp4,59,overelaborations-anciently,yale.edu,1502,88618,0.22,long
1582,/root/bucket4/mainframes-renewed-short.mp4,28,mainframes-renewed,shareasale.com,436132,12211696,0.43,short
1582,/root/bucket4/mainframes-renewed-short.mp4,28,mainframes-renewed,yolasite.com,302563,8471764,0.49,short
158,/videos/2020-02-02/mainframes-renewed-long.mp4,45,mainframes-renewed,unknown,849396,38222820,0.2,long
158,/videos/2020-02-02/mainframes-renewed-long.mp4,45,mainframes-renewed,scribd.com,88018,3960810,0.17,long
158,/videos/2020-02-02/mainframes-renewed-long.mp4,45,mainframes-renewed,blog.com,1500,67500,0.21,long
647,/media/exultations-ischiatic-short.mp4,19,exultations-ischiatic,yale.edu,1499,28481,0.47,short
647,/media/exultations-ischiatic-short.mp4,19,exultations-ischiatic,bravesites.com,945856,17971264,0.36,short
647,/media/exultations-ischiatic-short.mp4,19,exultations-ischiatic,macromedia.com,81525,1548975,0.46,short
785,/videos/2020-02-04/exultations-ischiatic-long.mp4,38,exultations-ischiatic,blog.com,1504,57152,0.23,long
785,/videos/2020-02-04/exultations-ischiatic-long.mp4,38,exultations-ischiatic,unknown,2002,76076,0.31,long
70,/root/bucket4/obeahing-sempervivums-short.mp4,29,obeahing-sempervivums,blog.com,1500,43500,0.1,short
70,/root/bucket4/obeahing-sempervivums-short.mp4,29,obeahing-sempervivums,auda.org.au,73949,2144521,0.22,short
105,/root/bucket2/prolongable-triplying-short.mp4,19,prolongable-triplying,jalbum.net,72589,1379191,0.19,short
105,/root/bucket2/prolongable-triplying-short.mp4,19,prolongable-triplying,yale.edu,463802,8812238,0.23,short
105,/root/bucket2/prolongable-triplying-short.mp4,19,prolongable-triplying,livejournal.com,900705,17113395,0.26,short
105,/root/bucket2/prolongable-triplying-short.mp4,19,prolongable-triplying,ebay.co.uk,1501,28519,0.29,short
141,/root/bucket3/prolongable-triplying-long.mp4,48,prolongable-triplying,ebay.co.uk,1504,72192,0.11,long
141,/root/bucket3/prolongable-triplying-long.mp4,48,prolongable-triplying,blog.com,1502,72096,0.4,long
998,/videos/2020-02-02/madaming-doff-short.mp4,7,madaming-doff,bbb.org,695831,4870817,0.31,short
998,/videos/2020-02-02/madaming-doff-short.mp4,7,madaming-doff,unknown,1509,10563,0.48,short
998,/videos/2020-02-02/madaming-doff-short.mp4,7,madaming-doff,yale.edu,1496,10472,0.34,short
564,/root/bucket5/madaming-doff-long.mp4,56,madaming-doff,unknown,408970,22902320,0.37,long
564,/root/bucket5/madaming-doff-long.mp4,56,madaming-doff,blog.com,1503,84168,0.38,long
564,/root/bucket5/madaming-doff-long.mp4,56,madaming-doff,unknown,1512,84672,0.12,long
564,/root/bucket5/madaming-doff-long.mp4,56,madaming-doff,unknown,1997,111832,0.35,long
564,/root/bucket5/madaming-doff-long.mp4,56,madaming-doff,purevolume.com,515489,28867384,0.25,long
564,/root/bucket5/madaming-doff-long.mp4,56,madaming-doff,g.co,90056,5043136,0.19,long
1039,/root/bucket1/sporocarp-biofuels-short.mp4,27,sporocarp-biofuels,wiley.com,129814,3504978,0.48,short
1728,/videos/2020-02-03/sporocarp-biofuels-long.mp4,49,sporocarp-biofuels,drupal.org,332892,16311708,0.31,long
1728,/videos/2020-02-03/sporocarp-biofuels-long.mp4,49,sporocarp-biofuels,comcast.net,489251,23973299,0.34,long
1572,/root/bucket4/interlaminating-tidemill-short.mp4,20,interlaminating-tidemill,unknown,2001,40020,0.18,short
1572,/root/bucket4/interlaminating-tidemill-short.mp4,20,interlaminating-tidemill,unknown,526921,10538420,0.48,short
1721,/videos/2020-02-04/interlaminating-tidemill-long.mp4,46,interlaminating-tidemill,unknown,923191,42466786,0.27,long
1721,/videos/2020-02-04/interlaminating-tidemill-long.mp4,46,interlaminating-tidemill,unknown,1511,69506,0.15,long
1721,/videos/2020-02-04/interlaminating-tidemill-long.mp4,46,interlaminating-tidemill,unknown,650577,29926542,0.28,long
496,/root/bucket2/counterflow-epizoa-short.mp4,19,counterflow-epizoa,nature.com,579870,11017530,0.43,short
496,/root/bucket2/counterflow-epizoa-short.mp4,19,counterflow-epizoa,unknown,1507,28633,0.19,short
496,/root/bucket2/counterflow-epizoa-short.mp4,19,counterflow-epizoa,unknown,1509,28671,0.24,short
496,/root/bucket2/counterflow-epizoa-short.mp4,19,counterflow-epizoa,ebay.co.uk,1503,28557,0.11,short
496,/root/bucket2/counterflow-epizoa-short.mp4,19,counterflow-epizoa,ebay.co.uk,1504,28576,0.4,short
496,/root/bucket2/counterflow-epizoa-short.mp4,19,counterflow-epizoa,de.vu,922515,17527785,0.49,short
496,/root/bucket2/counterflow-epizoa-short.mp4,19,counterflow-epizoa,ebay.co.uk,1501,28519,0.33,short
1543,/videos/2020-02-03/counterflow-epizoa-long.mp4,29,counterflow-epizoa,unknown,1506,43674,0.38,long
1543,/videos/2020-02-03/counterflow-epizoa-long.mp4,29,counterflow-epizoa,blog.com,1506,43674,0.35,long
1543,/videos/2020-02-03/counterflow-epizoa-long.mp4,29,counterflow-epizoa,unknown,531626,15417154,0.24,long
854,/videos/2020-02-01/ren-deadwoods-short.mp4,15,ren-deadwoods,yale.edu,1497,22455,0.17,short
854,/videos/2020-02-01/ren-deadwoods-short.mp4,15,ren-deadwoods,washington.edu,670710,10060650,0.28,short
854,/videos/2020-02-01/ren-deadwoods-short.mp4,15,ren-deadwoods,unknown,1513,22695,0.13,short
1817,/root/bucket3/ren-deadwoods-long.mp4,53,ren-deadwoods,yandex.ru,788383,41784299,0.3,long
1817,/root/bucket3/ren-deadwoods-long.mp4,53,ren-deadwoods,ebay.co.uk,1504,79712,0.25,long
1817,/root/bucket3/ren-deadwoods-long.mp4,53,ren-deadwoods,unknown,2000,106000,0.26,long
614,/videos/2020-02-02/malingerers-calyptrate-short.mp4,6,malingerers-calyptrate,ebay.co.uk,1499,8994,0.42,short
614,/videos/2020-02-02/malingerers-calyptrate-short.mp4,6,malingerers-calyptrate,reverbnation.com,504498,3026988,0.14,short
289,/videos/2020-02-03/malingerers-calyptrate-long.mp4,27,malingerers-calyptrate,auda.org.au,954504,25771608,0.24,long
289,/videos/2020-02-03/malingerers-calyptrate-long.mp4,27,malingerers-calyptrate,unknown,1999,53973,0.41,long
289,/videos/2020-02-03/malingerers-calyptrate-long.mp4,27,malingerers-calyptrate,ustream.tv,545676,14733252,0.5,long
289,/videos/2020-02-03/malingerers-calyptrate-long.mp4,27,malingerers-calyptrate,yale.edu,983864,26564328,0.26,long
289,/videos/2020-02-03/malingerers-calyptrate-long.mp4,27,malingerers-calyptrate,yale.edu,1497,40419,0.29,long
1729,/root/bucket3/breachers-roentgenograms-short.mp4,14,breachers-roentgenograms,springer.com,673138,9423932,0.26,short
1729,/root/bucket3/breachers-roentgenograms-short.mp4,14,breachers-roentgenograms,unknown,349803,4897242,0.39,short
1729,/root/bucket3/breachers-roentgenograms-short.mp4,14,breachers-roentgenograms,yale.edu,1496,20944,0.17,short
1022,/media/breachers-roentgenograms-long.mp4,36,breachers-roentgenograms,yale.edu,1500,54000,0.35,long
1022,/media/breachers-roentgenograms-long.mp4,36,breachers-roentgenograms,unknown,920927,33153372,0.47,long
935,/videos/2020-02-02/intensatives-flammabilities-short.mp4,5,intensatives-flammabilities,unknown,1506,7530,0.47,short
935,/videos/2020-02-02/intensatives-flammabilities-short.mp4,5,intensatives-flammabilities,phoca.cz,369438,1847190,0.13,short
935,/videos/2020-02-02/intensatives-flammabilities-short.mp4,5,intensatives-flammabilities,studiopress.com,114779,573895,0.43,short
935,/videos/2020-02-02/intensatives-flammabilities-short.mp4,5,intensatives-flammabilities,amazon.com,439533,2197665,0.12,short
935,/videos/2020-02-02/intensatives-flammabilities-short.mp4,5,intensatives-flammabilities,springer.com,721373,3606865,0.1,short
935,/videos/2020-02-02/intensatives-flammabilities-short.mp4,5,intensatives-flammabilities,comsenz.com,891616,4458080,0.26,short
1849,/root/bucket5/intensatives-flammabilities-long.mp4,39,intensatives-flammabilities,unknown,782390,30513210,0.47,long
1849,/root/bucket5/intensatives-flammabilities-long.mp4,39,intensatives-flammabilities,unknown,671737,26197743,0.37,long
1849,/root/bucket5/intensatives-flammabilities-long.mp4,39,intensatives-flammabilities,yale.edu,1495,58305,0.27,long
1849,/root/bucket5/intensatives-flammabilities-long.mp4,39,intensatives-flammabilities,mail.ru,234866,9159774,0.46,long
1849,/root/bucket5/intensatives-flammabilities-long.mp4,39,intensatives-flammabilities,utexas.edu,535095,20868705,0.25,long
79,/videos/2020-02-01/overextravagant-guanazolos-short.mp4,27,overextravagant-guanazolos,unknown,2003,54081,0.43,short
79,/videos/2020-02-01/overextravagant-guanazolos-short.mp4,27,overextravagant-guanazolos,unknown,193322,5219694,0.11,short
144,/root/bucket4/overextravagant-guanazolos-long.mp4,41,overextravagant-guanazolos,exblog.jp,319903,13116023,0.44,long
144,/root/bucket4/overextravagant-guanazolos-long.mp4,41,overextravagant-guanazolos,flavors.me,307948,12625868,0.27,long
144,/root/bucket4/overextravagant-guanazolos-long.mp4,41,overextravagant-guanazolos,yale.edu,1500,61500,0.22,long
504,/videos/2020-02-01/hopeful-supranationalism-short.mp4,21,hopeful-supranationalism,sciencedaily.com,8707,182847,0.17,short
504,/videos/2020-02-01/hopeful-supranationalism-short.mp4,21,hopeful-supranationalism,unknown,1993,41853,0.16,short
504,/videos/2020-02-01/hopeful-supranationalism-short.mp4,21,hopeful-supranationalism,yale.edu,1498,31458,0.1,short
504,/videos/2020-02-01/hopeful-supranationalism-short.mp4,21,hopeful-supranationalism,studiopress.com,414671,8708091,0.36,short
504,/videos/2020-02-01/hopeful-supranationalism-short.mp4,21,hopeful-supranationalism,nymag.com,178456,3747576,0.36,short
504,/videos/2020-02-01/hopeful-supranationalism-short.mp4,21,hopeful-supranationalism,springer.com,76686,1610406,0.31,short
504,/videos/2020-02-01/hopeful-supranationalism-short.mp4,21,hopeful-supranationalism,about.com,400443,8409303,0.2,short
1162,/root/bucket4/hopeful-supranationalism-long.mp4,38,hopeful-supranationalism,netvibes.com,803774,30543412,0.28,long
1162,/root/bucket4/hopeful-supranationalism-long.mp4,38,hopeful-supranationalism,yale.edu,1501,57038,0.4,long
455,/videos/2020-02-02/tridacnas-heliotropism-short.mp4,16,tridacnas-heliotropism,unknown,1999,31984,0.39,short
455,/videos/2020-02-02/tridacnas-heliotropism-short.mp4,16,tridacnas-heliotropism,ebay.co.uk,1501,24016,0.4,short
1692,/root/bucket1/tridacnas-heliotropism-long.mp4,37,tridacnas-heliotropism,blog.com,1502,55574,0.48,long
1692,/root/bucket1/tridacnas-heliotropism-long.mp4,37,tridacnas-heliotropism,google.fr,666025,24642925,0.2,long
1692,/root/bucket1/tridacnas-heliotropism-long.mp4,37,tridacnas-heliotropism,yale.edu,1501,55537,0.26,long
832,/root/bucket5/upsee-fiddlesticks-short.mp4,10,upsee-fiddlesticks,mail.ru,722829,7228290,0.15,short
832,/root/bucket5/upsee-fiddlesticks-short.mp4,10,upsee-fiddlesticks,icio.us,127048,1270480,0.22,short
832,/root/bucket5/upsee-fiddlesticks-short.mp4,10,upsee-fiddlesticks,dion.ne.jp,247783,2477830,0.19,short
832,/root/bucket5/upsee-fiddlesticks-short.mp4,10,upsee-fiddlesticks,storify.com,478839,4788390,0.41,short
1539,/videos/2020-02-04/upsee-fiddlesticks-long.mp4,60,upsee-fiddlesticks,so-net.ne.jp,888874,53332440,0.47,long
1539,/videos/2020-02-04/upsee-fiddlesticks-long.mp4,60,upsee-fiddlesticks,purevolume.com,930106,55806360,0.44,long
1539,/videos/2020-02-04/upsee-fiddlesticks-long.mp4,60,upsee-fiddlesticks,yale.edu,26327,1579620,0.12,long
1539,/videos/2020-02-04/upsee-fiddlesticks-long.mp4,60,upsee-fiddlesticks,bravesites.com,981763,58905780,0.47,long
479,/root/bucket1/unwhistleable-breakbeats-short.mp4,15,unwhistleable-breakbeats,prnewswire.com,330561,4958415,0.21,short
479,/root/bucket1/unwhistleable-breakbeats-short.mp4,15,unwhistleable-breakbeats,purevolume.com,818920,12283800,0.43,short
479,/root/bucket1/unwhistleable-breakbeats-short.mp4,15,unwhistleable-breakbeats,about.com,970741,14561115,0.4,short
819,/media/unwhistleable-breakbeats-long.mp4,33,unwhistleable-breakbeats,unknown,1510,49830,0.45,long
819,/media/unwhistleable-breakbeats-long.mp4,33,unwhistleable-breakbeats,yandex.ru,138317,4564461,0.24,long
819,/media/unwhistleable-breakbeats-long.mp4,33,unwhistleable-breakbeats,yale.edu,1499,49467,0.26,long
819,/media/unwhistleable-breakbeats-long.mp4,33,unwhistleable-breakbeats,sciencedaily.com,148449,4898817,0.21,long
1698,/root/bucket3/raita-fatiguing-short.mp4,20,raita-fatiguing,foxnews.com,718111,14362220,0.44,short
1698,/root/bucket3/raita-fatiguing-short.mp4,20,raita-fatiguing,unknown,1512,30240,0.38,short
1656,/media/raita-fatiguing-long.mp4,46,raita-fatiguing,yale.edu,1494,68724,0.45,long
407,/root/bucket3/preheats-haole-short.mp4,24,preheats-haole,github.com,380308,9127392,0.28,short
407,/root/bucket3/preheats-haole-short.mp4,24,preheats-haole,unknown,1513,36312,0.39,short
407,/root/bucket3/preheats-haole-short.mp4,24,preheats-haole,unknown,178163,4275912,0.14,short
407,/root/bucket3/preheats-haole-short.mp4,24,preheats-haole,blog.com,1500,36000,0.42,short
1525,/root/bucket5/straked-extendant-short.mp4,20,straked-extendant,csmonitor.com,230898,4617960,0.29,short
74,/media/straked-extendant-long.mp4,39,straked-extendant,zdnet.com,310294,12101466,0.3,long
74,/media/straked-extendant-long.mp4,39,straked-extendant,scribd.com,531724,20737236,0.21,long
74,/media/straked-extendant-long.mp4,39,straked-extendant,unknown,1999,77961,0.43,long
74,/media/straked-extendant-long.mp4,39,straked-extendant,jalbum.net,523272,20407608,0.19,long
1764,/root/bucket2/friskers-galvanotropic-short.mp4,30,friskers-galvanotropic,buzzfeed.com,82852,2485560,0.24,short
1764,/root/bucket2/friskers-galvanotropic-short.mp4,30,friskers-galvanotropic,ebay.co.uk,1505,45150,0.38,short
247,/videos/2020-02-02/friskers-galvanotropic-long.mp4,27,friskers-galvanotropic,purevolume.com,893667,24129009,0.12,long
247,/videos/2020-02-02/friskers-galvanotropic-long.mp4,27,friskers-galvanotropic,shinystat.com,111863,3020301,0.46,long
1554,/root/bucket2/emball-encyclic-short.mp4,9,emball-encyclic,creativecommons.org,480292,4322628,0.47,short
1554,/root/bucket2/emball-encyclic-short.mp4,9,emball-encyclic,twitter.com,447480,4027320,0.23,short
1554,/root/bucket2/emball-encyclic-short.mp4,9,emball-encyclic,ebay.co.uk,1502,13518,0.29,short
1554,/root/bucket2/emball-encyclic-short.mp4,9,emball-encyclic,patch.com,638813,5749317,0.4,short
1554,/root/bucket2/emball-encyclic-short.mp4,9,emball-encyclic,goo.ne.jp,968005,8712045,0.28,short
1554,/root/bucket2/emball-encyclic-short.mp4,9,emball-encyclic,unicef.org,295813,2662317,0.26,short
1536,/media/sorely-phytonadiones-short.mp4,28,sorely-phytonadiones,unknown,1512,42336,0.43,short
1536,/media/sorely-phytonadiones-short.mp4,28,sorely-phytonadiones,github.com,160426,4491928,0.28,short
1536,/media/sorely-phytonadiones-short.mp4,28,sorely-phytonadiones,storify.com,559584,15668352,0.44,short
1536,/media/sorely-phytonadiones-short.mp4,28,sorely-phytonadiones,unicef.org,656890,18392920,0.37,short
1536,/media/sorely-phytonadiones-short.mp4,28,sorely-phytonadiones,topsy.com,791343,22157604,0.42,short
1967,/root/bucket1/sorely-phytonadiones-long.mp4,52,sorely-phytonadiones,state.gov,789648,41061696,0.31,long
723,/videos/2020-02-01/cauterized-appropriation-short.mp4,14,cauterized-appropriation,free13runpool.com,15039,210546,0.22,short
723,/videos/2020-02-01/cauterized-appropriation-short.mp4,14,cauterized-appropriation,unknown,1511,21154,0.34,short
297,/root/bucket4/cauterized-appropriation-long.mp4,32,cauterized-appropriation,slate.com,906959,29022688,0.16,long
297,/root/bucket4/cauterized-appropriation-long.mp4,32,cauterized-appropriation,ustream.tv,829670,26549440,0.19,long
297,/root/bucket4/cauterized-appropriation-long.mp4,32,cauterized-appropriation,blog.com,1504,48128,0.44,long
297,/root/bucket4/cauterized-appropriation-long.mp4,32,cauterized-appropriation,google.fr,466887,14940384,0.49,long
376,/root/bucket3/refrainment-wisdoms-short.mp4,20,refrainment-wisdoms,netvibes.com,344227,6884540,0.35,short
376,/root/bucket3/refrainment-wisdoms-short.mp4,20,refrainment-wisdoms,meetup.com,446788,8935760,0.19,short
376,/root/bucket3/refrainment-wisdoms-short.mp4,20,refrainment-wisdoms,google.nl,860130,17202600,0.38,short
376,/root/bucket3/refrainment-wisdoms-short.mp4,20,refrainment-wisdoms,washington.edu,868543,17370860,0.42,short
869,/root/bucket1/refrainment-wisdoms-long.mp4,48,refrainment-wisdoms,elegantthemes.com,459831,22071888,0.17,long
869,/root/bucket1/refrainment-wisdoms-long.mp4,48,refrainment-wisdoms,ebay.co.uk,1497,71856,0.11,long
579,/root/bucket3/contrarinesses-swimmings-short.mp4,7,contrarinesses-swimmings,wp.com,771098,5397686,0.41,short
579,/root/bucket3/contrarinesses-swimmings-short.mp4,7,contrarinesses-swimmings,wufoo.com,251357,1759499,0.22,short
579,/root/bucket3/contrarinesses-swimmings-short.mp4,7,contrarinesses-swimmings,unknown,1994,13958,0.37,short
579,/root/bucket3/contrarinesses-swimmings-short.mp4,7,contrarinesses-swimmings,msu.edu,615255,4306785,0.32,short
579,/root/bucket3/contrarinesses-swimmings-short.mp4,7,contrarinesses-swimmings,blog.com,1496,10472,0.33,short
579,/root/bucket3/contrarinesses-swimmings-short.mp4,7,contrarinesses-swimmings,opera.com,363125,2541875,0.19,short
44,/root/bucket2/contrarinesses-swimmings-long.mp4,43,contrarinesses-swimmings,ebay.co.uk,1496,64328,0.3,long
44,/root/bucket2/contrarinesses-swimmings-long.mp4,43,contrarinesses-swimmings,ebay.co.uk,1498,64414,0.24,long
44,/root/bucket2/contrarinesses-swimmings-long.mp4,43,contrarinesses-swimmings,angelfire.com,635773,27338239,0.47,long
1522,/root/bucket3/dull-rigling-short.mp4,13,dull-rigling,skype.com,273635,3557255,0.18,short
1522,/root/bucket3/dull-rigling-short.mp4,13,dull-rigling,unknown,1513,19669,0.27,short
569,/root/bucket3/dull-rigling-long.mp4,60,dull-rigling,macromedia.com,718578,43114680,0.48,long
569,/root/bucket3/dull-rigling-long.mp4,60,dull-rigling,storify.com,452792,27167520,0.37,long
569,/root/bucket3/dull-rigling-long.mp4,60,dull-rigling,unknown,1513,90780,0.25,long
569,/root/bucket3/dull-rigling-long.mp4,60,dull-rigling,unknown,2006,120360,0.24,long
569,/root/bucket3/dull-rigling-long.mp4,60,dull-rigling,unknown,2000,120000,0.23,long
569,/root/bucket3/dull-rigling-long.mp4,60,dull-rigling,storify.com,372901,22374060,0.2,long
569,/root/bucket3/dull-rigling-long.mp4,60,dull-rigling,patch.com,729213,43752780,0.27,long
559,/root/bucket2/streakinesses-overmelt-short.mp4,26,streakinesses-overmelt,goodreads.com,89913,2337738,0.48,short
559,/root/bucket2/streakinesses-overmelt-short.mp4,26,streakinesses-overmelt,dion.ne.jp,993885,25841010,0.38,short
1062,/videos/2020-02-01/streakinesses-overmelt-long.mp4,41,streakinesses-overmelt,dedecms.com,665225,27274225,0.38,long
1062,/videos/2020-02-01/streakinesses-overmelt-long.mp4,41,streakinesses-overmelt,unknown,1514,62074,0.31,long
1062,/videos/2020-02-01/streakinesses-overmelt-long.mp4,41,streakinesses-overmelt,storify.com,551427,22608507,0.42,long
1062,/videos/2020-02-01/streakinesses-overmelt-long.mp4,41,streakinesses-overmelt,163.com,420336,17233776,0.17,long
1590,/root/bucket2/cognoscenti-waterworn-short.mp4,14,cognoscenti-waterworn,seattletimes.com,660744,9250416,0.46,short
1590,/root/bucket2/cognoscenti-waterworn-short.mp4,14,cognoscenti-waterworn,spotify.com,785394,10995516,0.28,short
915,/videos/2020-02-02/cognoscenti-waterworn-long.mp4,38,cognoscenti-waterworn,blog.com,1500,57000,0.4,long
915,/videos/2020-02-02/cognoscenti-waterworn-long.mp4,38,cognoscenti-waterworn,delicious.com,503538,19134444,0.35,long
567,/root/bucket2/incognitas-asepticise-short.mp4,22,incognitas-asepticise,epa.gov,450115,9902530,0.26,short
567,/root/bucket2/incognitas-asepticise-short.mp4,22,incognitas-asepticise,ebay.co.uk,1504,33088,0.31,short
909,/root/bucket5/incognitas-asepticise-long.mp4,46,incognitas-asepticise,jalbum.net,843189,38786694,0.26,long
909,/root/bucket5/incognitas-asepticise-long.mp4,46,incognitas-asepticise,yale.edu,1499,68954,0.37,long
909,/root/bucket5/incognitas-asepticise-long.mp4,46,incognitas-asepticise,slate.com,888899,40889354,0.48,long
171,/videos/2020-02-02/astringencies-shoots-short.mp4,22,astringencies-shoots,blog.com,1502,33044,0.18,short
171,/videos/2020-02-02/astringencies-shoots-short.mp4,22,astringencies-shoots,unknown,1510,33220,0.21,short
171,/videos/2020-02-02/astringencies-shoots-short.mp4,22,astringencies-shoots,spotify.com,370427,8149394,0.43,short
1770,/root/bucket1/astringencies-shoots-long.mp4,41,astringencies-shoots,patch.com,123155,5049355,0.47,long
1770,/root/bucket1/astringencies-shoots-long.mp4,41,astringencies-shoots,flavors.me,135414,5551974,0.49,long
1770,/root/bucket1/astringencies-shoots-long.mp4,41,astringencies-shoots,techcrunch.com,335883,13771203,0.28,long
1888,/videos/2020-02-01/prohibitiveness-peptids-short.mp4,20,prohibitiveness-peptids,yale.edu,1497,29940,0.34,short
784,/root/bucket1/prohibitiveness-peptids-long.mp4,37,prohibitiveness-peptids,unknown,527755,19526935,0.46,long
784,/root/bucket1/prohibitiveness-peptids-long.mp4,37,prohibitiveness-peptids,blogtalkradio.com,50582,1871534,0.47,long
784,/root/bucket1/prohibitiveness-peptids-long.mp4,37,prohibitiveness-peptids,purevolume.com,565184,20911808,0.46,long
784,/root/bucket1/prohibitiveness-peptids-long.mp4,37,prohibitiveness-peptids,unknown,419996,15539852,0.19,long
784,/root/bucket1/prohibitiveness-peptids-long.mp4,37,prohibitiveness-peptids,slate.com,840183,31086771,0.43,long
1213,/root/bucket2/hutted-feued-short.mp4,29,hutted-feued,flavors.me,82897,2404013,0.31,short
988,/root/bucket5/hutted-feued-long.mp4,30,hutted-feued,goo.ne.jp,769342,23080260,0.49,long
988,/root/bucket5/hutted-feued-long.mp4,30,hutted-feued,free13runpool.com,823478,24704340,0.39,long
833,/root/bucket4/preboarding-cassenes-short.mp4,18,preboarding-cassenes,unknown,1508,27144,0.45,short
833,/root/bucket4/preboarding-cassenes-short.mp4,18,preboarding-cassenes,ebay.co.uk,1499,26982,0.23,short
1532,/root/bucket3/preboarding-cassenes-long.mp4,45,preboarding-cassenes,google.nl,729065,32807925,0.41,long
1532,/root/bucket3/preboarding-cassenes-long.mp4,45,preboarding-cassenes,icio.us,213870,9624150,0.22,long
690,/root/bucket3/corrugated-bemusedly-short.mp4,14,corrugated-bemusedly,unknown,1992,27888,0.41,short
690,/root/bucket3/corrugated-bemusedly-short.mp4,14,corrugated-bemusedly,about.com,403002,5642028,0.47,short
690,/root/bucket3/corrugated-bemusedly-short.mp4,14,corrugated-bemusedly,unknown,1506,21084,0.24,short
690,/root/bucket3/corrugated-bemusedly-short.mp4,14,corrugated-bemusedly,free13runpool.com,322349,4512886,0.12,short
718,/videos/2020-02-01/corrugated-bemusedly-long.mp4,55,corrugated-bemusedly,blog.com,1498,82390,0.27,long
718,/videos/2020-02-01/corrugated-bemusedly-long.mp4,55,corrugated-bemusedly,discovery.com,983265,54079575,0.31,long
1693,/videos/2020-02-02/nutation-centripetalisms-short.mp4,23,nutation-centripetalisms,storify.com,46962,1080126,0.4,short
1693,/videos/2020-02-02/nutation-centripetalisms-short.mp4,23,nutation-centripetalisms,unknown,29596,680708,0.26,short
1693,/videos/2020-02-02/nutation-centripetalisms-short.mp4,23,nutation-centripetalisms,unknown,1506,34638,0.21,short
1226,/videos/2020-02-04/nutation-centripetalisms-long.mp4,53,nutation-centripetalisms,delicious.com,650033,34451749,0.1,long
1226,/videos/2020-02-04/nutation-centripetalisms-long.mp4,53,nutation-centripetalisms,bravesites.com,812691,43072623,0.25,long
385,/root/bucket3/fetologies-drowses-short.mp4,6,fetologies-drowses,usnews.com,329132,1974792,0.31,short
385,/root/bucket3/fetologies-drowses-short.mp4,6,fetologies-drowses,yale.edu,1501,9006,0.45,short
385,/root/bucket3/fetologies-drowses-short.mp4,6,fetologies-drowses,yale.edu,1506,9036,0.23,short
385,/root/bucket3/fetologies-drowses-short.mp4,6,fetologies-drowses,blogs.com,326695,1960170,0.15,short
834,/videos/2020-02-02/fetologies-drowses-long.mp4,42,fetologies-drowses,yale.edu,1503,63126,0.24,long
834,/videos/2020-02-02/fetologies-drowses-long.mp4,42,fetologies-drowses,unknown,771661,32409762,0.45,long
834,/videos/2020-02-02/fetologies-drowses-long.mp4,42,fetologies-drowses,unknown,2002,84084,0.23,long
1907,/root/bucket2/praiseworthy-enteropneustal-short.mp4,22,praiseworthy-enteropneustal,goodreads.com,459067,10099474,0.46,short
1907,/root/bucket2/praiseworthy-enteropneustal-short.mp4,22,praiseworthy-enteropneustal,goo.ne.jp,340895,7499690,0.38,short
1907,/root/bucket2/praiseworthy-enteropneustal-short.mp4,22,praiseworthy-enteropneustal,opera.com,656618,14445596,0.39,short
109,/videos/2020-02-03/praiseworthy-enteropneustal-long.mp4,30,praiseworthy-enteropneustal,yale.edu,1501,45030,0.19,long
109,/videos/2020-02-03/praiseworthy-enteropneustal-long.mp4,30,praiseworthy-enteropneustal,unknown,1998,59940,0.31,long
109,/videos/2020-02-03/praiseworthy-enteropneustal-long.mp4,30,praiseworthy-enteropneustal,macromedia.com,713064,21391920,0.36,long
109,/videos/2020-02-03/praiseworthy-enteropneustal-long.mp4,30,praiseworthy-enteropneustal,unknown,888846,26665380,0.32,long
286,/root/bucket3/gnarling-subcollege-short.mp4,19,gnarling-subcollege,goodreads.com,55195,1048705,0.17,short
286,/root/bucket3/gnarling-subcollege-short.mp4,19,gnarling-subcollege,blog.com,1494,28386,0.39,short
286,/root/bucket3/gnarling-subcollege-short.mp4,19,gnarling-subcollege,yale.edu,1500,28500,0.39,short
387,/root/bucket5/gnarling-subcollege-long.mp4,44,gnarling-subcollege,un.org,561915,24724260,0.23,long
1797,/videos/2020-02-03/rutherfords-tallats-short.mp4,8,rutherfords-tallats,skype.com,754407,6035256,0.12,short
1797,/videos/2020-02-03/rutherfords-tallats-short.mp4,8,rutherfords-tallats,zdnet.com,478759,3830072,0.34,short
1797,/videos/2020-02-03/rutherfords-tallats-short.mp4,8,rutherfords-tallats,slate.com,903803,7230424,0.34,short
1797,/videos/2020-02-03/rutherfords-tallats-short.mp4,8,rutherfords-tallats,wp.com,802618,6420944,0.11,short
639,/videos/2020-02-01/rutherfords-tallats-long.mp4,33,rutherfords-tallats,un.org,886845,29265885,0.43,long
639,/videos/2020-02-01/rutherfords-tallats-long.mp4,33,rutherfords-tallats,fc2.com,848324,27994692,0.42,long
639,/videos/2020-02-01/rutherfords-tallats-long.mp4,33,rutherfords-tallats,dedecms.com,396401,13081233,0.26,long
639,/videos/2020-02-01/rutherfords-tallats-long.mp4,33,rutherfords-tallats,unknown,1507,49731,0.38,long
1497,/root/bucket4/offline-intercorrelated-short.mp4,6,offline-intercorrelated,purevolume.com,651303,3907818,0.36,short
1497,/root/bucket4/offline-intercorrelated-short.mp4,6,offline-intercorrelated,so-net.ne.jp,238341,1430046,0.1,short
1497,/root/bucket4/offline-intercorrelated-short.mp4,6,offline-intercorrelated,unknown,5997,35982,0.18,short
1497,/root/bucket4/offline-intercorrelated-short.mp4,6,offline-intercorrelated,comcast.net,852065,5112390,0.25,short
1497,/root/bucket4/offline-intercorrelated-short.mp4,6,offline-intercorrelated,dion.ne.jp,36028,216168,0.14,short
447,/videos/2020-02-03/offline-intercorrelated-long.mp4,26,offline-intercorrelated,unknown,1514,39364,0.27,long
447,/videos/2020-02-03/offline-intercorrelated-long.mp4,26,offline-intercorrelated,goo.ne.jp,782311,20340086,0.31,long
447,/videos/2020-02-03/offline-intercorrelated-long.mp4,26,offline-intercorrelated,google.nl,990332,25748632,0.22,long
447,/videos/2020-02-03/offline-intercorrelated-long.mp4,26,offline-intercorrelated,comsenz.com,289825,7535450,0.16,long
625,/root/bucket5/alineations-lordlinesses-short.mp4,22,alineations-lordlinesses,epa.gov,814045,17908990,0.44,short
625,/root/bucket5/alineations-lordlinesses-short.mp4,22,alineations-lordlinesses,comcast.net,298155,6559410,0.14,short
625,/root/bucket5/alineations-lordlinesses-short.mp4,22,alineations-lordlinesses,blog.com,1500,33000,0.23,short
625,/root/bucket5/alineations-lordlinesses-short.mp4,22,alineations-lordlinesses,unknown,378339,8323458,0.28,short
489,/videos/2020-02-03/gangplows-armouries-short.mp4,22,gangplows-armouries,loc.gov,108081,2377782,0.24,short
489,/videos/2020-02-03/gangplows-armouries-short.mp4,22,gangplows-armouries,ebay.co.uk,1501,33022,0.2,short
1200,/root/bucket2/gangplows-armouries-long.mp4,58,gangplows-armouries,elegantthemes.com,109068,6325944,0.31,long
1200,/root/bucket2/gangplows-armouries-long.mp4,58,gangplows-armouries,buzzfeed.com,372152,21584816,0.24,long
1200,/root/bucket2/gangplows-armouries-long.mp4,58,gangplows-armouries,unknown,1509,87522,0.26,long
1200,/root/bucket2/gangplows-armouries-long.mp4,58,gangplows-armouries,unknown,2002,116116,0.31,long
1008,/root/bucket1/extremities-imitated-short.mp4,14,extremities-imitated,ebay.co.uk,1494,20916,0.33,short
365,/root/bucket3/extremities-imitated-long.mp4,34,extremities-imitated,yale.edu,780134,26524556,0.12,long
365,/root/bucket3/extremities-imitated-long.mp4,34,extremities-imitated,seattletimes.com,684188,23262392,0.16,long
365,/root/bucket3/extremities-imitated-long.mp4,34,extremities-imitated,buzzfeed.com,243404,8275736,0.48,long
365,/root/bucket3/extremities-imitated-long.mp4,34,extremities-imitated,storify.com,842333,28639322,0.14,long
1235,/videos/2020-02-02/steamroller-mousepieces-short.mp4,21,steamroller-mousepieces,dion.ne.jp,558112,11720352,0.26,short
465,/root/bucket2/steamroller-mousepieces-long.mp4,29,steamroller-mousepieces,washington.edu,164580,4772820,0.4,long
465,/root/bucket2/steamroller-mousepieces-long.mp4,29,steamroller-mousepieces,istockphoto.com,794455,23039195,0.35,long
465,/root/bucket2/steamroller-mousepieces-long.mp4,29,steamroller-mousepieces,storify.com,843369,24457701,0.4,long
1980,/videos/2020-02-03/valuers-otherguess-short.mp4,8,valuers-otherguess,webs.com,62202,497616,0.4,short
1980,/videos/2020-02-03/valuers-otherguess-short.mp4,8,valuers-otherguess,dailymotion.com,61888,495104,0.3,short
1980,/videos/2020-02-03/valuers-otherguess-short.mp4,8,valuers-otherguess,unknown,1505,12040,0.3,short
1980,/videos/2020-02-03/valuers-otherguess-short.mp4,8,valuers-otherguess,yale.edu,1502,12016,0.38,short
1980,/videos/2020-02-03/valuers-otherguess-short.mp4,8,valuers-otherguess,springer.com,829499,6635992,0.46,short
1980,/videos/2020-02-03/valuers-otherguess-short.mp4,8,valuers-otherguess,de.vu,796389,6371112,0.33,short
660,/root/bucket5/valuers-otherguess-long.mp4,54,valuers-otherguess,fc2.com,289990,15659460,0.47,long
1476,/root/bucket5/cocks-sarrasins-short.mp4,9,cocks-sarrasins,blogs.com,839805,7558245,0.34,short
1476,/root/bucket5/cocks-sarrasins-short.mp4,9,cocks-sarrasins,ebay.co.uk,1502,13518,0.39,short
1476,/root/bucket5/cocks-sarrasins-short.mp4,9,cocks-sarrasins,blog.com,1500,13500,0.12,short
1476,/root/bucket5/cocks-sarrasins-short.mp4,9,cocks-sarrasins,prnewswire.com,722944,6506496,0.33,short
1741,/videos/2020-02-02/cocks-sarrasins-long.mp4,48,cocks-sarrasins,unknown,2003,96144,0.16,long
1741,/videos/2020-02-02/cocks-sarrasins-long.mp4,48,cocks-sarrasins,shareasale.com,395576,18987648,0.41,long
1741,/videos/2020-02-02/cocks-sarrasins-long.mp4,48,cocks-sarrasins,patch.com,110943,5325264,0.2,long
1741,/videos/2020-02-02/cocks-sarrasins-long.mp4,48,cocks-sarrasins,free13runpool.com,738449,35445552,0.36,long
255,/videos/2020-02-04/ultramontanism-destructibilities-short.mp4,23,ultramontanism-destructibilities,netvibes.com,113374,2607602,0.49,short
255,/videos/2020-02-04/ultramontanism-destructibilities-short.mp4,23,ultramontanism-destructibilities,unknown,1995,45885,0.49,short
1018,/videos/2020-02-03/ultramontanism-destructibilities-long.mp4,29,ultramontanism-destructibilities,de.vu,261754,7590866,0.42,long
1018,/videos/2020-02-03/ultramontanism-destructibilities-long.mp4,29,ultramontanism-destructibilities,unknown,167898,4869042,0.2,long
1018,/videos/2020-02-03/ultramontanism-destructibilities-long.mp4,29,ultramontanism-destructibilities,wiley.com,202634,5876386,0.49,long
1018,/videos/2020-02-03/ultramontanism-destructibilities-long.mp4,29,ultramontanism-destructibilities,yale.edu,1503,43587,0.41,long
1018,/videos/2020-02-03/ultramontanism-destructibilities-long.mp4,29,ultramontanism-destructibilities,yale.edu,1498,43442,0.3,long
38,/videos/2020-02-01/dicht-druxiest-short.mp4,21,dicht-druxiest,moonfruit.com,490596,10302516,0.2,short
38,/videos/2020-02-01/dicht-druxiest-short.mp4,21,dicht-druxiest,icio.us,75254,1580334,0.2,short
636,/root/bucket5/dicht-druxiest-long.mp4,40,dicht-druxiest,nature.com,195725,7829000,0.25,long
636,/root/bucket5/dicht-druxiest-long.mp4,40,dicht-druxiest,phoca.cz,106796,4271840,0.12,long
636,/root/bucket5/dicht-druxiest-long.mp4,40,dicht-druxiest,goo.ne.jp,488257,19530280,0.43,long
636,/root/bucket5/dicht-druxiest-long.mp4,40,dicht-druxiest,blog.com,1500,60000,0.4,long
1426,/videos/2020-02-03/chields-hoten-short.mp4,17,chields-hoten,redcross.org,49618,843506,0.27,short
1426,/videos/2020-02-03/chields-hoten-short.mp4,17,chields-hoten,github.com,522481,8882177,0.45,short
1426,/videos/2020-02-03/chields-hoten-short.mp4,17,chields-hoten,harvard.edu,738413,12553021,0.32,short
1173,/videos/2020-02-04/chields-hoten-long.mp4,26,chields-hoten,amazon.com,687903,17885478,0.43,long
1173,/videos/2020-02-04/chields-hoten-long.mp4,26,chields-hoten,phoca.cz,3869,100594,0.25,long
1173,/videos/2020-02-04/chields-hoten-long.mp4,26,chields-hoten,yale.edu,1499,38974,0.25,long
1173,/videos/2020-02-04/chields-hoten-long.mp4,26,chields-hoten,unknown,1512,39312,0.33,long
1173,/videos/2020-02-04/chields-hoten-long.mp4,26,chields-hoten,blog.com,1504,39104,0.41,long
1173,/videos/2020-02-04/chields-hoten-long.mp4,26,chields-hoten,purevolume.com,448596,11663496,0.28,long
1173,/videos/2020-02-04/chields-hoten-long.mp4,26,chields-hoten,comsenz.com,659151,17137926,0.3,long
1173,/videos/2020-02-04/chields-hoten-long.mp4,26,chields-hoten,flavors.me,121061,3147586,0.33,long
101,/videos/2020-02-01/smackers-hubbly-short.mp4,9,smackers-hubbly,fc2.com,876832,7891488,0.49,short
101,/videos/2020-02-01/smackers-hubbly-short.mp4,9,smackers-hubbly,yandex.ru,607632,5468688,0.12,short
101,/videos/2020-02-01/smackers-hubbly-short.mp4,9,smackers-hubbly,unknown,1511,13599,0.4,short
101,/videos/2020-02-01/smackers-hubbly-short.mp4,9,smackers-hubbly,blog.com,1499,13491,0.11,short
1143,/root/bucket1/smackers-hubbly-long.mp4,47,smackers-hubbly,unknown,483704,22734088,0.32,long
1143,/root/bucket1/smackers-hubbly-long.mp4,47,smackers-hubbly,unknown,530329,24925463,0.23,long
1143,/root/bucket1/smackers-hubbly-long.mp4,47,smackers-hubbly,nature.com,712677,33495819,0.14,long
1143,/root/bucket1/smackers-hubbly-long.mp4,47,smackers-hubbly,unknown,59320,2788040,0.17,long
1143,/root/bucket1/smackers-hubbly-long.mp4,47,smackers-hubbly,bbb.org,370337,17405839,0.48,long
1143,/root/bucket1/smackers-hubbly-long.mp4,47,smackers-hubbly,unknown,1999,93953,0.27,long
1143,/root/bucket1/smackers-hubbly-long.mp4,47,smackers-hubbly,utexas.edu,608896,28618112,0.39,long
1143,/root/bucket1/smackers-hubbly-long.mp4,47,smackers-hubbly,redcross.org,248693,11688571,0.33,long
1143,/root/bucket1/smackers-hubbly-long.mp4,47,smackers-hubbly,ebay.co.uk,1500,70500,0.26,long
860,/root/bucket2/doyenne-seaports-short.mp4,21,doyenne-seaports,unknown,1509,31689,0.21,short
860,/root/bucket2/doyenne-seaports-short.mp4,21,doyenne-seaports,blogtalkradio.com,997185,20940885,0.2,short
860,/root/bucket2/doyenne-seaports-short.mp4,21,doyenne-seaports,dailymotion.com,954613,20046873,0.2,short
860,/root/bucket2/doyenne-seaports-short.mp4,21,doyenne-seaports,phoca.cz,676142,14198982,0.49,short
860,/root/bucket2/doyenne-seaports-short.mp4,21,doyenne-seaports,purevolume.com,304281,6389901,0.25,short
860,/root/bucket2/doyenne-seaports-short.mp4,21,doyenne-seaports,goo.ne.jp,970832,20387472,0.43,short
1282,/videos/2020-02-04/doyenne-seaports-long.mp4,35,doyenne-seaports,dailymotion.com,5374,188090,0.45,long
1282,/videos/2020-02-04/doyenne-seaports-long.mp4,35,doyenne-seaports,simplemachines.org,275046,9626610,0.47,long
1350,/videos/2020-02-02/mistouches-epidotisation-short.mp4,16,mistouches-epidotisation,delicious.com,777426,12438816,0.41,short
1350,/videos/2020-02-02/mistouches-epidotisation-short.mp4,16,mistouches-epidotisation,washington.edu,238382,3814112,0.37,short
1350,/videos/2020-02-02/mistouches-epidotisation-short.mp4,16,mistouches-epidotisation,joomla.org,531978,8511648,0.41,short
1798,/root/bucket1/mistouches-epidotisation-long.mp4,47,mistouches-epidotisation,unknown,1515,71205,0.18,long
1798,/root/bucket1/mistouches-epidotisation-long.mp4,47,mistouches-epidotisation,blog.com,1502,70594,0.43,long
1798,/root/bucket1/mistouches-epidotisation-long.mp4,47,mistouches-epidotisation,purevolume.com,273772,12867284,0.28,long
349,/media/inconvertible-exsiccates-short.mp4,18,inconvertible-exsiccates,storify.com,867420,15613560,0.46,short
349,/media/inconvertible-exsiccates-short.mp4,18,inconvertible-exsiccates,phoca.cz,802685,14448330,0.15,short
349,/media/inconvertible-exsiccates-short.mp4,18,inconvertible-exsiccates,yale.edu,1504,27072,0.23,short
349,/media/inconvertible-exsiccates-short.mp4,18,inconvertible-exsiccates,sciencedaily.com,453558,8164044,0.15,short
349,/media/inconvertible-exsiccates-short.mp4,18,inconvertible-exsiccates,unknown,2001,36018,0.49,short
349,/media/inconvertible-exsiccates-short.mp4,18,inconvertible-exsiccates,blog.com,1498,26964,0.4,short
349,/media/inconvertible-exsiccates-short.mp4,18,inconvertible-exsiccates,amazon.com,99155,1784790,0.47,short
1756,/root/bucket3/inconvertible-exsiccates-long.mp4,44,inconvertible-exsiccates,earthlink.net,405392,17837248,0.3,long
1756,/root/bucket3/inconvertible-exsiccates-long.mp4,44,inconvertible-exsiccates,blog.com,1499,65956,0.5,long
1756,/root/bucket3/inconvertible-exsiccates-long.mp4,44,inconvertible-exsiccates,techcrunch.com,796936,35065184,0.14,long
1756,/root/bucket3/inconvertible-exsiccates-long.mp4,44,inconvertible-exsiccates,nature.com,389336,17130784,0.14,long
1756,/root/bucket3/inconvertible-exsiccates-long.mp4,44,inconvertible-exsiccates,unknown,1508,66352,0.43,long
519,/videos/2020-02-03/mackintoshes-cablet-short.mp4,29,mackintoshes-cablet,moonfruit.com,693274,20104946,0.27,short
519,/videos/2020-02-03/mackintoshes-cablet-short.mp4,29,mackintoshes-cablet,unknown,1511,43819,0.26,short
1466,/videos/2020-02-03/mackintoshes-cablet-long.mp4,37,mackintoshes-cablet,unknown,1512,55944,0.39,long
1466,/videos/2020-02-03/mackintoshes-cablet-long.mp4,37,mackintoshes-cablet,ebay.co.uk,1503,55611,0.19,long
1466,/videos/2020-02-03/mackintoshes-cablet-long.mp4,37,mackintoshes-cablet,blog.com,1490,55130,0.2,long
1466,/videos/2020-02-03/mackintoshes-cablet-long.mp4,37,mackintoshes-cablet,foxnews.com,611071,22609627,0.45,long
1466,/videos/2020-02-03/mackintoshes-cablet-long.mp4,37,mackintoshes-cablet,dailymotion.com,309134,11437958,0.32,long
664,/root/bucket5/acquisitor-gab-long.mp4,34,acquisitor-gab,fc2.com,143287,4871758,0.31,long
664,/root/bucket5/acquisitor-gab-long.mp4,34,acquisitor-gab,elegantthemes.com,832329,28299186,0.37,long
664,/root/bucket5/acquisitor-gab-long.mp4,34,acquisitor-gab,skype.com,308816,10499744,0.22,long
664,/root/bucket5/acquisitor-gab-long.mp4,34,acquisitor-gab,github.com,338963,11524742,0.2,long
1146,/media/berleying-preferment-short.mp4,16,berleying-preferment,unknown,790088,12641408,0.4,short
1564,/root/bucket4/berleying-preferment-long.mp4,31,berleying-preferment,goo.ne.jp,181798,5635738,0.42,long
1564,/root/bucket4/berleying-preferment-long.mp4,31,berleying-preferment,unknown,1997,61907,0.26,long
1564,/root/bucket4/berleying-preferment-long.mp4,31,berleying-preferment,unknown,2003,62093,0.25,long
1564,/root/bucket4/berleying-preferment-long.mp4,31,berleying-preferment,yale.edu,192276,5960556,0.42,long
1564,/root/bucket4/berleying-preferment-long.mp4,31,berleying-preferment,moonfruit.com,706171,21891301,0.28,long
1564,/root/bucket4/berleying-preferment-long.mp4,31,berleying-preferment,unknown,40041,1241271,0.32,long
1801,/videos/2020-02-04/horopter-pindown-short.mp4,14,horopter-pindown,unknown,1510,21140,0.27,short
1801,/videos/2020-02-04/horopter-pindown-short.mp4,14,horopter-pindown,unknown,1511,21154,0.34,short
1801,/videos/2020-02-04/horopter-pindown-short.mp4,14,horopter-pindown,ebay.co.uk,1497,20958,0.33,short
1801,/videos/2020-02-04/horopter-pindown-short.mp4,14,horopter-pindown,zdnet.com,629181,8808534,0.43,short
1376,/videos/2020-02-04/horopter-pindown-long.mp4,41,horopter-pindown,ebay.co.uk,1507,61787,0.29,long
1376,/videos/2020-02-04/horopter-pindown-long.mp4,41,horopter-pindown,msu.edu,547964,22466524,0.15,long
1990,/root/bucket5/thiophens-disgruntling-short.mp4,14,thiophens-disgruntling,storify.com,917580,12846120,0.4,short
1990,/root/bucket5/thiophens-disgruntling-short.mp4,14,thiophens-disgruntling,google.fr,69246,969444,0.49,short
1513,/root/bucket2/thiophens-disgruntling-long.mp4,45,thiophens-disgruntling,blog.com,1497,67365,0.42,long
1513,/root/bucket2/thiophens-disgruntling-long.mp4,45,thiophens-disgruntling,unknown,1509,67905,0.31,long
1513,/root/bucket2/thiophens-disgruntling-long.mp4,45,thiophens-disgruntling,bravesites.com,793375,35701875,0.27,long
1513,/root/bucket2/thiophens-disgruntling-long.mp4,45,thiophens-disgruntling,buzzfeed.com,871434,39214530,0.42,long
1513,/root/bucket2/thiophens-disgruntling-long.mp4,45,thiophens-disgruntling,unknown,2002,90090,0.24,long
1513,/root/bucket2/thiophens-disgruntling-long.mp4,45,thiophens-disgruntling,unknown,74825,3367125,0.17,long
1513,/root/bucket2/thiophens-disgruntling-long.mp4,45,thiophens-disgruntling,msu.edu,363859,16373655,0.22,long
1148,/root/bucket5/unappointed-endash-short.mp4,27,unappointed-endash,yale.edu,1497,40419,0.37,short
1148,/root/bucket5/unappointed-endash-short.mp4,27,unappointed-endash,storify.com,646577,17457579,0.13,short
1148,/root/bucket5/unappointed-endash-short.mp4,27,unappointed-endash,discovery.com,328255,8862885,0.13,short
1498,/videos/2020-02-03/unappointed-endash-long.mp4,51,unappointed-endash,purevolume.com,909543,46386693,0.33,long
1498,/videos/2020-02-03/unappointed-endash-long.mp4,51,unappointed-endash,ebay.co.uk,1502,76602,0.41,long
1498,/videos/2020-02-03/unappointed-endash-long.mp4,51,unappointed-endash,unknown,1512,77112,0.36,long
1065,/root/bucket5/oropharynxes-worthiness-short.mp4,18,oropharynxes-worthiness,sourceforge.net,637723,11479014,0.15,short
1065,/root/bucket5/oropharynxes-worthiness-short.mp4,18,oropharynxes-worthiness,ebay.co.uk,1502,27036,0.47,short
1065,/root/bucket5/oropharynxes-worthiness-short.mp4,18,oropharynxes-worthiness,drupal.org,312832,5630976,0.38,short
1595,/videos/2020-02-04/oropharynxes-worthiness-long.mp4,38,oropharynxes-worthiness,purevolume.com,737942,28041796,0.19,long
500,/root/bucket3/siffles-touse-short.mp4,27,siffles-touse,unknown,1995,53865,0.27,short
500,/root/bucket3/siffles-touse-short.mp4,27,siffles-touse,so-net.ne.jp,148980,4022460,0.4,short
500,/root/bucket3/siffles-touse-short.mp4,27,siffles-touse,yale.edu,1505,40635,0.38,short
500,/root/bucket3/siffles-touse-short.mp4,27,siffles-touse,redcross.org,411436,11108772,0.14,short
500,/root/bucket3/siffles-touse-short.mp4,27,siffles-touse,moonfruit.com,527204,14234508,0.36,short
1458,/root/bucket3/siffles-touse-long.mp4,29,siffles-touse,angelfire.com,627944,18210376,0.2,long
1458,/root/bucket3/siffles-touse-long.mp4,29,siffles-touse,goo.ne.jp,748403,21703687,0.39,long
1458,/root/bucket3/siffles-touse-long.mp4,29,siffles-touse,unknown,1513,43877,0.5,long
233,/root/bucket1/labiates-comsymp-short.mp4,7,labiates-comsymp,blog.com,1499,10493,0.27,short
233,/root/bucket1/labiates-comsymp-short.mp4,7,labiates-comsymp,unknown,143415,1003905,0.23,short
1651,/root/bucket1/labiates-comsymp-long.mp4,32,labiates-comsymp,issuu.com,700882,22428224,0.23,long
1651,/root/bucket1/labiates-comsymp-long.mp4,32,labiates-comsymp,nymag.com,937171,29989472,0.28,long
1651,/root/bucket1/labiates-comsymp-long.mp4,32,labiates-comsymp,csmonitor.com,931772,29816704,0.49,long
1687,/videos/2020-02-03/rewear-gross-short.mp4,11,rewear-gross,blog.com,1496,16456,0.37,short
1687,/videos/2020-02-03/rewear-gross-short.mp4,11,rewear-gross,comcast.net,539019,5929209,0.45,short
501,/root/bucket2/rewear-gross-long.mp4,34,rewear-gross,yale.edu,1496,50864,0.4,long
501,/root/bucket2/rewear-gross-long.mp4,34,rewear-gross,storify.com,827881,28147954,0.12,long
501,/root/bucket2/rewear-gross-long.mp4,34,rewear-gross,springer.com,413810,14069540,0.17,long
501,/root/bucket2/rewear-gross-long.mp4,34,rewear-gross,goodreads.com,877192,29824528,0.38,long
1672,/root/bucket5/divinities-izars-short.mp4,14,divinities-izars,yale.edu,1500,21000,0.2,short
1672,/root/bucket5/divinities-izars-short.mp4,14,divinities-izars,unknown,3007,42098,0.46,short
1672,/root/bucket5/divinities-izars-short.mp4,14,divinities-izars,foxnews.com,355458,4976412,0.32,short
1221,/videos/2020-02-01/divinities-izars-long.mp4,27,divinities-izars,ebay.co.uk,1500,40500,0.44,long
1221,/videos/2020-02-01/divinities-izars-long.mp4,27,divinities-izars,elegantthemes.com,50724,1369548,0.23,long
1221,/videos/2020-02-01/divinities-izars-long.mp4,27,divinities-izars,storify.com,162631,4391037,0.5,long
736,/videos/2020-02-04/tollgates-immedicably-short.mp4,25,tollgates-immedicably,java.com,7125,178125,0.49,short
736,/videos/2020-02-04/tollgates-immedicably-short.mp4,25,tollgates-immedicably,unknown,184468,4611700,0.28,short
736,/videos/2020-02-04/tollgates-immedicably-short.mp4,25,tollgates-immedicably,scribd.com,298884,7472100,0.34,short
1395,/root/bucket1/tollgates-immedicably-long.mp4,54,tollgates-immedicably,yale.edu,1493,80622,0.36,long
1921,/root/bucket1/polysemous-malacia-short.mp4,24,polysemous-malacia,g.co,804158,19299792,0.34,short
1921,/root/bucket1/polysemous-malacia-short.mp4,24,polysemous-malacia,opera.com,696546,16717104,0.43,short
1921,/root/bucket1/polysemous-malacia-short.mp4,24,polysemous-malacia,moonfruit.com,7335,176040,0.27,short
1808,/media/polysemous-malacia-long.mp4,53,polysemous-malacia,reverbnation.com,436515,23135295,0.18,long
1808,/media/polysemous-malacia-long.mp4,53,polysemous-malacia,spotify.com,311193,16493229,0.44,long
1808,/media/polysemous-malacia-long.mp4,53,polysemous-malacia,exblog.jp,524835,27816255,0.22,long
1808,/media/polysemous-malacia-long.mp4,53,polysemous-malacia,moonfruit.com,108359,5743027,0.29,long
1808,/media/polysemous-malacia-long.mp4,53,polysemous-malacia,twitter.com,397619,21073807,0.37,long
1808,/media/polysemous-malacia-long.mp4,53,polysemous-malacia,goo.ne.jp,805783,42706499,0.32,long
1003,/videos/2020-02-01/naunts-regrowing-short.mp4,23,naunts-regrowing,blog.com,1498,34454,0.26,short
595,/root/bucket2/naunts-regrowing-long.mp4,36,naunts-regrowing,blog.com,1501,54036,0.42,long
595,/root/bucket2/naunts-regrowing-long.mp4,36,naunts-regrowing,skype.com,554603,19965708,0.11,long
595,/root/bucket2/naunts-regrowing-long.mp4,36,naunts-regrowing,unknown,2006,72216,0.27,long
595,/root/bucket2/naunts-regrowing-long.mp4,36,naunts-regrowing,free13runpool.com,397107,14295852,0.4,long
707,/root/bucket2/discontinuities-reoiling-short.mp4,13,discontinuities-reoiling,ustream.tv,601863,7824219,0.22,short
1496,/videos/2020-02-03/discontinuities-reoiling-long.mp4,33,discontinuities-reoiling,delicious.com,183798,6065334,0.45,long
1496,/videos/2020-02-03/discontinuities-reoiling-long.mp4,33,discontinuities-reoiling,shareasale.com,934799,30848367,0.42,long
1567,/videos/2020-02-03/divineress-febrile-short.mp4,16,divineress-febrile,dion.ne.jp,898096,14369536,0.19,short
1567,/videos/2020-02-03/divineress-febrile-short.mp4,16,divineress-febrile,unknown,2004,32064,0.24,short
1567,/videos/2020-02-03/divineress-febrile-short.mp4,16,divineress-febrile,csmonitor.com,425925,6814800,0.31,short
1567,/videos/2020-02-03/divineress-febrile-short.mp4,16,divineress-febrile,unknown,2002,32032,0.13,short
1567,/videos/2020-02-03/divineress-febrile-short.mp4,16,divineress-febrile,moonfruit.com,31629,506064,0.4,short
1567,/videos/2020-02-03/divineress-febrile-short.mp4,16,divineress-febrile,g.co,422978,6767648,0.28,short
604,/videos/2020-02-02/divineress-febrile-long.mp4,54,divineress-febrile,discovery.com,522529,28216566,0.18,long
604,/videos/2020-02-02/divineress-febrile-long.mp4,54,divineress-febrile,yale.edu,1502,81108,0.19,long
604,/videos/2020-02-02/divineress-febrile-long.mp4,54,divineress-febrile,unknown,861010,46494540,0.21,long
604,/videos/2020-02-02/divineress-febrile-long.mp4,54,divineress-febrile,msu.edu,249018,13446972,0.46,long
604,/videos/2020-02-02/divineress-febrile-long.mp4,54,divineress-febrile,usnews.com,610705,32978070,0.16,long
401,/media/shriveled-enervated-short.mp4,26,shriveled-enervated,un.org,844980,21969480,0.43,short
401,/media/shriveled-enervated-short.mp4,26,shriveled-enervated,unknown,2001,52026,0.3,short
401,/media/shriveled-enervated-short.mp4,26,shriveled-enervated,discovery.com,664199,17269174,0.44,short
1241,/root/bucket2/shriveled-enervated-long.mp4,53,shriveled-enervated,ebay.co.uk,1502,79606,0.16,long
295,/media/vapulations-unpoisons-short.mp4,5,vapulations-unpoisons,nymag.com,967113,4835565,0.38,short
295,/media/vapulations-unpoisons-short.mp4,5,vapulations-unpoisons,blogtalkradio.com,68772,343860,0.21,short
777,/root/bucket2/vapulations-unpoisons-long.mp4,30,vapulations-unpoisons,unknown,553528,16605840,0.4,long
777,/root/bucket2/vapulations-unpoisons-long.mp4,30,vapulations-unpoisons,unknown,2006,60180,0.25,long
278,/videos/2020-02-01/imparting-urinometer-short.mp4,16,imparting-urinometer,angelfire.com,791064,12657024,0.27,short
278,/videos/2020-02-01/imparting-urinometer-short.mp4,16,imparting-urinometer,joomla.org,938463,15015408,0.27,short
278,/videos/2020-02-01/imparting-urinometer-short.mp4,16,imparting-urinometer,ebay.co.uk,1501,24016,0.43,short
278,/videos/2020-02-01/imparting-urinometer-short.mp4,16,imparting-urinometer,ocn.ne.jp,518437,8294992,0.24,short
278,/videos/2020-02-01/imparting-urinometer-short.mp4,16,imparting-urinometer,unknown,1998,31968,0.26,short
1085,/videos/2020-02-03/imparting-urinometer-long.mp4,58,imparting-urinometer,de.vu,317112,18392496,0.11,long
1085,/videos/2020-02-03/imparting-urinometer-long.mp4,58,imparting-urinometer,issuu.com,718669,41682802,0.15,long
1085,/videos/2020-02-03/imparting-urinometer-long.mp4,58,imparting-urinometer,opera.com,633662,36752396,0.2,long
1727,/root/bucket4/duckshoves-colorers-short.mp4,9,duckshoves-colorers,ebay.co.uk,1497,13473,0.38,short
1727,/root/bucket4/duckshoves-colorers-short.mp4,9,duckshoves-colorers,ebay.co.uk,1501,13509,0.47,short
14,/root/bucket2/duckshoves-colorers-long.mp4,54,duckshoves-colorers,wp.com,165983,8963082,0.29,long
1508,/videos/2020-02-04/unsophisticate-runout-short.mp4,7,unsophisticate-runout,unknown,418605,2930235,0.14,short
1508,/videos/2020-02-04/unsophisticate-runout-short.mp4,7,unsophisticate-runout,unknown,130390,912730,0.38,short
1508,/videos/2020-02-04/unsophisticate-runout-short.mp4,7,unsophisticate-runout,storify.com,264618,1852326,0.38,short
1508,/videos/2020-02-04/unsophisticate-runout-short.mp4,7,unsophisticate-runout,ebay.co.uk,1498,10486,0.38,short
1508,/videos/2020-02-04/unsophisticate-runout-short.mp4,7,unsophisticate-runout,purevolume.com,127079,889553,0.45,short
1508,/videos/2020-02-04/unsophisticate-runout-short.mp4,7,unsophisticate-runout,patch.com,14848,103936,0.32,short
1508,/videos/2020-02-04/unsophisticate-runout-short.mp4,7,unsophisticate-runout,free13runpool.com,557834,3904838,0.37,short
132,/videos/2020-02-01/unsophisticate-runout-long.mp4,55,unsophisticate-runout,blog.com,1499,82445,0.28,long
186,/videos/2020-02-01/essentialised-roisterous-short.mp4,7,essentialised-roisterous,yale.edu,1500,10500,0.35,short
186,/videos/2020-02-01/essentialised-roisterous-short.mp4,7,essentialised-roisterous,unknown,2005,14035,0.14,short
186,/videos/2020-02-01/essentialised-roisterous-short.mp4,7,essentialised-roisterous,wufoo.com,342251,2395757,0.48,short
186,/videos/2020-02-01/essentialised-roisterous-short.mp4,7,essentialised-roisterous,ebay.co.uk,1505,10535,0.29,short
186,/videos/2020-02-01/essentialised-roisterous-short.mp4,7,essentialised-roisterous,csmonitor.com,823129,5761903,0.41,short
186,/videos/2020-02-01/essentialised-roisterous-short.mp4,7,essentialised-roisterous,blog.com,1500,10500,0.16,short
186,/videos/2020-02-01/essentialised-roisterous-short.mp4,7,essentialised-roisterous,ebay.co.uk,1504,10528,0.15,short
355,/root/bucket4/essentialised-roisterous-long.mp4,37,essentialised-roisterous,buzzfeed.com,69478,2570686,0.37,long
974,/videos/2020-02-03/numchuck-nitpickers-short.mp4,10,numchuck-nitpickers,earthlink.net,557950,5579500,0.4,short
997,/videos/2020-02-02/numchuck-nitpickers-long.mp4,40,numchuck-nitpickers,yale.edu,561277,22451080,0.29,long
997,/videos/2020-02-02/numchuck-nitpickers-long.mp4,40,numchuck-nitpickers,unknown,1511,60440,0.45,long
997,/videos/2020-02-02/numchuck-nitpickers-long.mp4,40,numchuck-nitpickers,ebay.co.uk,1503,60120,0.14,long
997,/videos/2020-02-02/numchuck-nitpickers-long.mp4,40,numchuck-nitpickers,g.co,39056,1562240,0.28,long
1505,/videos/2020-02-03/hijackings-bishopdom-short.mp4,20,hijackings-bishopdom,unknown,1507,30140,0.46,short
1505,/videos/2020-02-03/hijackings-bishopdom-short.mp4,20,hijackings-bishopdom,unknown,1514,30280,0.35,short
938,/root/bucket3/hijackings-bishopdom-long.mp4,44,hijackings-bishopdom,unknown,300293,13212892,0.47,long
938,/root/bucket3/hijackings-bishopdom-long.mp4,44,hijackings-bishopdom,nbcnews.com,428563,18856772,0.16,long
938,/root/bucket3/hijackings-bishopdom-long.mp4,44,hijackings-bishopdom,multiply.com,487982,21471208,0.35,long
938,/root/bucket3/hijackings-bishopdom-long.mp4,44,hijackings-bishopdom,techcrunch.com,692815,30483860,0.13,long
1877,/root/bucket2/conne-carillonist-short.mp4,26,conne-carillonist,yale.edu,1501,39026,0.44,short
1877,/root/bucket2/conne-carillonist-short.mp4,26,conne-carillonist,spotify.com,126271,3283046,0.42,short
260,/root/bucket1/conne-carillonist-long.mp4,47,conne-carillonist,shareasale.com,434063,20400961,0.33,long
260,/root/bucket1/conne-carillonist-long.mp4,47,conne-carillonist,csmonitor.com,461184,21675648,0.41,long
260,/root/bucket1/conne-carillonist-long.mp4,47,conne-carillonist,netvibes.com,415140,19511580,0.32,long
260,/root/bucket1/conne-carillonist-long.mp4,47,conne-carillonist,g.co,341375,16044625,0.31,long
260,/root/bucket1/conne-carillonist-long.mp4,47,conne-carillonist,ebay.co.uk,1502,70594,0.35,long
1178,/videos/2020-02-01/cohesions-dismayingly-short.mp4,22,cohesions-dismayingly,ebay.co.uk,1502,33044,0.33,short
1178,/videos/2020-02-01/cohesions-dismayingly-short.mp4,22,cohesions-dismayingly,ebay.co.uk,1499,32978,0.38,short
1178,/videos/2020-02-01/cohesions-dismayingly-short.mp4,22,cohesions-dismayingly,unknown,1514,33308,0.28,short
1178,/videos/2020-02-01/cohesions-dismayingly-short.mp4,22,cohesions-dismayingly,thetimes.co.uk,711610,15655420,0.3,short
753,/root/bucket1/cohesions-dismayingly-long.mp4,29,cohesions-dismayingly,unknown,357146,10357234,0.28,long
753,/root/bucket1/cohesions-dismayingly-long.mp4,29,cohesions-dismayingly,redcross.org,687538,19938602,0.31,long
1011,/videos/2020-02-01/abaya-dedifferentiation-short.mp4,14,abaya-dedifferentiation,purevolume.com,568885,7964390,0.43,short
1614,/root/bucket3/abaya-dedifferentiation-long.mp4,30,abaya-dedifferentiation,google.fr,253982,7619460,0.5,long
1614,/root/bucket3/abaya-dedifferentiation-long.mp4,30,abaya-dedifferentiation,unknown,1511,45330,0.17,long
1614,/root/bucket3/abaya-dedifferentiation-long.mp4,30,abaya-dedifferentiation,webs.com,426185,12785550,0.18,long
1744,/root/bucket3/frontier-aquaplaners-short.mp4,8,frontier-aquaplaners,blog.com,1498,11984,0.47,short
955,/root/bucket3/frontier-aquaplaners-long.mp4,28,frontier-aquaplaners,ebay.co.uk,1502,42056,0.11,long
955,/root/bucket3/frontier-aquaplaners-long.mp4,28,frontier-aquaplaners,flavors.me,173696,4863488,0.47,long
670,/media/nolition-foreslacking-short.mp4,21,nolition-foreslacking,fc2.com,914371,19201791,0.2,short
670,/media/nolition-foreslacking-short.mp4,21,nolition-foreslacking,nature.com,848866,17826186,0.14,short
670,/media/nolition-foreslacking-short.mp4,21,nolition-foreslacking,yale.edu,1504,31584,0.24,short
670,/media/nolition-foreslacking-short.mp4,21,nolition-foreslacking,issuu.com,323186,6786906,0.25,short
670,/media/nolition-foreslacking-short.mp4,21,nolition-foreslacking,ebay.co.uk,1500,31500,0.41,short
1176,/root/bucket2/nolition-foreslacking-long.mp4,36,nolition-foreslacking,reddit.com,208946,7522056,0.46,long
1176,/root/bucket2/nolition-foreslacking-long.mp4,36,nolition-foreslacking,blog.com,1499,53964,0.29,long
1176,/root/bucket2/nolition-foreslacking-long.mp4,36,nolition-foreslacking,unknown,538472,19384992,0.11,long
1884,/media/exabyte-senior-short.mp4,26,exabyte-senior,g.co,829430,21565180,0.32,short
1884,/media/exabyte-senior-short.mp4,26,exabyte-senior,yale.edu,1497,38922,0.36,short
1271,/root/bucket4/exabyte-senior-long.mp4,28,exabyte-senior,unknown,328253,9191084,0.17,long
675,/media/inanes-bemedalling-short.mp4,24,inanes-bemedalling,jigsy.com,774297,18583128,0.22,short
675,/media/inanes-bemedalling-short.mp4,24,inanes-bemedalling,blog.com,1505,36120,0.44,short
675,/media/inanes-bemedalling-short.mp4,24,inanes-bemedalling,unknown,170091,4082184,0.48,short
1689,/videos/2020-02-02/inanes-bemedalling-long.mp4,30,inanes-bemedalling,unknown,1509,45270,0.16,long
1700,/media/cavings-schlimazel-short.mp4,20,cavings-schlimazel,blog.com,1502,30040,0.46,short
1700,/media/cavings-schlimazel-short.mp4,20,cavings-schlimazel,blog.com,1502,30040,0.39,short
1700,/media/cavings-schlimazel-short.mp4,20,cavings-schlimazel,comcast.net,317048,6340960,0.17,short
1017,/root/bucket2/cavings-schlimazel-long.mp4,37,cavings-schlimazel,blog.com,1501,55537,0.27,long
1017,/root/bucket2/cavings-schlimazel-long.mp4,37,cavings-schlimazel,unknown,1513,55981,0.38,long
1017,/root/bucket2/cavings-schlimazel-long.mp4,37,cavings-schlimazel,jalbum.net,110903,4103411,0.48,long
1017,/root/bucket2/cavings-schlimazel-long.mp4,37,cavings-schlimazel,npr.org,240945,8914965,0.16,long
1017,/root/bucket2/cavings-schlimazel-long.mp4,37,cavings-schlimazel,ebay.co.uk,1498,55426,0.43,long
906,/videos/2020-02-01/hulloed-petrifaction-short.mp4,23,hulloed-petrifaction,unknown,1998,45954,0.48,short
906,/videos/2020-02-01/hulloed-petrifaction-short.mp4,23,hulloed-petrifaction,blog.com,1496,34408,0.21,short
906,/videos/2020-02-01/hulloed-petrifaction-short.mp4,23,hulloed-petrifaction,yale.edu,1500,34500,0.48,short
480,/media/hulloed-petrifaction-long.mp4,47,hulloed-petrifaction,unknown,2006,94282,0.31,long
480,/media/hulloed-petrifaction-long.mp4,47,hulloed-petrifaction,shinystat.com,639688,30065336,0.28,long
958,/root/bucket2/cosmologist-ornithology-long.mp4,47,cosmologist-ornithology,ebay.co.uk,1502,70594,0.12,long
958,/root/bucket2/cosmologist-ornithology-long.mp4,47,cosmologist-ornithology,msu.edu,436880,20533360,0.25,long
958,/root/bucket2/cosmologist-ornithology-long.mp4,47,cosmologist-ornithology,unknown,215776,10141472,0.35,long
958,/root/bucket2/cosmologist-ornithology-long.mp4,47,cosmologist-ornithology,csmonitor.com,359074,16876478,0.16,long
958,/root/bucket2/cosmologist-ornithology-long.mp4,47,cosmologist-ornithology,unknown,250321,11765087,0.31,long
1917,/videos/2020-02-01/icebergs-urolagnia-short.mp4,19,icebergs-urolagnia,dailymotion.com,687917,13070423,0.37,short
1917,/videos/2020-02-01/icebergs-urolagnia-short.mp4,19,icebergs-urolagnia,npr.org,933136,17729584,0.18,short
179,/videos/2020-02-03/icebergs-urolagnia-long.mp4,42,icebergs-urolagnia,unknown,1999,83958,0.2,long
179,/videos/2020-02-03/icebergs-urolagnia-long.mp4,42,icebergs-urolagnia,blog.com,1500,63000,0.13,long
179,/videos/2020-02-03/icebergs-urolagnia-long.mp4,42,icebergs-urolagnia,yale.edu,1499,62958,0.47,long
630,/root/bucket5/bottine-areosystile-long.mp4,55,bottine-areosystile,angelfire.com,121275,6670125,0.38,long
630,/root/bucket5/bottine-areosystile-long.mp4,55,bottine-areosystile,unknown,1503,82665,0.26,long
1434,/root/bucket3/malik-pretreatment-short.mp4,30,malik-pretreatment,ebay.co.uk,1506,45180,0.38,short
1434,/root/bucket3/malik-pretreatment-short.mp4,30,malik-pretreatment,unknown,1509,45270,0.15,short
1434,/root/bucket3/malik-pretreatment-short.mp4,30,malik-pretreatment,goodreads.com,688691,20660730,0.5,short
1886,/videos/2020-02-01/malik-pretreatment-long.mp4,47,malik-pretreatment,so-net.ne.jp,692147,32530909,0.23,long
1325,/videos/2020-02-04/garnered-adaptability-short.mp4,13,garnered-adaptability,blogs.com,92308,1200004,0.2,short
1325,/videos/2020-02-04/garnered-adaptability-short.mp4,13,garnered-adaptability,purevolume.com,565188,7347444,0.19,short
1325,/videos/2020-02-04/garnered-adaptability-short.mp4,13,garnered-adaptability,unknown,275324,3579212,0.31,short
1848,/root/bucket3/garnered-adaptability-long.mp4,40,garnered-adaptability,wp.com,414477,16579080,0.18,long
1848,/root/bucket3/garnered-adaptability-long.mp4,40,garnered-adaptability,csmonitor.com,721423,28856920,0.1,long
1848,/root/bucket3/garnered-adaptability-long.mp4,40,garnered-adaptability,unknown,1997,79880,0.11,long
1848,/root/bucket3/garnered-adaptability-long.mp4,40,garnered-adaptability,icio.us,626171,25046840,0.14,long
1469,/videos/2020-02-04/counteradaptation-gamahuched-short.mp4,19,counteradaptation-gamahuched,nature.com,252894,4804986,0.3,short
1469,/videos/2020-02-04/counteradaptation-gamahuched-short.mp4,19,counteradaptation-gamahuched,amazon.com,598350,11368650,0.4,short
1469,/videos/2020-02-04/counteradaptation-gamahuched-short.mp4,19,counteradaptation-gamahuched,yale.edu,1502,28538,0.29,short
1469,/videos/2020-02-04/counteradaptation-gamahuched-short.mp4,19,counteradaptation-gamahuched,purevolume.com,957912,18200328,0.19,short
687,/root/bucket3/tribalisms-sargoses-short.mp4,14,tribalisms-sargoses,yale.edu,1501,21014,0.23,short
687,/root/bucket3/tribalisms-sargoses-short.mp4,14,tribalisms-sargoses,dailymotion.com,192091,2689274,0.49,short
687,/root/bucket3/tribalisms-sargoses-short.mp4,14,tribalisms-sargoses,unknown,1509,21126,0.3,short
1066,/root/bucket3/tribalisms-sargoses-long.mp4,30,tribalisms-sargoses,goo.ne.jp,798966,23968980,0.16,long
1066,/root/bucket3/tribalisms-sargoses-long.mp4,30,tribalisms-sargoses,unknown,764445,22933350,0.19,long
1231,/root/bucket5/unred-pleuch-short.mp4,29,unred-pleuch,archive.org,474722,13766938,0.32,short
1231,/root/bucket5/unred-pleuch-short.mp4,29,unred-pleuch,unknown,1512,43848,0.42,short
1231,/root/bucket5/unred-pleuch-short.mp4,29,unred-pleuch,purevolume.com,606296,17582584,0.44,short
1231,/root/bucket5/unred-pleuch-short.mp4,29,unred-pleuch,mail.ru,530606,15387574,0.26,short
1680,/root/bucket5/unred-pleuch-long.mp4,42,unred-pleuch,macromedia.com,608260,25546920,0.43,long
1680,/root/bucket5/unred-pleuch-long.mp4,42,unred-pleuch,unknown,379437,15936354,0.22,long
1680,/root/bucket5/unred-pleuch-long.mp4,42,unred-pleuch,unknown,1999,83958,0.48,long
1680,/root/bucket5/unred-pleuch-long.mp4,42,unred-pleuch,jigsy.com,60837,2555154,0.11,long
1187,/videos/2020-02-02/sundris-oligomerizations-short.mp4,11,sundris-oligomerizations,unknown,1512,16632,0.43,short
1187,/videos/2020-02-02/sundris-oligomerizations-short.mp4,11,sundris-oligomerizations,unknown,477973,5257703,0.22,short
1198,/videos/2020-02-03/sundris-oligomerizations-long.mp4,50,sundris-oligomerizations,flavors.me,658210,32910500,0.33,long
1198,/videos/2020-02-03/sundris-oligomerizations-long.mp4,50,sundris-oligomerizations,yale.edu,1500,75000,0.16,long
1198,/videos/2020-02-03/sundris-oligomerizations-long.mp4,50,sundris-oligomerizations,odnoklassniki.ru,757709,37885450,0.3,long
1198,/videos/2020-02-03/sundris-oligomerizations-long.mp4,50,sundris-oligomerizations,unknown,1513,75650,0.32,long
1558,/videos/2020-02-04/bylander-excluded-short.mp4,27,bylander-excluded,delicious.com,932668,25182036,0.24,short
1558,/videos/2020-02-04/bylander-excluded-short.mp4,27,bylander-excluded,163.com,531542,14351634,0.39,short
167,/videos/2020-02-03/bylander-excluded-long.mp4,35,bylander-excluded,ebay.co.uk,1498,52430,0.29,long
167,/videos/2020-02-03/bylander-excluded-long.mp4,35,bylander-excluded,storify.com,426986,14944510,0.42,long
1712,/videos/2020-02-04/unbedinned-trigonal-short.mp4,12,unbedinned-trigonal,purevolume.com,533272,6399264,0.17,short
1712,/videos/2020-02-04/unbedinned-trigonal-short.mp4,12,unbedinned-trigonal,fc2.com,411576,4938912,0.21,short
1550,/videos/2020-02-01/unbedinned-trigonal-long.mp4,50,unbedinned-trigonal,blog.com,1507,75350,0.25,long
1550,/videos/2020-02-01/unbedinned-trigonal-long.mp4,50,unbedinned-trigonal,dedecms.com,500314,25015700,0.22,long
1550,/videos/2020-02-01/unbedinned-trigonal-long.mp4,50,unbedinned-trigonal,dailymotion.com,689769,34488450,0.23,long
861,/videos/2020-02-01/prayerfully-unpolarizable-short.mp4,20,prayerfully-unpolarizable,harvard.edu,236097,4721940,0.1,short
538,/root/bucket3/prayerfully-unpolarizable-long.mp4,35,prayerfully-unpolarizable,utexas.edu,927392,32458720,0.44,long
538,/root/bucket3/prayerfully-unpolarizable-long.mp4,35,prayerfully-unpolarizable,meetup.com,429634,15037190,0.46,long
538,/root/bucket3/prayerfully-unpolarizable-long.mp4,35,prayerfully-unpolarizable,unknown,75718,2650130,0.42,long
415,/root/bucket3/achromatization-saffian-short.mp4,22,achromatization-saffian,odnoklassniki.ru,77487,1704714,0.43,short
415,/root/bucket3/achromatization-saffian-short.mp4,22,achromatization-saffian,unknown,570753,12556566,0.49,short
1829,/videos/2020-02-03/achromatization-saffian-long.mp4,56,achromatization-saffian,earthlink.net,136941,7668696,0.35,long
1829,/videos/2020-02-03/achromatization-saffian-long.mp4,56,achromatization-saffian,drupal.org,34577,1936312,0.49,long
1829,/videos/2020-02-03/achromatization-saffian-long.mp4,56,achromatization-saffian,mayoclinic.com,412622,23106832,0.25,long
696,/root/bucket4/parmacitie-scintillator-short.mp4,20,parmacitie-scintillator,blog.com,1501,30020,0.25,short
651,/root/bucket1/parmacitie-scintillator-long.mp4,41,parmacitie-scintillator,state.gov,703627,28848707,0.17,long
1730,/root/bucket1/brers-resends-short.mp4,25,brers-resends,loc.gov,879761,21994025,0.21,short
1730,/root/bucket1/brers-resends-short.mp4,25,brers-resends,ebay.co.uk,1505,37625,0.48,short
1449,/videos/2020-02-02/brers-resends-long.mp4,27,brers-resends,ustream.tv,453053,12232431,0.37,long
1449,/videos/2020-02-02/brers-resends-long.mp4,27,brers-resends,yale.edu,1504,40608,0.11,long
1449,/videos/2020-02-02/brers-resends-long.mp4,27,brers-resends,unknown,2004,54108,0.45,long
1449,/videos/2020-02-02/brers-resends-long.mp4,27,brers-resends,storify.com,442364,11943828,0.14,long
1958,/media/impropriates-allergists-short.mp4,19,impropriates-allergists,unknown,426809,8109371,0.39,short
1958,/media/impropriates-allergists-short.mp4,19,impropriates-allergists,mail.ru,373661,7099559,0.24,short
1073,/root/bucket2/impropriates-allergists-long.mp4,32,impropriates-allergists,purevolume.com,85968,2750976,0.4,long
1073,/root/bucket2/impropriates-allergists-long.mp4,32,impropriates-allergists,slate.com,533260,17064320,0.45,long
469,/root/bucket1/antiquark-religionary-short.mp4,29,antiquark-religionary,icio.us,632551,18343979,0.31,short
469,/root/bucket1/antiquark-religionary-short.mp4,29,antiquark-religionary,yale.edu,1501,43529,0.41,short
469,/root/bucket1/antiquark-religionary-short.mp4,29,antiquark-religionary,blog.com,1498,43442,0.31,short
469,/root/bucket1/antiquark-religionary-short.mp4,29,antiquark-religionary,harvard.edu,877962,25460898,0.33,short
1036,/videos/2020-02-02/antiquark-religionary-long.mp4,50,antiquark-religionary,about.com,904331,45216550,0.44,long
1036,/videos/2020-02-02/antiquark-religionary-long.mp4,50,antiquark-religionary,nymag.com,736994,36849700,0.23,long
1036,/videos/2020-02-02/antiquark-religionary-long.mp4,50,antiquark-religionary,istockphoto.com,903522,45176100,0.39,long
1393,/root/bucket4/knubbles-sampled-short.mp4,25,knubbles-sampled,slate.com,621765,15544125,0.11,short
1393,/root/bucket4/knubbles-sampled-short.mp4,25,knubbles-sampled,blog.com,1503,37575,0.2,short
1393,/root/bucket4/knubbles-sampled-short.mp4,25,knubbles-sampled,creativecommons.org,490098,12252450,0.32,short
1393,/root/bucket4/knubbles-sampled-short.mp4,25,knubbles-sampled,nature.com,806525,20163125,0.2,short
1393,/root/bucket4/knubbles-sampled-short.mp4,25,knubbles-sampled,hhs.gov,454889,11372225,0.29,short
1393,/root/bucket4/knubbles-sampled-short.mp4,25,knubbles-sampled,unknown,2000,50000,0.27,short
1048,/root/bucket1/knubbles-sampled-long.mp4,25,knubbles-sampled,unknown,1998,49950,0.24,long
1048,/root/bucket1/knubbles-sampled-long.mp4,25,knubbles-sampled,unknown,1510,37750,0.46,long
1048,/root/bucket1/knubbles-sampled-long.mp4,25,knubbles-sampled,goo.ne.jp,495719,12392975,0.38,long
1048,/root/bucket1/knubbles-sampled-long.mp4,25,knubbles-sampled,topsy.com,370717,9267925,0.23,long
1048,/root/bucket1/knubbles-sampled-long.mp4,25,knubbles-sampled,yale.edu,1495,37375,0.25,long
1048,/root/bucket1/knubbles-sampled-long.mp4,25,knubbles-sampled,springer.com,157995,3949875,0.36,long
1048,/root/bucket1/knubbles-sampled-long.mp4,25,knubbles-sampled,unknown,1999,49975,0.15,long
857,/videos/2020-02-03/dumfounders-debarkation-short.mp4,8,dumfounders-debarkation,goo.ne.jp,548836,4390688,0.14,short
857,/videos/2020-02-03/dumfounders-debarkation-short.mp4,8,dumfounders-debarkation,unknown,79083,632664,0.49,short
857,/videos/2020-02-03/dumfounders-debarkation-short.mp4,8,dumfounders-debarkation,blogs.com,312525,2500200,0.26,short
1778,/videos/2020-02-01/dumfounders-debarkation-long.mp4,44,dumfounders-debarkation,unknown,1996,87824,0.23,long
1778,/videos/2020-02-01/dumfounders-debarkation-long.mp4,44,dumfounders-debarkation,yale.edu,892801,39283244,0.29,long
555,/videos/2020-02-01/besmears-summarizer-short.mp4,9,besmears-summarizer,multiply.com,504970,4544730,0.38,short
555,/videos/2020-02-01/besmears-summarizer-short.mp4,9,besmears-summarizer,unknown,1512,13608,0.31,short
679,/root/bucket3/besmears-summarizer-long.mp4,53,besmears-summarizer,flavors.me,609350,32295550,0.18,long
679,/root/bucket3/besmears-summarizer-long.mp4,53,besmears-summarizer,wiley.com,223724,11857372,0.2,long
679,/root/bucket3/besmears-summarizer-long.mp4,53,besmears-summarizer,purevolume.com,404871,21458163,0.49,long
1180,/root/bucket3/xylographed-epicycloidal-short.mp4,14,xylographed-epicycloidal,purevolume.com,152452,2134328,0.42,short
1180,/root/bucket3/xylographed-epicycloidal-short.mp4,14,xylographed-epicycloidal,dion.ne.jp,158288,2216032,0.24,short
1180,/root/bucket3/xylographed-epicycloidal-short.mp4,14,xylographed-epicycloidal,ebay.co.uk,1501,21014,0.12,short
1399,/root/bucket5/xylographed-epicycloidal-long.mp4,25,xylographed-epicycloidal,unknown,1512,37800,0.41,long
1399,/root/bucket5/xylographed-epicycloidal-long.mp4,25,xylographed-epicycloidal,unknown,1996,49900,0.26,long
1399,/root/bucket5/xylographed-epicycloidal-long.mp4,25,xylographed-epicycloidal,joomla.org,750634,18765850,0.23,long
1399,/root/bucket5/xylographed-epicycloidal-long.mp4,25,xylographed-epicycloidal,unknown,182525,4563125,0.32,long
1399,/root/bucket5/xylographed-epicycloidal-long.mp4,25,xylographed-epicycloidal,blogs.com,249869,6246725,0.34,long
786,/root/bucket5/uncapes-imparling-short.mp4,16,uncapes-imparling,odnoklassniki.ru,687169,10994704,0.26,short
786,/root/bucket5/uncapes-imparling-short.mp4,16,uncapes-imparling,unknown,1996,31936,0.34,short
323,/videos/2020-02-01/uncapes-imparling-long.mp4,46,uncapes-imparling,unknown,527144,24248624,0.22,long
323,/videos/2020-02-01/uncapes-imparling-long.mp4,46,uncapes-imparling,istockphoto.com,134885,6204710,0.4,long
323,/videos/2020-02-01/uncapes-imparling-long.mp4,46,uncapes-imparling,ebay.co.uk,1498,68908,0.1,long
10,/videos/2020-02-03/farolito-fundamentalisms-short.mp4,8,farolito-fundamentalisms,unknown,1506,12048,0.18,short
193,/media/farolito-fundamentalisms-long.mp4,32,farolito-fundamentalisms,ebay.co.uk,1499,47968,0.14,long
193,/media/farolito-fundamentalisms-long.mp4,32,farolito-fundamentalisms,unknown,583685,18677920,0.3,long
193,/media/farolito-fundamentalisms-long.mp4,32,farolito-fundamentalisms,unknown,2000,64000,0.29,long
193,/media/farolito-fundamentalisms-long.mp4,32,farolito-fundamentalisms,unknown,283423,9069536,0.1,long
872,/media/habitation-rudds-short.mp4,12,habitation-rudds,drupal.org,6861,82332,0.32,short
872,/media/habitation-rudds-short.mp4,12,habitation-rudds,unknown,1507,18084,0.35,short
533,/root/bucket3/habitation-rudds-long.mp4,60,habitation-rudds,unknown,1512,90720,0.39,long
533,/root/bucket3/habitation-rudds-long.mp4,60,habitation-rudds,earthlink.net,638990,38339400,0.41,long
533,/root/bucket3/habitation-rudds-long.mp4,60,habitation-rudds,blog.com,1499,89940,0.23,long
533,/root/bucket3/habitation-rudds-long.mp4,60,habitation-rudds,unknown,60863,3651780,0.15,long
533,/root/bucket3/habitation-rudds-long.mp4,60,habitation-rudds,dion.ne.jp,119279,7156740,0.17,long
533,/root/bucket3/habitation-rudds-long.mp4,60,habitation-rudds,blog.com,1505,90300,0.45,long
533,/root/bucket3/habitation-rudds-long.mp4,60,habitation-rudds,unknown,1510,90600,0.33,long
533,/root/bucket3/habitation-rudds-long.mp4,60,habitation-rudds,yale.edu,1502,90120,0.38,long
388,/root/bucket4/inconcinnity-deified-short.mp4,8,inconcinnity-deified,blog.com,1498,11984,0.4,short
388,/root/bucket4/inconcinnity-deified-short.mp4,8,inconcinnity-deified,twitter.com,500976,4007808,0.3,short
388,/root/bucket4/inconcinnity-deified-short.mp4,8,inconcinnity-deified,unknown,1512,12096,0.45,short
388,/root/bucket4/inconcinnity-deified-short.mp4,8,inconcinnity-deified,creativecommons.org,806578,6452624,0.13,short
719,/root/bucket5/inconcinnity-deified-long.mp4,29,inconcinnity-deified,unknown,922887,26763723,0.29,long
1328,/root/bucket3/outlies-disobligatory-short.mp4,28,outlies-disobligatory,unknown,90070,2521960,0.23,short
1328,/root/bucket3/outlies-disobligatory-short.mp4,28,outlies-disobligatory,unknown,1512,42336,0.3,short
1328,/root/bucket3/outlies-disobligatory-short.mp4,28,outlies-disobligatory,chron.com,288436,8076208,0.4,short
1328,/root/bucket3/outlies-disobligatory-short.mp4,28,outlies-disobligatory,webs.com,48417,1355676,0.18,short
1382,/videos/2020-02-03/outlies-disobligatory-long.mp4,46,outlies-disobligatory,java.com,307469,14143574,0.46,long
1382,/videos/2020-02-03/outlies-disobligatory-long.mp4,46,outlies-disobligatory,washington.edu,551125,25351750,0.14,long
1382,/videos/2020-02-03/outlies-disobligatory-long.mp4,46,outlies-disobligatory,blog.com,1503,69138,0.32,long
507,/videos/2020-02-03/monolatrist-bankrollers-short.mp4,29,monolatrist-bankrollers,jalbum.net,528129,15315741,0.45,short
507,/videos/2020-02-03/monolatrist-bankrollers-short.mp4,29,monolatrist-bankrollers,shinystat.com,778043,22563247,0.3,short
507,/videos/2020-02-03/monolatrist-bankrollers-short.mp4,29,monolatrist-bankrollers,blog.com,1506,43674,0.49,short
961,/videos/2020-02-03/monolatrist-bankrollers-long.mp4,57,monolatrist-bankrollers,mail.ru,418620,23861340,0.31,long
961,/videos/2020-02-03/monolatrist-bankrollers-long.mp4,57,monolatrist-bankrollers,unknown,1993,113601,0.43,long
961,/videos/2020-02-03/monolatrist-bankrollers-long.mp4,57,monolatrist-bankrollers,netvibes.com,747249,42593193,0.11,long
961,/videos/2020-02-03/monolatrist-bankrollers-long.mp4,57,monolatrist-bankrollers,unknown,1519,86583,0.28,long
961,/videos/2020-02-03/monolatrist-bankrollers-long.mp4,57,monolatrist-bankrollers,ebay.co.uk,1501,85557,0.36,long
342,/root/bucket3/contendents-unascended-short.mp4,26,contendents-unascended,unknown,383086,9960236,0.11,short
342,/root/bucket3/contendents-unascended-short.mp4,26,contendents-unascended,about.com,439145,11417770,0.47,short
1113,/root/bucket5/contendents-unascended-long.mp4,26,contendents-unascended,storify.com,116656,3033056,0.14,long
1113,/root/bucket5/contendents-unascended-long.mp4,26,contendents-unascended,purevolume.com,458611,11923886,0.23,long
1343,/videos/2020-02-02/scarey-seaquakes-short.mp4,24,scarey-seaquakes,auda.org.au,911071,21865704,0.17,short
1343,/videos/2020-02-02/scarey-seaquakes-short.mp4,24,scarey-seaquakes,shinystat.com,992512,23820288,0.27,short
1343,/videos/2020-02-02/scarey-seaquakes-short.mp4,24,scarey-seaquakes,delicious.com,675245,16205880,0.44,short
1343,/videos/2020-02-02/scarey-seaquakes-short.mp4,24,scarey-seaquakes,wp.com,406976,9767424,0.24,short
1343,/videos/2020-02-02/scarey-seaquakes-short.mp4,24,scarey-seaquakes,discovery.com,830481,19931544,0.28,short
1343,/videos/2020-02-02/scarey-seaquakes-short.mp4,24,scarey-seaquakes,epa.gov,429304,10303296,0.38,short
1453,/root/bucket5/scarey-seaquakes-long.mp4,58,scarey-seaquakes,yale.edu,1501,87058,0.25,long
1453,/root/bucket5/scarey-seaquakes-long.mp4,58,scarey-seaquakes,zdnet.com,261264,15153312,0.31,long
1453,/root/bucket5/scarey-seaquakes-long.mp4,58,scarey-seaquakes,storify.com,559372,32443576,0.24,long
1453,/root/bucket5/scarey-seaquakes-long.mp4,58,scarey-seaquakes,unknown,1513,87754,0.43,long
757,/videos/2020-02-02/abundance-plottered-short.mp4,21,abundance-plottered,dailymotion.com,707923,14866383,0.11,short
757,/videos/2020-02-02/abundance-plottered-short.mp4,21,abundance-plottered,unknown,2000,42000,0.29,short
757,/videos/2020-02-02/abundance-plottered-short.mp4,21,abundance-plottered,unknown,1509,31689,0.16,short
757,/videos/2020-02-02/abundance-plottered-short.mp4,21,abundance-plottered,icio.us,341577,7173117,0.47,short
565,/root/bucket1/abundance-plottered-long.mp4,52,abundance-plottered,unknown,503142,26163384,0.41,long
565,/root/bucket1/abundance-plottered-long.mp4,52,abundance-plottered,epa.gov,279569,14537588,0.35,long
565,/root/bucket1/abundance-plottered-long.mp4,52,abundance-plottered,unknown,1999,103948,0.3,long
184,/root/bucket4/mistaught-jols-short.mp4,25,mistaught-jols,seattletimes.com,795786,19894650,0.44,short
184,/root/bucket4/mistaught-jols-short.mp4,25,mistaught-jols,usgs.gov,65418,1635450,0.42,short
520,/videos/2020-02-01/mistaught-jols-long.mp4,35,mistaught-jols,chron.com,664002,23240070,0.24,long
520,/videos/2020-02-01/mistaught-jols-long.mp4,35,mistaught-jols,skype.com,316026,11060910,0.43,long
520,/videos/2020-02-01/mistaught-jols-long.mp4,35,mistaught-jols,unknown,2002,70070,0.35,long
520,/videos/2020-02-01/mistaught-jols-long.mp4,35,mistaught-jols,unknown,458174,16036090,0.27,long
520,/videos/2020-02-01/mistaught-jols-long.mp4,35,mistaught-jols,unknown,1514,52990,0.39,long
1769,/root/bucket5/individua-carbonyls-short.mp4,26,individua-carbonyls,amazon.com,116076,3017976,0.32,short
1769,/root/bucket5/individua-carbonyls-short.mp4,26,individua-carbonyls,zdnet.com,557599,14497574,0.11,short
1769,/root/bucket5/individua-carbonyls-short.mp4,26,individua-carbonyls,yale.edu,1503,39078,0.25,short
1769,/root/bucket5/individua-carbonyls-short.mp4,26,individua-carbonyls,unknown,2005,52130,0.48,short
1769,/root/bucket5/individua-carbonyls-short.mp4,26,individua-carbonyls,ebay.co.uk,1506,39156,0.24,short
371,/videos/2020-02-02/individua-carbonyls-long.mp4,39,individua-carbonyls,odnoklassniki.ru,245180,9562020,0.43,long
371,/videos/2020-02-02/individua-carbonyls-long.mp4,39,individua-carbonyls,mail.ru,983976,38375064,0.45,long
371,/videos/2020-02-02/individua-carbonyls-long.mp4,39,individua-carbonyls,unknown,456093,17787627,0.5,long
371,/videos/2020-02-02/individua-carbonyls-long.mp4,39,individua-carbonyls,so-net.ne.jp,938985,36620415,0.43,long
371,/videos/2020-02-02/individua-carbonyls-long.mp4,39,individua-carbonyls,purevolume.com,465708,18162612,0.41,long
1965,/videos/2020-02-01/greening-betaxed-short.mp4,22,greening-betaxed,elegantthemes.com,60240,1325280,0.45,short
471,/media/greening-betaxed-long.mp4,53,greening-betaxed,patch.com,348314,18460642,0.2,long
471,/media/greening-betaxed-long.mp4,53,greening-betaxed,discovery.com,641789,34014817,0.18,long
471,/media/greening-betaxed-long.mp4,53,greening-betaxed,unknown,213225,11300925,0.45,long
257,/root/bucket3/screens-ippon-short.mp4,18,screens-ippon,netvibes.com,323078,5815404,0.17,short
257,/root/bucket3/screens-ippon-short.mp4,18,screens-ippon,reverbnation.com,204716,3684888,0.37,short
257,/root/bucket3/screens-ippon-short.mp4,18,screens-ippon,archive.org,641493,11546874,0.36,short
161,/root/bucket4/screens-ippon-long.mp4,55,screens-ippon,dion.ne.jp,444432,24443760,0.15,long
161,/root/bucket4/screens-ippon-long.mp4,55,screens-ippon,blog.com,1498,82390,0.21,long
161,/root/bucket4/screens-ippon-long.mp4,55,screens-ippon,un.org,171618,9438990,0.25,long
176,/videos/2020-02-02/plottages-vomicas-short.mp4,25,plottages-vomicas,unknown,602865,15071625,0.27,short
176,/videos/2020-02-02/plottages-vomicas-short.mp4,25,plottages-vomicas,ebay.co.uk,1499,37475,0.24,short
176,/videos/2020-02-02/plottages-vomicas-short.mp4,25,plottages-vomicas,unknown,2002,50050,0.33,short
176,/videos/2020-02-02/plottages-vomicas-short.mp4,25,plottages-vomicas,unknown,2003,50075,0.16,short
176,/videos/2020-02-02/plottages-vomicas-short.mp4,25,plottages-vomicas,storify.com,764891,19122275,0.27,short
176,/videos/2020-02-02/plottages-vomicas-short.mp4,25,plottages-vomicas,nbcnews.com,301756,7543900,0.39,short
176,/videos/2020-02-02/plottages-vomicas-short.mp4,25,plottages-vomicas,yale.edu,1499,37475,0.23,short
176,/videos/2020-02-02/plottages-vomicas-short.mp4,25,plottages-vomicas,csmonitor.com,813298,20332450,0.35,short
1964,/root/bucket5/plottages-vomicas-long.mp4,52,plottages-vomicas,ebay.co.uk,1502,78104,0.4,long
1964,/root/bucket5/plottages-vomicas-long.mp4,52,plottages-vomicas,angelfire.com,129083,6712316,0.19,long
1964,/root/bucket5/plottages-vomicas-long.mp4,52,plottages-vomicas,yale.edu,1501,78052,0.32,long
1964,/root/bucket5/plottages-vomicas-long.mp4,52,plottages-vomicas,blog.com,1501,78052,0.13,long
1607,/root/bucket2/coches-flexitarian-short.mp4,11,coches-flexitarian,chron.com,955491,10510401,0.18,short
1607,/root/bucket2/coches-flexitarian-short.mp4,11,coches-flexitarian,unknown,1998,21978,0.44,short
1607,/root/bucket2/coches-flexitarian-short.mp4,11,coches-flexitarian,about.com,297831,3276141,0.44,short
1193,/media/coches-flexitarian-long.mp4,54,coches-flexitarian,loc.gov,621980,33586920,0.34,long
1193,/media/coches-flexitarian-long.mp4,54,coches-flexitarian,nymag.com,445042,24032268,0.18,long
1415,/root/bucket1/blinking-trankums-short.mp4,11,blinking-trankums,unknown,2000,22000,0.38,short
1415,/root/bucket1/blinking-trankums-short.mp4,11,blinking-trankums,unknown,2000,22000,0.12,short
1415,/root/bucket1/blinking-trankums-short.mp4,11,blinking-trankums,loc.gov,366288,4029168,0.34,short
1415,/root/bucket1/blinking-trankums-short.mp4,11,blinking-trankums,yale.edu,1499,16489,0.14,short
1415,/root/bucket1/blinking-trankums-short.mp4,11,blinking-trankums,drupal.org,49749,547239,0.45,short
1415,/root/bucket1/blinking-trankums-short.mp4,11,blinking-trankums,earthlink.net,415981,4575791,0.24,short
1415,/root/bucket1/blinking-trankums-short.mp4,11,blinking-trankums,blog.com,1497,16467,0.24,short
1415,/root/bucket1/blinking-trankums-short.mp4,11,blinking-trankums,netvibes.com,830557,9136127,0.3,short
1090,/videos/2020-02-03/blinking-trankums-long.mp4,31,blinking-trankums,de.vu,484238,15011378,0.11,long
1090,/videos/2020-02-03/blinking-trankums-long.mp4,31,blinking-trankums,ebay.co.uk,1502,46562,0.25,long
1090,/videos/2020-02-03/blinking-trankums-long.mp4,31,blinking-trankums,purevolume.com,875377,27136687,0.2,long
1090,/videos/2020-02-03/blinking-trankums-long.mp4,31,blinking-trankums,comcast.net,991652,30741212,0.46,long
1090,/videos/2020-02-03/blinking-trankums-long.mp4,31,blinking-trankums,spotify.com,993971,30813101,0.31,long
807,/root/bucket4/oppilation-soundness-short.mp4,12,oppilation-soundness,unknown,809643,9715716,0.32,short
807,/root/bucket4/oppilation-soundness-short.mp4,12,oppilation-soundness,about.com,828717,9944604,0.2,short
536,/root/bucket2/oppilation-soundness-long.mp4,37,oppilation-soundness,java.com,198798,7355526,0.2,long
796,/videos/2020-02-03/saturability-gelatinate-short.mp4,5,saturability-gelatinate,opera.com,984308,4921540,0.28,short
796,/videos/2020-02-03/saturability-gelatinate-short.mp4,5,saturability-gelatinate,thetimes.co.uk,591313,2956565,0.43,short
1629,/root/bucket3/saturability-gelatinate-long.mp4,36,saturability-gelatinate,blog.com,1500,54000,0.1,long
1629,/root/bucket3/saturability-gelatinate-long.mp4,36,saturability-gelatinate,blog.com,1500,54000,0.16,long
1629,/root/bucket3/saturability-gelatinate-long.mp4,36,saturability-gelatinate,unknown,1515,54540,0.22,long
1753,/root/bucket3/presummit-sibyllic-short.mp4,23,presummit-sibyllic,discovery.com,854631,19656513,0.44,short
1559,/videos/2020-02-03/presummit-sibyllic-long.mp4,54,presummit-sibyllic,unknown,1998,107892,0.34,long
1559,/videos/2020-02-03/presummit-sibyllic-long.mp4,54,presummit-sibyllic,ebay.co.uk,1498,80892,0.15,long
1559,/videos/2020-02-03/presummit-sibyllic-long.mp4,54,presummit-sibyllic,so-net.ne.jp,481477,25999758,0.49,long
1397,/root/bucket5/unbury-buckers-short.mp4,6,unbury-buckers,unknown,2001,12006,0.39,short
1397,/root/bucket5/unbury-buckers-short.mp4,6,unbury-buckers,free13runpool.com,823944,4943664,0.49,short
1397,/root/bucket5/unbury-buckers-short.mp4,6,unbury-buckers,ebay.co.uk,1502,9012,0.37,short
1397,/root/bucket5/unbury-buckers-short.mp4,6,unbury-buckers,ebay.co.uk,1499,8994,0.13,short
1397,/root/bucket5/unbury-buckers-short.mp4,6,unbury-buckers,bbb.org,344465,2066790,0.36,short
1145,/root/bucket1/unbury-buckers-long.mp4,44,unbury-buckers,macromedia.com,671962,29566328,0.18,long
1145,/root/bucket1/unbury-buckers-long.mp4,44,unbury-buckers,wiley.com,464747,20448868,0.34,long
1145,/root/bucket1/unbury-buckers-long.mp4,44,unbury-buckers,unknown,1509,66396,0.48,long
1145,/root/bucket1/unbury-buckers-long.mp4,44,unbury-buckers,unknown,2005,88220,0.29,long
1145,/root/bucket1/unbury-buckers-long.mp4,44,unbury-buckers,unknown,1509,66396,0.44,long
1079,/root/bucket3/clementine-microflora-short.mp4,5,clementine-microflora,free13runpool.com,528383,2641915,0.14,short
1079,/root/bucket3/clementine-microflora-short.mp4,5,clementine-microflora,slate.com,318260,1591300,0.42,short
1079,/root/bucket3/clementine-microflora-short.mp4,5,clementine-microflora,elegantthemes.com,775766,3878830,0.29,short
1638,/media/clementine-microflora-long.mp4,59,clementine-microflora,free13runpool.com,289601,17086459,0.12,long
1638,/media/clementine-microflora-long.mp4,59,clementine-microflora,unicef.org,67762,3997958,0.38,long
1638,/media/clementine-microflora-long.mp4,59,clementine-microflora,storify.com,815830,48133970,0.14,long
1638,/media/clementine-microflora-long.mp4,59,clementine-microflora,joomla.org,542519,32008621,0.24,long
1638,/media/clementine-microflora-long.mp4,59,clementine-microflora,ebay.co.uk,1504,88736,0.44,long
1638,/media/clementine-microflora-long.mp4,59,clementine-microflora,unknown,1513,89267,0.43,long
1638,/media/clementine-microflora-long.mp4,59,clementine-microflora,ebay.co.uk,1496,88264,0.32,long
96,/root/bucket5/acronically-noninstitutionalized-short.mp4,20,acronically-noninstitutionalized,chron.com,492559,9851180,0.31,short
96,/root/bucket5/acronically-noninstitutionalized-short.mp4,20,acronically-noninstitutionalized,angelfire.com,811672,16233440,0.26,short
96,/root/bucket5/acronically-noninstitutionalized-short.mp4,20,acronically-noninstitutionalized,issuu.com,427621,8552420,0.26,short
96,/root/bucket5/acronically-noninstitutionalized-short.mp4,20,acronically-noninstitutionalized,phoca.cz,555736,11114720,0.33,short
1103,/media/acronically-noninstitutionalized-long.mp4,27,acronically-noninstitutionalized,ebay.co.uk,1501,40527,0.32,long
1103,/media/acronically-noninstitutionalized-long.mp4,27,acronically-noninstitutionalized,meetup.com,980182,26464914,0.28,long
1103,/media/acronically-noninstitutionalized-long.mp4,27,acronically-noninstitutionalized,so-net.ne.jp,295967,7991109,0.2,long
1103,/media/acronically-noninstitutionalized-long.mp4,27,acronically-noninstitutionalized,blog.com,1505,40635,0.39,long
299,/videos/2020-02-01/passersby-hyperkineses-short.mp4,21,passersby-hyperkineses,unknown,1508,31668,0.37,short
299,/videos/2020-02-01/passersby-hyperkineses-short.mp4,21,passersby-hyperkineses,nature.com,865842,18182682,0.15,short
299,/videos/2020-02-01/passersby-hyperkineses-short.mp4,21,passersby-hyperkineses,unknown,1505,31605,0.3,short
299,/videos/2020-02-01/passersby-hyperkineses-short.mp4,21,passersby-hyperkineses,unknown,706069,14827449,0.25,short
299,/videos/2020-02-01/passersby-hyperkineses-short.mp4,21,passersby-hyperkineses,unknown,794503,16684563,0.37,short
1885,/root/bucket5/passersby-hyperkineses-long.mp4,29,passersby-hyperkineses,yale.edu,105417,3057093,0.24,long
1885,/root/bucket5/passersby-hyperkineses-long.mp4,29,passersby-hyperkineses,creativecommons.org,593657,17216053,0.25,long
1885,/root/bucket5/passersby-hyperkineses-long.mp4,29,passersby-hyperkineses,unknown,980945,28447405,0.1,long
1154,/root/bucket2/gluttonously-fertilises-short.mp4,14,gluttonously-fertilises,yale.edu,65361,915054,0.18,short
277,/videos/2020-02-04/gluttonously-fertilises-long.mp4,54,gluttonously-fertilises,unknown,1510,81540,0.12,long
277,/videos/2020-02-04/gluttonously-fertilises-long.mp4,54,gluttonously-fertilises,patch.com,544780,29418120,0.32,long
601,/videos/2020-02-04/heathenizing-disnest-short.mp4,14,heathenizing-disnest,purevolume.com,15848,221872,0.47,short
601,/videos/2020-02-04/heathenizing-disnest-short.mp4,14,heathenizing-disnest,unknown,1510,21140,0.26,short
653,/root/bucket3/heathenizing-disnest-long.mp4,40,heathenizing-disnest,scribd.com,587849,23513960,0.16,long
653,/root/bucket3/heathenizing-disnest-long.mp4,40,heathenizing-disnest,unknown,1510,60400,0.24,long
653,/root/bucket3/heathenizing-disnest-long.mp4,40,heathenizing-disnest,about.com,359802,14392080,0.13,long
653,/root/bucket3/heathenizing-disnest-long.mp4,40,heathenizing-disnest,ebay.co.uk,1499,59960,0.42,long
653,/root/bucket3/heathenizing-disnest-long.mp4,40,heathenizing-disnest,so-net.ne.jp,933034,37321360,0.3,long
653,/root/bucket3/heathenizing-disnest-long.mp4,40,heathenizing-disnest,unknown,2000,80000,0.45,long
1774,/root/bucket2/hectoringly-preconditioning-short.mp4,28,hectoringly-preconditioning,macromedia.com,667301,18684428,0.37,short
1774,/root/bucket2/hectoringly-preconditioning-short.mp4,28,hectoringly-preconditioning,chron.com,575316,16108848,0.3,short
1774,/root/bucket2/hectoringly-preconditioning-short.mp4,28,hectoringly-preconditioning,dailymotion.com,917883,25700724,0.48,short
169,/root/bucket1/hectoringly-preconditioning-long.mp4,49,hectoringly-preconditioning,istockphoto.com,913889,44780561,0.29,long
156,/media/savoyards-hognuts-short.mp4,18,savoyards-hognuts,so-net.ne.jp,579694,10434492,0.25,short
156,/media/savoyards-hognuts-short.mp4,18,savoyards-hognuts,unknown,1511,27198,0.17,short
156,/media/savoyards-hognuts-short.mp4,18,savoyards-hognuts,ebay.co.uk,1503,27054,0.15,short
156,/media/savoyards-hognuts-short.mp4,18,savoyards-hognuts,livejournal.com,704579,12682422,0.25,short
156,/media/savoyards-hognuts-short.mp4,18,savoyards-hognuts,unknown,1518,27324,0.12,short
804,/videos/2020-02-01/savoyards-hognuts-long.mp4,42,savoyards-hognuts,unknown,1513,63546,0.18,long
804,/videos/2020-02-01/savoyards-hognuts-long.mp4,42,savoyards-hognuts,flavors.me,497207,20882694,0.41,long
804,/videos/2020-02-01/savoyards-hognuts-long.mp4,42,savoyards-hognuts,unknown,825210,34658820,0.13,long
1747,/videos/2020-02-01/pitchiness-latexes-short.mp4,23,pitchiness-latexes,webs.com,571370,13141510,0.27,short
1747,/videos/2020-02-01/pitchiness-latexes-short.mp4,23,pitchiness-latexes,ustream.tv,475925,10946275,0.19,short
91,/videos/2020-02-03/pitchiness-latexes-long.mp4,55,pitchiness-latexes,dedecms.com,510039,28052145,0.3,long
91,/videos/2020-02-03/pitchiness-latexes-long.mp4,55,pitchiness-latexes,blog.com,1494,82170,0.24,long
91,/videos/2020-02-03/pitchiness-latexes-long.mp4,55,pitchiness-latexes,goo.ne.jp,184411,10142605,0.25,long
91,/videos/2020-02-03/pitchiness-latexes-long.mp4,55,pitchiness-latexes,flavors.me,195998,10779890,0.48,long
91,/videos/2020-02-03/pitchiness-latexes-long.mp4,55,pitchiness-latexes,blog.com,1493,82115,0.39,long
91,/videos/2020-02-03/pitchiness-latexes-long.mp4,55,pitchiness-latexes,dailymotion.com,553695,30453225,0.39,long
1853,/root/bucket5/doodoo-dudism-short.mp4,12,doodoo-dudism,ebay.co.uk,1501,18012,0.12,short
1853,/root/bucket5/doodoo-dudism-short.mp4,12,doodoo-dudism,ebay.co.uk,1504,18048,0.44,short
526,/root/bucket5/doodoo-dudism-long.mp4,25,doodoo-dudism,goo.ne.jp,772885,19322125,0.19,long
526,/root/bucket5/doodoo-dudism-long.mp4,25,doodoo-dudism,ebay.co.uk,1502,37550,0.1,long
526,/root/bucket5/doodoo-dudism-long.mp4,25,doodoo-dudism,comcast.net,233427,5835675,0.27,long
1489,/root/bucket1/liftgates-merozoite-short.mp4,27,liftgates-merozoite,g.co,81211,2192697,0.25,short
1489,/root/bucket1/liftgates-merozoite-short.mp4,27,liftgates-merozoite,unicef.org,418492,11299284,0.22,short
1908,/root/bucket2/liftgates-merozoite-long.mp4,42,liftgates-merozoite,webs.com,746950,31371900,0.39,long
1908,/root/bucket2/liftgates-merozoite-long.mp4,42,liftgates-merozoite,unknown,1517,63714,0.28,long
1908,/root/bucket2/liftgates-merozoite-long.mp4,42,liftgates-merozoite,unknown,2006,84252,0.32,long
360,/videos/2020-02-04/rapidly-vacantnesses-short.mp4,26,rapidly-vacantnesses,purevolume.com,261457,6797882,0.19,short
360,/videos/2020-02-04/rapidly-vacantnesses-short.mp4,26,rapidly-vacantnesses,google.nl,637908,16585608,0.23,short
360,/videos/2020-02-04/rapidly-vacantnesses-short.mp4,26,rapidly-vacantnesses,unknown,1510,39260,0.16,short
360,/videos/2020-02-04/rapidly-vacantnesses-short.mp4,26,rapidly-vacantnesses,unknown,506932,13180232,0.26,short
1257,/videos/2020-02-02/rapidly-vacantnesses-long.mp4,39,rapidly-vacantnesses,unknown,1511,58929,0.36,long
1257,/videos/2020-02-02/rapidly-vacantnesses-long.mp4,39,rapidly-vacantnesses,dedecms.com,176080,6867120,0.26,long
1257,/videos/2020-02-02/rapidly-vacantnesses-long.mp4,39,rapidly-vacantnesses,buzzfeed.com,719100,28044900,0.34,long
1516,/videos/2020-02-04/anabranches-ligure-short.mp4,23,anabranches-ligure,unknown,2004,46092,0.17,short
1516,/videos/2020-02-04/anabranches-ligure-short.mp4,23,anabranches-ligure,ustream.tv,481085,11064955,0.38,short
1516,/videos/2020-02-04/anabranches-ligure-short.mp4,23,anabranches-ligure,dailymotion.com,161929,3724367,0.26,short
1516,/videos/2020-02-04/anabranches-ligure-short.mp4,23,anabranches-ligure,netvibes.com,793421,18248683,0.39,short
1516,/videos/2020-02-04/anabranches-ligure-short.mp4,23,anabranches-ligure,fc2.com,132825,3054975,0.27,short
1516,/videos/2020-02-04/anabranches-ligure-short.mp4,23,anabranches-ligure,reddit.com,685736,15771928,0.33,short
1944,/root/bucket3/anabranches-ligure-long.mp4,25,anabranches-ligure,blog.com,1498,37450,0.42,long
1944,/root/bucket3/anabranches-ligure-long.mp4,25,anabranches-ligure,yale.edu,1503,37575,0.49,long
1944,/root/bucket3/anabranches-ligure-long.mp4,25,anabranches-ligure,unknown,981246,24531150,0.2,long
68,/videos/2020-02-02/deltiologist-motley-short.mp4,10,deltiologist-motley,msu.edu,411830,4118300,0.24,short
68,/videos/2020-02-02/deltiologist-motley-short.mp4,10,deltiologist-motley,yale.edu,1502,15020,0.27,short
68,/videos/2020-02-02/deltiologist-motley-short.mp4,10,deltiologist-motley,unknown,153726,1537260,0.21,short
68,/videos/2020-02-02/deltiologist-motley-short.mp4,10,deltiologist-motley,blogs.com,783116,7831160,0.39,short
1373,/root/bucket4/deltiologist-motley-long.mp4,26,deltiologist-motley,google.nl,150411,3910686,0.28,long
1373,/root/bucket4/deltiologist-motley-long.mp4,26,deltiologist-motley,yale.edu,417990,10867740,0.2,long
1373,/root/bucket4/deltiologist-motley-long.mp4,26,deltiologist-motley,icio.us,771797,20066722,0.22,long
1581,/root/bucket1/epididymal-grissino-short.mp4,29,epididymal-grissino,joomla.org,262837,7622273,0.49,short
152,/root/bucket2/epididymal-grissino-long.mp4,44,epididymal-grissino,ebay.co.uk,1496,65824,0.21,long
1966,/videos/2020-02-01/conjugates-confederates-short.mp4,28,conjugates-confederates,wufoo.com,669119,18735332,0.35,short
1966,/videos/2020-02-01/conjugates-confederates-short.mp4,28,conjugates-confederates,unknown,125740,3520720,0.43,short
1966,/videos/2020-02-01/conjugates-confederates-short.mp4,28,conjugates-confederates,yale.edu,1499,41972,0.35,short
1966,/videos/2020-02-01/conjugates-confederates-short.mp4,28,conjugates-confederates,nba.com,902798,25278344,0.5,short
1966,/videos/2020-02-01/conjugates-confederates-short.mp4,28,conjugates-confederates,usnews.com,205312,5748736,0.26,short
1561,/media/conjugates-confederates-long.mp4,57,conjugates-confederates,yale.edu,1500,85500,0.46,long
1561,/media/conjugates-confederates-long.mp4,57,conjugates-confederates,yale.edu,1502,85614,0.18,long
1561,/media/conjugates-confederates-long.mp4,57,conjugates-confederates,multiply.com,32742,1866294,0.17,long
1561,/media/conjugates-confederates-long.mp4,57,conjugates-confederates,opera.com,263444,15016308,0.46,long
532,/root/bucket5/dunniewassals-scandalisers-short.mp4,20,dunniewassals-scandalisers,blog.com,1498,29960,0.28,short
532,/root/bucket5/dunniewassals-scandalisers-short.mp4,20,dunniewassals-scandalisers,hhs.gov,188961,3779220,0.44,short
532,/root/bucket5/dunniewassals-scandalisers-short.mp4,20,dunniewassals-scandalisers,yale.edu,844451,16889020,0.48,short
386,/root/bucket1/dunniewassals-scandalisers-long.mp4,26,dunniewassals-scandalisers,blog.com,1502,39052,0.15,long
386,/root/bucket1/dunniewassals-scandalisers-long.mp4,26,dunniewassals-scandalisers,spotify.com,492317,12800242,0.35,long
386,/root/bucket1/dunniewassals-scandalisers-long.mp4,26,dunniewassals-scandalisers,yale.edu,1500,39000,0.47,long
386,/root/bucket1/dunniewassals-scandalisers-long.mp4,26,dunniewassals-scandalisers,unknown,872543,22686118,0.2,long
686,/root/bucket5/apocopation-crania-short.mp4,16,apocopation-crania,unknown,1999,31984,0.31,short
1534,/root/bucket4/apocopation-crania-long.mp4,58,apocopation-crania,goo.ne.jp,647035,37528030,0.41,long
1534,/root/bucket4/apocopation-crania-long.mp4,58,apocopation-crania,drupal.org,124948,7246984,0.45,long
1534,/root/bucket4/apocopation-crania-long.mp4,58,apocopation-crania,sciencedaily.com,952304,55233632,0.15,long
1534,/root/bucket4/apocopation-crania-long.mp4,58,apocopation-crania,blog.com,1499,86942,0.49,long
1534,/root/bucket4/apocopation-crania-long.mp4,58,apocopation-crania,mail.ru,903482,52401956,0.25,long
1828,/videos/2020-02-04/begorra-hobdayed-short.mp4,30,begorra-hobdayed,netvibes.com,528101,15843030,0.46,short
1828,/videos/2020-02-04/begorra-hobdayed-short.mp4,30,begorra-hobdayed,msu.edu,783523,23505690,0.1,short
1828,/videos/2020-02-04/begorra-hobdayed-short.mp4,30,begorra-hobdayed,unknown,31137,934110,0.42,short
1969,/root/bucket3/begorra-hobdayed-long.mp4,47,begorra-hobdayed,nature.com,811776,38153472,0.49,long
1969,/root/bucket3/begorra-hobdayed-long.mp4,47,begorra-hobdayed,unknown,2003,94141,0.31,long
1969,/root/bucket3/begorra-hobdayed-long.mp4,47,begorra-hobdayed,ocn.ne.jp,560213,26330011,0.34,long
1969,/root/bucket3/begorra-hobdayed-long.mp4,47,begorra-hobdayed,fc2.com,107526,5053722,0.41,long
130,/videos/2020-02-01/resorbence-orf-short.mp4,23,resorbence-orf,blog.com,1500,34500,0.32,short
130,/videos/2020-02-01/resorbence-orf-short.mp4,23,resorbence-orf,flavors.me,358100,8236300,0.16,short
130,/videos/2020-02-01/resorbence-orf-short.mp4,23,resorbence-orf,unknown,472953,10877919,0.33,short
130,/videos/2020-02-01/resorbence-orf-short.mp4,23,resorbence-orf,wiley.com,112705,2592215,0.35,short
54,/videos/2020-02-02/resorbence-orf-long.mp4,55,resorbence-orf,unknown,1510,83050,0.47,long
54,/videos/2020-02-02/resorbence-orf-long.mp4,55,resorbence-orf,blogs.com,413485,22741675,0.43,long
54,/videos/2020-02-02/resorbence-orf-long.mp4,55,resorbence-orf,unknown,57604,3168220,0.44,long
72,/videos/2020-02-03/augmenter-slaveholders-short.mp4,8,augmenter-slaveholders,epa.gov,358824,2870592,0.46,short
72,/videos/2020-02-03/augmenter-slaveholders-short.mp4,8,augmenter-slaveholders,unknown,1512,12096,0.16,short
1099,/root/bucket5/augmenter-slaveholders-long.mp4,39,augmenter-slaveholders,sciencedaily.com,540630,21084570,0.37,long
1892,/videos/2020-02-01/possessiveness-dogmatisms-short.mp4,26,possessiveness-dogmatisms,cafepress.com,253803,6598878,0.44,short
1892,/videos/2020-02-01/possessiveness-dogmatisms-short.mp4,26,possessiveness-dogmatisms,shareasale.com,136676,3553576,0.43,short
1013,/videos/2020-02-04/possessiveness-dogmatisms-long.mp4,54,possessiveness-dogmatisms,unknown,2003,108162,0.46,long
1013,/videos/2020-02-04/possessiveness-dogmatisms-long.mp4,54,possessiveness-dogmatisms,unknown,1998,107892,0.42,long
1013,/videos/2020-02-04/possessiveness-dogmatisms-long.mp4,54,possessiveness-dogmatisms,cnet.com,296935,16034490,0.23,long
1013,/videos/2020-02-04/possessiveness-dogmatisms-long.mp4,54,possessiveness-dogmatisms,yale.edu,1500,81000,0.38,long
1013,/videos/2020-02-04/possessiveness-dogmatisms-long.mp4,54,possessiveness-dogmatisms,163.com,73155,3950370,0.49,long
1737,/media/actins-runkled-short.mp4,13,actins-runkled,washington.edu,957888,12452544,0.21,short
1737,/media/actins-runkled-short.mp4,13,actins-runkled,unknown,1999,25987,0.2,short
1737,/media/actins-runkled-short.mp4,13,actins-runkled,joomla.org,758467,9860071,0.12,short
1737,/media/actins-runkled-short.mp4,13,actins-runkled,redcross.org,714532,9288916,0.3,short
1737,/media/actins-runkled-short.mp4,13,actins-runkled,unicef.org,557953,7253389,0.18,short
933,/root/bucket5/actins-runkled-long.mp4,29,actins-runkled,harvard.edu,651678,18898662,0.38,long
933,/root/bucket5/actins-runkled-long.mp4,29,actins-runkled,istockphoto.com,827264,23990656,0.39,long
933,/root/bucket5/actins-runkled-long.mp4,29,actins-runkled,ebay.co.uk,1496,43384,0.34,long
933,/root/bucket5/actins-runkled-long.mp4,29,actins-runkled,ebay.co.uk,1505,43645,0.35,long
1265,/videos/2020-02-03/phycocyanin-meritocratic-short.mp4,8,phycocyanin-meritocratic,yale.edu,1497,11976,0.18,short
1265,/videos/2020-02-03/phycocyanin-meritocratic-short.mp4,8,phycocyanin-meritocratic,flavors.me,408524,3268192,0.24,short
1265,/videos/2020-02-03/phycocyanin-meritocratic-short.mp4,8,phycocyanin-meritocratic,ocn.ne.jp,877597,7020776,0.1,short
1265,/videos/2020-02-03/phycocyanin-meritocratic-short.mp4,8,phycocyanin-meritocratic,yale.edu,1502,12016,0.22,short
1265,/videos/2020-02-03/phycocyanin-meritocratic-short.mp4,8,phycocyanin-meritocratic,redcross.org,886608,7092864,0.41,short
1923,/root/bucket1/phycocyanin-meritocratic-long.mp4,40,phycocyanin-meritocratic,ebay.co.uk,1501,60040,0.12,long
523,/root/bucket5/zoospore-masculy-short.mp4,20,zoospore-masculy,yale.edu,1503,30060,0.47,short
523,/root/bucket5/zoospore-masculy-short.mp4,20,zoospore-masculy,blog.com,1500,30000,0.32,short
531,/media/zoospore-masculy-long.mp4,31,zoospore-masculy,unknown,2001,62031,0.31,long
531,/media/zoospore-masculy-long.mp4,31,zoospore-masculy,ebay.co.uk,1495,46345,0.45,long
531,/media/zoospore-masculy-long.mp4,31,zoospore-masculy,blog.com,1496,46376,0.36,long
531,/media/zoospore-masculy-long.mp4,31,zoospore-masculy,msu.edu,741915,22999365,0.32,long
531,/media/zoospore-masculy-long.mp4,31,zoospore-masculy,blog.com,1498,46438,0.16,long
320,/root/bucket5/unlet-neurulas-short.mp4,19,unlet-neurulas,google.fr,582274,11063206,0.13,short
320,/root/bucket5/unlet-neurulas-short.mp4,19,unlet-neurulas,amazon.com,565832,10750808,0.42,short
320,/root/bucket5/unlet-neurulas-short.mp4,19,unlet-neurulas,163.com,370351,7036669,0.28,short
118,/videos/2020-02-01/unlet-neurulas-long.mp4,45,unlet-neurulas,yandex.ru,410671,18480195,0.39,long
118,/videos/2020-02-01/unlet-neurulas-long.mp4,45,unlet-neurulas,scribd.com,438548,19734660,0.29,long
1267,/videos/2020-02-01/synthesised-nontaxes-short.mp4,14,synthesised-nontaxes,unknown,1997,27958,0.19,short
1267,/videos/2020-02-01/synthesised-nontaxes-short.mp4,14,synthesised-nontaxes,hhs.gov,564039,7896546,0.12,short
1267,/videos/2020-02-01/synthesised-nontaxes-short.mp4,14,synthesised-nontaxes,bbb.org,380877,5332278,0.48,short
1267,/videos/2020-02-01/synthesised-nontaxes-short.mp4,14,synthesised-nontaxes,yale.edu,1500,21000,0.38,short
1267,/videos/2020-02-01/synthesised-nontaxes-short.mp4,14,synthesised-nontaxes,unknown,1513,21182,0.45,short
1759,/videos/2020-02-03/spikers-motherworts-short.mp4,14,spikers-motherworts,unknown,1510,21140,0.37,short
1759,/videos/2020-02-03/spikers-motherworts-short.mp4,14,spikers-motherworts,ebay.co.uk,1505,21070,0.26,short
585,/root/bucket2/spikers-motherworts-long.mp4,32,spikers-motherworts,unknown,1509,48288,0.23,long
585,/root/bucket2/spikers-motherworts-long.mp4,32,spikers-motherworts,ocn.ne.jp,636748,20375936,0.27,long
213,/videos/2020-02-03/discrowned-topophilias-short.mp4,19,discrowned-topophilias,yale.edu,1504,28576,0.24,short
213,/videos/2020-02-03/discrowned-topophilias-short.mp4,19,discrowned-topophilias,drupal.org,293297,5572643,0.43,short
213,/videos/2020-02-03/discrowned-topophilias-short.mp4,19,discrowned-topophilias,nymag.com,976967,18562373,0.2,short
213,/videos/2020-02-03/discrowned-topophilias-short.mp4,19,discrowned-topophilias,webs.com,217287,4128453,0.49,short
434,/videos/2020-02-02/discrowned-topophilias-long.mp4,31,discrowned-topophilias,blog.com,1503,46593,0.1,long
434,/videos/2020-02-02/discrowned-topophilias-long.mp4,31,discrowned-topophilias,techcrunch.com,927453,28751043,0.37,long
434,/videos/2020-02-02/discrowned-topophilias-long.mp4,31,discrowned-topophilias,yale.edu,636254,19723874,0.2,long
417,/videos/2020-02-03/reinvestment-changa-short.mp4,6,reinvestment-changa,yale.edu,1504,9024,0.11,short
417,/videos/2020-02-03/reinvestment-changa-short.mp4,6,reinvestment-changa,yale.edu,1499,8994,0.4,short
417,/videos/2020-02-03/reinvestment-changa-short.mp4,6,reinvestment-changa,unknown,1992,11952,0.33,short
417,/videos/2020-02-03/reinvestment-changa-short.mp4,6,reinvestment-changa,unknown,1506,9036,0.46,short
1390,/root/bucket2/reinvestment-changa-long.mp4,25,reinvestment-changa,yale.edu,1501,37525,0.11,long
1390,/root/bucket2/reinvestment-changa-long.mp4,25,reinvestment-changa,yale.edu,1491,37275,0.18,long
1390,/root/bucket2/reinvestment-changa-long.mp4,25,reinvestment-changa,macromedia.com,104605,2615125,0.23,long
1390,/root/bucket2/reinvestment-changa-long.mp4,25,reinvestment-changa,goo.ne.jp,538242,13456050,0.5,long
1390,/root/bucket2/reinvestment-changa-long.mp4,25,reinvestment-changa,so-net.ne.jp,784909,19622725,0.29,long
456,/videos/2020-02-01/subnets-wartweed-short.mp4,12,subnets-wartweed,topsy.com,304659,3655908,0.41,short
1137,/videos/2020-02-01/subnets-wartweed-long.mp4,49,subnets-wartweed,ocn.ne.jp,698327,34218023,0.34,long
1137,/videos/2020-02-01/subnets-wartweed-long.mp4,49,subnets-wartweed,so-net.ne.jp,423719,20762231,0.25,long
36,/root/bucket4/sodain-delimiter-short.mp4,30,sodain-delimiter,auda.org.au,918006,27540180,0.3,short
36,/root/bucket4/sodain-delimiter-short.mp4,30,sodain-delimiter,github.com,197663,5929890,0.33,short
36,/root/bucket4/sodain-delimiter-short.mp4,30,sodain-delimiter,ebay.co.uk,1503,45090,0.22,short
36,/root/bucket4/sodain-delimiter-short.mp4,30,sodain-delimiter,unknown,597674,17930220,0.38,short
36,/root/bucket4/sodain-delimiter-short.mp4,30,sodain-delimiter,studiopress.com,539170,16175100,0.37,short
1150,/videos/2020-02-01/sodain-delimiter-long.mp4,59,sodain-delimiter,unknown,397484,23451556,0.44,long
1150,/videos/2020-02-01/sodain-delimiter-long.mp4,59,sodain-delimiter,unknown,1510,89090,0.48,long
1150,/videos/2020-02-01/sodain-delimiter-long.mp4,59,sodain-delimiter,dedecms.com,607198,35824682,0.11,long
1150,/videos/2020-02-01/sodain-delimiter-long.mp4,59,sodain-delimiter,unknown,1512,89208,0.3,long
1150,/videos/2020-02-01/sodain-delimiter-long.mp4,59,sodain-delimiter,slate.com,575567,33958453,0.15,long
1150,/videos/2020-02-01/sodain-delimiter-long.mp4,59,sodain-delimiter,wiley.com,455441,26871019,0.25,long
1150,/videos/2020-02-01/sodain-delimiter-long.mp4,59,sodain-delimiter,ebay.co.uk,1498,88382,0.21,long
1150,/videos/2020-02-01/sodain-delimiter-long.mp4,59,sodain-delimiter,ebay.co.uk,1499,88441,0.25,long
1150,/videos/2020-02-01/sodain-delimiter-long.mp4,59,sodain-delimiter,zdnet.com,865836,51084324,0.16,long
1097,/videos/2020-02-03/egressing-destructs-short.mp4,18,egressing-destructs,dedecms.com,206679,3720222,0.21,short
1037,/videos/2020-02-03/egressing-destructs-long.mp4,33,egressing-destructs,de.vu,463011,15279363,0.23,long
1037,/videos/2020-02-03/egressing-destructs-long.mp4,33,egressing-destructs,hhs.gov,710490,23446170,0.27,long
1037,/videos/2020-02-03/egressing-destructs-long.mp4,33,egressing-destructs,storify.com,834545,27539985,0.27,long
1037,/videos/2020-02-03/egressing-destructs-long.mp4,33,egressing-destructs,ebay.co.uk,1499,49467,0.44,long
1037,/videos/2020-02-03/egressing-destructs-long.mp4,33,egressing-destructs,bbb.org,403307,13309131,0.23,long
1859,/videos/2020-02-04/switchier-catalyst-short.mp4,5,switchier-catalyst,unknown,1509,7545,0.37,short
1859,/videos/2020-02-04/switchier-catalyst-short.mp4,5,switchier-catalyst,npr.org,1750,8750,0.35,short
1859,/videos/2020-02-04/switchier-catalyst-short.mp4,5,switchier-catalyst,auda.org.au,960406,4802030,0.25,short
1859,/videos/2020-02-04/switchier-catalyst-short.mp4,5,switchier-catalyst,unknown,1998,9990,0.27,short
1859,/videos/2020-02-04/switchier-catalyst-short.mp4,5,switchier-catalyst,patch.com,667134,3335670,0.23,short
1859,/videos/2020-02-04/switchier-catalyst-short.mp4,5,switchier-catalyst,loc.gov,437774,2188870,0.35,short
1859,/videos/2020-02-04/switchier-catalyst-short.mp4,5,switchier-catalyst,flavors.me,202750,1013750,0.38,short
1384,/media/switchier-catalyst-long.mp4,32,switchier-catalyst,unknown,250809,8025888,0.22,long
1384,/media/switchier-catalyst-long.mp4,32,switchier-catalyst,yale.edu,1498,47936,0.35,long
1384,/media/switchier-catalyst-long.mp4,32,switchier-catalyst,spotify.com,340579,10898528,0.46,long
566,/root/bucket2/harshed-watchboxes-short.mp4,8,harshed-watchboxes,unknown,171076,1368608,0.43,short
566,/root/bucket2/harshed-watchboxes-short.mp4,8,harshed-watchboxes,macromedia.com,58578,468624,0.29,short
566,/root/bucket2/harshed-watchboxes-short.mp4,8,harshed-watchboxes,yale.edu,1501,12008,0.28,short
566,/root/bucket2/harshed-watchboxes-short.mp4,8,harshed-watchboxes,drupal.org,85719,685752,0.27,short
566,/root/bucket2/harshed-watchboxes-short.mp4,8,harshed-watchboxes,unknown,654648,5237184,0.45,short
661,/videos/2020-02-02/harshed-watchboxes-long.mp4,56,harshed-watchboxes,blogs.com,171955,9629480,0.27,long
661,/videos/2020-02-02/harshed-watchboxes-long.mp4,56,harshed-watchboxes,ebay.co.uk,1495,83720,0.45,long
552,/videos/2020-02-03/hemophilias-knots-short.mp4,24,hemophilias-knots,cafepress.com,522928,12550272,0.12,short
552,/videos/2020-02-03/hemophilias-knots-short.mp4,24,hemophilias-knots,creativecommons.org,741167,17788008,0.41,short
552,/videos/2020-02-03/hemophilias-knots-short.mp4,24,hemophilias-knots,unknown,1512,36288,0.46,short
359,/root/bucket3/hemophilias-knots-long.mp4,30,hemophilias-knots,issuu.com,108052,3241560,0.36,long
359,/root/bucket3/hemophilias-knots-long.mp4,30,hemophilias-knots,storify.com,712728,21381840,0.21,long
359,/root/bucket3/hemophilias-knots-long.mp4,30,hemophilias-knots,twitter.com,530952,15928560,0.28,long
359,/root/bucket3/hemophilias-knots-long.mp4,30,hemophilias-knots,unknown,2004,60120,0.45,long
359,/root/bucket3/hemophilias-knots-long.mp4,30,hemophilias-knots,free13runpool.com,286972,8609160,0.1,long
359,/root/bucket3/hemophilias-knots-long.mp4,30,hemophilias-knots,storify.com,17314,519420,0.23,long
907,/media/dictatorialness-trillionaires-short.mp4,23,dictatorialness-trillionaires,unknown,1513,34799,0.5,short
907,/media/dictatorialness-trillionaires-short.mp4,23,dictatorialness-trillionaires,yale.edu,1499,34477,0.23,short
907,/media/dictatorialness-trillionaires-short.mp4,23,dictatorialness-trillionaires,yale.edu,1500,34500,0.23,short
1339,/root/bucket2/dictatorialness-trillionaires-long.mp4,32,dictatorialness-trillionaires,bravesites.com,566887,18140384,0.24,long
1339,/root/bucket2/dictatorialness-trillionaires-long.mp4,32,dictatorialness-trillionaires,unknown,1998,63936,0.33,long
1339,/root/bucket2/dictatorialness-trillionaires-long.mp4,32,dictatorialness-trillionaires,foxnews.com,294415,9421280,0.11,long
1339,/root/bucket2/dictatorialness-trillionaires-long.mp4,32,dictatorialness-trillionaires,elegantthemes.com,358325,11466400,0.21,long
1339,/root/bucket2/dictatorialness-trillionaires-long.mp4,32,dictatorialness-trillionaires,cnet.com,248989,7967648,0.26,long
1339,/root/bucket2/dictatorialness-trillionaires-long.mp4,32,dictatorialness-trillionaires,harvard.edu,601562,19249984,0.14,long
873,/root/bucket3/comprehended-uplook-short.mp4,23,comprehended-uplook,bravesites.com,33333,766659,0.22,short
1562,/root/bucket4/comprehended-uplook-long.mp4,41,comprehended-uplook,yolasite.com,919352,37693432,0.39,long
966,/root/bucket4/gunfights-syphilisations-short.mp4,18,gunfights-syphilisations,nature.com,59728,1075104,0.32,short
966,/root/bucket4/gunfights-syphilisations-short.mp4,18,gunfights-syphilisations,msu.edu,755192,13593456,0.18,short
966,/root/bucket4/gunfights-syphilisations-short.mp4,18,gunfights-syphilisations,unknown,247244,4450392,0.41,short
292,/videos/2020-02-01/gunfights-syphilisations-long.mp4,49,gunfights-syphilisations,free13runpool.com,86028,4215372,0.36,long
292,/videos/2020-02-01/gunfights-syphilisations-long.mp4,49,gunfights-syphilisations,moonfruit.com,792682,38841418,0.3,long
292,/videos/2020-02-01/gunfights-syphilisations-long.mp4,49,gunfights-syphilisations,istockphoto.com,366418,17954482,0.36,long
292,/videos/2020-02-01/gunfights-syphilisations-long.mp4,49,gunfights-syphilisations,blog.com,1500,73500,0.34,long
292,/videos/2020-02-01/gunfights-syphilisations-long.mp4,49,gunfights-syphilisations,foxnews.com,657068,32196332,0.17,long
292,/videos/2020-02-01/gunfights-syphilisations-long.mp4,49,gunfights-syphilisations,unknown,1508,73892,0.39,long
1658,/root/bucket3/untruisms-hermeticity-short.mp4,27,untruisms-hermeticity,netvibes.com,489986,13229622,0.39,short
914,/root/bucket5/untruisms-hermeticity-long.mp4,36,untruisms-hermeticity,unknown,1507,54252,0.12,long
914,/root/bucket5/untruisms-hermeticity-long.mp4,36,untruisms-hermeticity,utexas.edu,353872,12739392,0.35,long
626,/root/bucket5/horographers-typp-short.mp4,13,horographers-typp,ebay.co.uk,1502,19526,0.14,short
626,/root/bucket5/horographers-typp-short.mp4,13,horographers-typp,google.fr,578300,7517900,0.27,short
626,/root/bucket5/horographers-typp-short.mp4,13,horographers-typp,simplemachines.org,212046,2756598,0.29,short
1142,/videos/2020-02-02/horographers-typp-long.mp4,43,horographers-typp,ebay.co.uk,1506,64758,0.12,long
1142,/videos/2020-02-02/horographers-typp-long.mp4,43,horographers-typp,ebay.co.uk,1498,64414,0.42,long
1491,/videos/2020-02-03/knelled-fluates-short.mp4,11,knelled-fluates,wufoo.com,18422,202642,0.45,short
1491,/videos/2020-02-03/knelled-fluates-short.mp4,11,knelled-fluates,webs.com,580572,6386292,0.15,short
1491,/videos/2020-02-03/knelled-fluates-short.mp4,11,knelled-fluates,google.fr,375065,4125715,0.2,short
1622,/videos/2020-02-04/motorbiked-tyler-short.mp4,23,motorbiked-tyler,yale.edu,1497,34431,0.24,short
1622,/videos/2020-02-04/motorbiked-tyler-short.mp4,23,motorbiked-tyler,slate.com,307082,7062886,0.32,short
1633,/videos/2020-02-01/motorbiked-tyler-long.mp4,41,motorbiked-tyler,flavors.me,2920,119720,0.25,long
1633,/videos/2020-02-01/motorbiked-tyler-long.mp4,41,motorbiked-tyler,icio.us,265468,10884188,0.34,long
1633,/videos/2020-02-01/motorbiked-tyler-long.mp4,41,motorbiked-tyler,unknown,1507,61787,0.14,long
1633,/videos/2020-02-01/motorbiked-tyler-long.mp4,41,motorbiked-tyler,yale.edu,1502,61582,0.41,long
1575,/videos/2020-02-01/saltuses-hessonites-short.mp4,15,saltuses-hessonites,unknown,1998,29970,0.26,short
1575,/videos/2020-02-01/saltuses-hessonites-short.mp4,15,saltuses-hessonites,ebay.co.uk,1500,22500,0.27,short
1575,/videos/2020-02-01/saltuses-hessonites-short.mp4,15,saltuses-hessonites,webs.com,702152,10532280,0.46,short
1024,/root/bucket5/saltuses-hessonites-long.mp4,52,saltuses-hessonites,yandex.ru,978103,50861356,0.45,long
1024,/root/bucket5/saltuses-hessonites-long.mp4,52,saltuses-hessonites,blog.com,1507,78364,0.1,long
1024,/root/bucket5/saltuses-hessonites-long.mp4,52,saltuses-hessonites,ustream.tv,141640,7365280,0.14,long
848,/videos/2020-02-01/quenches-histaminergic-short.mp4,24,quenches-histaminergic,fc2.com,99184,2380416,0.14,short
1754,/root/bucket5/quenches-histaminergic-long.mp4,56,quenches-histaminergic,unknown,985793,55204408,0.14,long
1754,/root/bucket5/quenches-histaminergic-long.mp4,56,quenches-histaminergic,istockphoto.com,488515,27356840,0.3,long
1754,/root/bucket5/quenches-histaminergic-long.mp4,56,quenches-histaminergic,unknown,1516,84896,0.13,long
749,/root/bucket5/gorge-fetichises-short.mp4,9,gorge-fetichises,unknown,1513,13617,0.3,short
749,/root/bucket5/gorge-fetichises-short.mp4,9,gorge-fetichises,comsenz.com,826253,7436277,0.39,short
749,/root/bucket5/gorge-fetichises-short.mp4,9,gorge-fetichises,nbcnews.com,387563,3488067,0.21,short
749,/root/bucket5/gorge-fetichises-short.mp4,9,gorge-fetichises,unknown,2003,18027,0.25,short
749,/root/bucket5/gorge-fetichises-short.mp4,9,gorge-fetichises,ebay.co.uk,1500,13500,0.43,short
1603,/root/bucket5/gorge-fetichises-long.mp4,27,gorge-fetichises,comsenz.com,995382,26875314,0.22,long
1603,/root/bucket5/gorge-fetichises-long.mp4,27,gorge-fetichises,npr.org,146028,3942756,0.45,long
1603,/root/bucket5/gorge-fetichises-long.mp4,27,gorge-fetichises,usgs.gov,413338,11160126,0.16,long
1603,/root/bucket5/gorge-fetichises-long.mp4,27,gorge-fetichises,buzzfeed.com,771775,20837925,0.41,long
1603,/root/bucket5/gorge-fetichises-long.mp4,27,gorge-fetichises,foxnews.com,401106,10829862,0.45,long
1603,/root/bucket5/gorge-fetichises-long.mp4,27,gorge-fetichises,unknown,1506,40662,0.28,long
1640,/videos/2020-02-02/nonformal-matata-short.mp4,11,nonformal-matata,flavors.me,986623,10852853,0.31,short
1640,/videos/2020-02-02/nonformal-matata-short.mp4,11,nonformal-matata,meetup.com,483789,5321679,0.31,short
1640,/videos/2020-02-02/nonformal-matata-short.mp4,11,nonformal-matata,techcrunch.com,7453,81983,0.34,short
1640,/videos/2020-02-02/nonformal-matata-short.mp4,11,nonformal-matata,chron.com,644833,7093163,0.15,short
1640,/videos/2020-02-02/nonformal-matata-short.mp4,11,nonformal-matata,harvard.edu,836926,9206186,0.41,short
1411,/videos/2020-02-01/nonformal-matata-long.mp4,38,nonformal-matata,springer.com,452374,17190212,0.2,long
1411,/videos/2020-02-01/nonformal-matata-long.mp4,38,nonformal-matata,ebay.co.uk,1501,57038,0.32,long
1411,/videos/2020-02-01/nonformal-matata-long.mp4,38,nonformal-matata,ebay.co.uk,1503,57114,0.4,long
1411,/videos/2020-02-01/nonformal-matata-long.mp4,38,nonformal-matata,joomla.org,762934,28991492,0.45,long
1411,/videos/2020-02-01/nonformal-matata-long.mp4,38,nonformal-matata,skype.com,802696,30502448,0.26,long
1541,/videos/2020-02-03/bejading-coppiced-short.mp4,9,bejading-coppiced,unknown,601406,5412654,0.15,short
1541,/videos/2020-02-03/bejading-coppiced-short.mp4,9,bejading-coppiced,blog.com,1494,13446,0.35,short
1541,/videos/2020-02-03/bejading-coppiced-short.mp4,9,bejading-coppiced,unknown,734838,6613542,0.41,short
1541,/videos/2020-02-03/bejading-coppiced-short.mp4,9,bejading-coppiced,ebay.co.uk,1506,13554,0.39,short
1541,/videos/2020-02-03/bejading-coppiced-short.mp4,9,bejading-coppiced,yale.edu,1507,13563,0.1,short
1541,/videos/2020-02-03/bejading-coppiced-short.mp4,9,bejading-coppiced,comcast.net,945684,8511156,0.39,short
1541,/videos/2020-02-03/bejading-coppiced-short.mp4,9,bejading-coppiced,unknown,2010,18090,0.3,short
1541,/videos/2020-02-03/bejading-coppiced-short.mp4,9,bejading-coppiced,unknown,1510,13590,0.5,short
1541,/videos/2020-02-03/bejading-coppiced-short.mp4,9,bejading-coppiced,yale.edu,523816,4714344,0.21,short
1541,/videos/2020-02-03/bejading-coppiced-short.mp4,9,bejading-coppiced,fc2.com,446676,4020084,0.13,short
1086,/root/bucket3/bejading-coppiced-long.mp4,60,bejading-coppiced,unknown,521930,31315800,0.39,long
1086,/root/bucket3/bejading-coppiced-long.mp4,60,bejading-coppiced,csmonitor.com,825987,49559220,0.15,long
1086,/root/bucket3/bejading-coppiced-long.mp4,60,bejading-coppiced,ebay.co.uk,1502,90120,0.19,long
1086,/root/bucket3/bejading-coppiced-long.mp4,60,bejading-coppiced,springer.com,178486,10709160,0.28,long
1086,/root/bucket3/bejading-coppiced-long.mp4,60,bejading-coppiced,blog.com,1497,89820,0.37,long
1654,/videos/2020-02-04/autotoxaemias-catabolised-short.mp4,23,autotoxaemias-catabolised,elegantthemes.com,42786,984078,0.15,short
1654,/videos/2020-02-04/autotoxaemias-catabolised-short.mp4,23,autotoxaemias-catabolised,netvibes.com,505239,11620497,0.44,short
1654,/videos/2020-02-04/autotoxaemias-catabolised-short.mp4,23,autotoxaemias-catabolised,nature.com,921436,21193028,0.49,short
1654,/videos/2020-02-04/autotoxaemias-catabolised-short.mp4,23,autotoxaemias-catabolised,blog.com,1503,34569,0.17,short
1786,/root/bucket5/autotoxaemias-catabolised-long.mp4,32,autotoxaemias-catabolised,yale.edu,1494,47808,0.29,long
1786,/root/bucket5/autotoxaemias-catabolised-long.mp4,32,autotoxaemias-catabolised,unknown,836466,26766912,0.16,long
1786,/root/bucket5/autotoxaemias-catabolised-long.mp4,32,autotoxaemias-catabolised,unknown,1510,48320,0.25,long
23,/root/bucket4/schnozzle-foes-short.mp4,9,schnozzle-foes,yale.edu,1505,13545,0.46,short
23,/root/bucket4/schnozzle-foes-short.mp4,9,schnozzle-foes,unknown,1512,13608,0.2,short
23,/root/bucket4/schnozzle-foes-short.mp4,9,schnozzle-foes,usgs.gov,416630,3749670,0.42,short
23,/root/bucket4/schnozzle-foes-short.mp4,9,schnozzle-foes,unknown,77729,699561,0.34,short
677,/root/bucket5/schnozzle-foes-long.mp4,39,schnozzle-foes,blogtalkradio.com,912969,35605791,0.49,long
677,/root/bucket5/schnozzle-foes-long.mp4,39,schnozzle-foes,issuu.com,477725,18631275,0.14,long
677,/root/bucket5/schnozzle-foes-long.mp4,39,schnozzle-foes,patch.com,785264,30625296,0.47,long
1416,/videos/2020-02-04/tondos-hirple-short.mp4,23,tondos-hirple,ebay.co.uk,1508,34684,0.34,short
1416,/videos/2020-02-04/tondos-hirple-short.mp4,23,tondos-hirple,prnewswire.com,278685,6409755,0.36,short
1120,/root/bucket2/tondos-hirple-long.mp4,60,tondos-hirple,state.gov,179258,10755480,0.42,long
1120,/root/bucket2/tondos-hirple-long.mp4,60,tondos-hirple,unknown,1509,90540,0.31,long
1120,/root/bucket2/tondos-hirple-long.mp4,60,tondos-hirple,blog.com,1497,89820,0.36,long
1120,/root/bucket2/tondos-hirple-long.mp4,60,tondos-hirple,buzzfeed.com,238812,14328720,0.3,long
1816,/root/bucket5/rhytinas-disseised-short.mp4,21,rhytinas-disseised,washington.edu,379584,7971264,0.22,short
1816,/root/bucket5/rhytinas-disseised-short.mp4,21,rhytinas-disseised,unknown,2002,42042,0.12,short
1192,/root/bucket5/rhytinas-disseised-long.mp4,26,rhytinas-disseised,livejournal.com,806913,20979738,0.13,long
1192,/root/bucket5/rhytinas-disseised-long.mp4,26,rhytinas-disseised,twitter.com,136866,3558516,0.3,long
1192,/root/bucket5/rhytinas-disseised-long.mp4,26,rhytinas-disseised,dion.ne.jp,863634,22454484,0.25,long
801,/root/bucket5/voyeuristically-nosedove-short.mp4,12,voyeuristically-nosedove,joomla.org,814625,9775500,0.41,short
801,/root/bucket5/voyeuristically-nosedove-short.mp4,12,voyeuristically-nosedove,google.nl,65463,785556,0.33,short
1931,/root/bucket3/voyeuristically-nosedove-long.mp4,33,voyeuristically-nosedove,slate.com,49069,1619277,0.26,long
1931,/root/bucket3/voyeuristically-nosedove-long.mp4,33,voyeuristically-nosedove,blog.com,1497,49401,0.42,long
1931,/root/bucket3/voyeuristically-nosedove-long.mp4,33,voyeuristically-nosedove,google.fr,993011,32769363,0.23,long
1435,/media/effulgence-deckers-short.mp4,10,effulgence-deckers,purevolume.com,325523,3255230,0.18,short
1096,/videos/2020-02-03/effulgence-deckers-long.mp4,28,effulgence-deckers,skype.com,107329,3005212,0.45,long
1096,/videos/2020-02-03/effulgence-deckers-long.mp4,28,effulgence-deckers,blog.com,1500,42000,0.11,long
1529,/root/bucket5/poitins-conservers-short.mp4,12,poitins-conservers,unknown,1506,18072,0.22,short
850,/videos/2020-02-01/poitins-conservers-long.mp4,39,poitins-conservers,unknown,2005,78195,0.38,long
877,/videos/2020-02-04/nitchie-racketiest-short.mp4,12,nitchie-racketiest,blog.com,1504,18048,0.37,short
877,/videos/2020-02-04/nitchie-racketiest-short.mp4,12,nitchie-racketiest,nbcnews.com,580298,6963576,0.42,short
877,/videos/2020-02-04/nitchie-racketiest-short.mp4,12,nitchie-racketiest,unicef.org,175853,2110236,0.33,short
1127,/videos/2020-02-04/nitchie-racketiest-long.mp4,31,nitchie-racketiest,free13runpool.com,477991,14817721,0.28,long
1127,/videos/2020-02-04/nitchie-racketiest-long.mp4,31,nitchie-racketiest,wiley.com,181801,5635831,0.19,long
1127,/videos/2020-02-04/nitchie-racketiest-long.mp4,31,nitchie-racketiest,netvibes.com,634339,19664509,0.3,long
1127,/videos/2020-02-04/nitchie-racketiest-long.mp4,31,nitchie-racketiest,unknown,403238,12500378,0.26,long
1342,/videos/2020-02-02/sprain-waistlines-short.mp4,20,sprain-waistlines,exblog.jp,711308,14226160,0.34,short
1342,/videos/2020-02-02/sprain-waistlines-short.mp4,20,sprain-waistlines,slate.com,699041,13980820,0.25,short
1342,/videos/2020-02-02/sprain-waistlines-short.mp4,20,sprain-waistlines,yale.edu,1501,30020,0.13,short
1342,/videos/2020-02-02/sprain-waistlines-short.mp4,20,sprain-waistlines,unknown,1512,30240,0.2,short
442,/root/bucket4/sprain-waistlines-long.mp4,28,sprain-waistlines,artisteer.com,501849,14051772,0.26,long
1881,/media/shittier-catechist-short.mp4,13,shittier-catechist,unknown,1996,25948,0.46,short
1461,/videos/2020-02-02/shittier-catechist-long.mp4,27,shittier-catechist,prnewswire.com,869871,23486517,0.25,long
1504,/videos/2020-02-01/magnesia-knurrs-long.mp4,42,magnesia-knurrs,unknown,1997,83874,0.12,long
1504,/videos/2020-02-01/magnesia-knurrs-long.mp4,42,magnesia-knurrs,unknown,747779,31406718,0.41,long
1784,/videos/2020-02-01/gerenuks-clonk-short.mp4,9,gerenuks-clonk,yale.edu,1503,13527,0.47,short
1784,/videos/2020-02-01/gerenuks-clonk-short.mp4,9,gerenuks-clonk,goo.ne.jp,557402,5016618,0.35,short
1784,/videos/2020-02-01/gerenuks-clonk-short.mp4,9,gerenuks-clonk,unknown,1513,13617,0.41,short
1784,/videos/2020-02-01/gerenuks-clonk-short.mp4,9,gerenuks-clonk,purevolume.com,39766,357894,0.42,short
1872,/root/bucket4/gerenuks-clonk-long.mp4,60,gerenuks-clonk,artisteer.com,769141,46148460,0.23,long
1872,/root/bucket4/gerenuks-clonk-long.mp4,60,gerenuks-clonk,washington.edu,650349,39020940,0.4,long
1872,/root/bucket4/gerenuks-clonk-long.mp4,60,gerenuks-clonk,unknown,1510,90600,0.42,long
513,/videos/2020-02-04/nettlelike-uncivilnesses-long.mp4,28,nettlelike-uncivilnesses,fc2.com,668352,18713856,0.24,long
513,/videos/2020-02-04/nettlelike-uncivilnesses-long.mp4,28,nettlelike-uncivilnesses,unknown,2003,56084,0.5,long
657,/root/bucket4/scissiparities-mesognathisms-short.mp4,6,scissiparities-mesognathisms,artisteer.com,363155,2178930,0.43,short
1857,/root/bucket3/scissiparities-mesognathisms-long.mp4,42,scissiparities-mesognathisms,jalbum.net,811752,34093584,0.26,long
1128,/media/sensei-disfranchise-short.mp4,7,sensei-disfranchise,unknown,1509,10563,0.32,short
1128,/media/sensei-disfranchise-short.mp4,7,sensei-disfranchise,macromedia.com,330388,2312716,0.25,short
1128,/media/sensei-disfranchise-short.mp4,7,sensei-disfranchise,blog.com,1499,10493,0.19,short
157,/videos/2020-02-01/sensei-disfranchise-long.mp4,41,sensei-disfranchise,yale.edu,1500,61500,0.35,long
157,/videos/2020-02-01/sensei-disfranchise-long.mp4,41,sensei-disfranchise,thetimes.co.uk,190596,7814436,0.48,long
157,/videos/2020-02-01/sensei-disfranchise-long.mp4,41,sensei-disfranchise,yale.edu,1502,61582,0.22,long
1136,/videos/2020-02-01/sabir-straitwaistcoat-short.mp4,16,sabir-straitwaistcoat,flavors.me,486230,7779680,0.46,short
1136,/videos/2020-02-01/sabir-straitwaistcoat-short.mp4,16,sabir-straitwaistcoat,storify.com,758874,12141984,0.22,short
1136,/videos/2020-02-01/sabir-straitwaistcoat-short.mp4,16,sabir-straitwaistcoat,unknown,294483,4711728,0.14,short
1407,/root/bucket4/sabir-straitwaistcoat-long.mp4,50,sabir-straitwaistcoat,phoca.cz,555965,27798250,0.44,long
1407,/root/bucket4/sabir-straitwaistcoat-long.mp4,50,sabir-straitwaistcoat,drupal.org,157684,7884200,0.49,long
1407,/root/bucket4/sabir-straitwaistcoat-long.mp4,50,sabir-straitwaistcoat,mayoclinic.com,738295,36914750,0.22,long
1407,/root/bucket4/sabir-straitwaistcoat-long.mp4,50,sabir-straitwaistcoat,netvibes.com,274472,13723600,0.4,long
1407,/root/bucket4/sabir-straitwaistcoat-long.mp4,50,sabir-straitwaistcoat,springer.com,406072,20303600,0.22,long
1046,/media/unequitable-seismometer-short.mp4,20,unequitable-seismometer,yale.edu,1499,29980,0.26,short
1046,/media/unequitable-seismometer-short.mp4,20,unequitable-seismometer,free13runpool.com,797149,15942980,0.21,short
1046,/media/unequitable-seismometer-short.mp4,20,unequitable-seismometer,joomla.org,843035,16860700,0.14,short
1055,/root/bucket5/unequitable-seismometer-long.mp4,35,unequitable-seismometer,prnewswire.com,497215,17402525,0.49,long
1055,/root/bucket5/unequitable-seismometer-long.mp4,35,unequitable-seismometer,google.nl,915136,32029760,0.15,long
379,/root/bucket3/pokerish-happenstance-short.mp4,30,pokerish-happenstance,archive.org,776916,23307480,0.12,short
379,/root/bucket3/pokerish-happenstance-short.mp4,30,pokerish-happenstance,prnewswire.com,333184,9995520,0.38,short
1819,/videos/2020-02-04/pokerish-happenstance-long.mp4,55,pokerish-happenstance,shinystat.com,232011,12760605,0.22,long
1819,/videos/2020-02-04/pokerish-happenstance-long.mp4,55,pokerish-happenstance,auda.org.au,938854,51636970,0.35,long
1819,/videos/2020-02-04/pokerish-happenstance-long.mp4,55,pokerish-happenstance,scribd.com,564830,31065650,0.11,long
1592,/videos/2020-02-02/redhanded-flustery-short.mp4,11,redhanded-flustery,blog.com,1499,16489,0.12,short
1592,/videos/2020-02-02/redhanded-flustery-short.mp4,11,redhanded-flustery,unknown,35355,388905,0.37,short
742,/videos/2020-02-03/redhanded-flustery-long.mp4,44,redhanded-flustery,macromedia.com,294970,12978680,0.36,long
742,/videos/2020-02-03/redhanded-flustery-long.mp4,44,redhanded-flustery,yale.edu,1498,65912,0.36,long
637,/videos/2020-02-02/subordinal-blissing-short.mp4,22,subordinal-blissing,reddit.com,471951,10382922,0.36,short
637,/videos/2020-02-02/subordinal-blissing-short.mp4,22,subordinal-blissing,sourceforge.net,285242,6275324,0.48,short
1474,/root/bucket4/subordinal-blissing-long.mp4,53,subordinal-blissing,ebay.co.uk,1498,79394,0.36,long
1474,/root/bucket4/subordinal-blissing-long.mp4,53,subordinal-blissing,unknown,1514,80242,0.25,long
1474,/root/bucket4/subordinal-blissing-long.mp4,53,subordinal-blissing,angelfire.com,232227,12308031,0.11,long
592,/root/bucket2/orielled-cosign-short.mp4,25,orielled-cosign,unknown,1510,37750,0.47,short
592,/root/bucket2/orielled-cosign-short.mp4,25,orielled-cosign,ebay.co.uk,1498,37450,0.23,short
1843,/videos/2020-02-04/toluate-cardialgic-short.mp4,27,toluate-cardialgic,usnews.com,824883,22271841,0.36,short
1843,/videos/2020-02-04/toluate-cardialgic-short.mp4,27,toluate-cardialgic,blog.com,1500,40500,0.1,short
1843,/videos/2020-02-04/toluate-cardialgic-short.mp4,27,toluate-cardialgic,livejournal.com,285657,7712739,0.17,short
1843,/videos/2020-02-04/toluate-cardialgic-short.mp4,27,toluate-cardialgic,yale.edu,1500,40500,0.19,short
1843,/videos/2020-02-04/toluate-cardialgic-short.mp4,27,toluate-cardialgic,yolasite.com,404700,10926900,0.23,short
1843,/videos/2020-02-04/toluate-cardialgic-short.mp4,27,toluate-cardialgic,java.com,270073,7291971,0.29,short
845,/root/bucket1/toluate-cardialgic-long.mp4,47,toluate-cardialgic,csmonitor.com,605071,28438337,0.29,long
845,/root/bucket1/toluate-cardialgic-long.mp4,47,toluate-cardialgic,github.com,295712,13898464,0.42,long
855,/videos/2020-02-03/rachiotomies-valvelet-short.mp4,9,rachiotomies-valvelet,thetimes.co.uk,481742,4335678,0.15,short
855,/videos/2020-02-03/rachiotomies-valvelet-short.mp4,9,rachiotomies-valvelet,unknown,1507,13563,0.11,short
855,/videos/2020-02-03/rachiotomies-valvelet-short.mp4,9,rachiotomies-valvelet,github.com,663110,5967990,0.4,short
855,/videos/2020-02-03/rachiotomies-valvelet-short.mp4,9,rachiotomies-valvelet,jalbum.net,954316,8588844,0.23,short
855,/videos/2020-02-03/rachiotomies-valvelet-short.mp4,9,rachiotomies-valvelet,blog.com,1499,13491,0.42,short
405,/videos/2020-02-03/rachiotomies-valvelet-long.mp4,36,rachiotomies-valvelet,unknown,313083,11270988,0.48,long
405,/videos/2020-02-03/rachiotomies-valvelet-long.mp4,36,rachiotomies-valvelet,hhs.gov,830282,29890152,0.43,long
405,/videos/2020-02-03/rachiotomies-valvelet-long.mp4,36,rachiotomies-valvelet,unknown,470835,16950060,0.16,long
405,/videos/2020-02-03/rachiotomies-valvelet-long.mp4,36,rachiotomies-valvelet,yale.edu,1501,54036,0.11,long
391,/videos/2020-02-01/deflagrates-respot-short.mp4,16,deflagrates-respot,auda.org.au,290132,4642112,0.1,short
391,/videos/2020-02-01/deflagrates-respot-short.mp4,16,deflagrates-respot,meetup.com,116155,1858480,0.15,short
85,/root/bucket3/deflagrates-respot-long.mp4,50,deflagrates-respot,issuu.com,880871,44043550,0.2,long
85,/root/bucket3/deflagrates-respot-long.mp4,50,deflagrates-respot,seattletimes.com,521442,26072100,0.23,long
85,/root/bucket3/deflagrates-respot-long.mp4,50,deflagrates-respot,unknown,871766,43588300,0.16,long
999,/root/bucket4/sanitising-rechanging-short.mp4,19,sanitising-rechanging,unknown,218963,4160297,0.5,short
544,/root/bucket5/sanitising-rechanging-long.mp4,34,sanitising-rechanging,unknown,885202,30096868,0.19,long
544,/root/bucket5/sanitising-rechanging-long.mp4,34,sanitising-rechanging,blog.com,1497,50898,0.45,long
544,/root/bucket5/sanitising-rechanging-long.mp4,34,sanitising-rechanging,springer.com,585575,19909550,0.35,long
580,/videos/2020-02-03/lymphoadenomata-lunula-short.mp4,12,lymphoadenomata-lunula,seattletimes.com,24013,288156,0.39,short
580,/videos/2020-02-03/lymphoadenomata-lunula-short.mp4,12,lymphoadenomata-lunula,purevolume.com,568052,6816624,0.47,short
580,/videos/2020-02-03/lymphoadenomata-lunula-short.mp4,12,lymphoadenomata-lunula,comcast.net,889804,10677648,0.18,short
1189,/root/bucket1/lymphoadenomata-lunula-long.mp4,53,lymphoadenomata-lunula,usgs.gov,545689,28921517,0.15,long
615,/root/bucket4/zobu-qualmy-short.mp4,8,zobu-qualmy,fc2.com,537359,4298872,0.12,short
615,/root/bucket4/zobu-qualmy-short.mp4,8,zobu-qualmy,ebay.co.uk,1499,11992,0.28,short
1935,/media/thyristor-unrefreshed-short.mp4,24,thyristor-unrefreshed,yale.edu,1501,36024,0.46,short
1935,/media/thyristor-unrefreshed-short.mp4,24,thyristor-unrefreshed,chron.com,60917,1462008,0.38,short
1057,/root/bucket4/thyristor-unrefreshed-long.mp4,57,thyristor-unrefreshed,unknown,1511,86127,0.29,long
1057,/root/bucket4/thyristor-unrefreshed-long.mp4,57,thyristor-unrefreshed,free13runpool.com,64926,3700782,0.32,long
1057,/root/bucket4/thyristor-unrefreshed-long.mp4,57,thyristor-unrefreshed,yale.edu,556380,31713660,0.24,long
1057,/root/bucket4/thyristor-unrefreshed-long.mp4,57,thyristor-unrefreshed,github.com,799544,45574008,0.48,long
1057,/root/bucket4/thyristor-unrefreshed-long.mp4,57,thyristor-unrefreshed,yale.edu,1495,85215,0.18,long
632,/root/bucket1/divagates-skyscape-short.mp4,29,divagates-skyscape,yale.edu,1498,43442,0.25,short
632,/root/bucket1/divagates-skyscape-short.mp4,29,divagates-skyscape,wiley.com,945849,27429621,0.19,short
632,/root/bucket1/divagates-skyscape-short.mp4,29,divagates-skyscape,yale.edu,1501,43529,0.29,short
632,/root/bucket1/divagates-skyscape-short.mp4,29,divagates-skyscape,mayoclinic.com,670038,19431102,0.22,short
632,/root/bucket1/divagates-skyscape-short.mp4,29,divagates-skyscape,goo.ne.jp,676015,19604435,0.47,short
1560,/root/bucket2/divagates-skyscape-long.mp4,49,divagates-skyscape,patch.com,781692,38302908,0.2,long
1560,/root/bucket2/divagates-skyscape-long.mp4,49,divagates-skyscape,blog.com,1503,73647,0.4,long
1560,/root/bucket2/divagates-skyscape-long.mp4,49,divagates-skyscape,blog.com,1503,73647,0.32,long
1560,/root/bucket2/divagates-skyscape-long.mp4,49,divagates-skyscape,unknown,93151,4564399,0.31,long
1560,/root/bucket2/divagates-skyscape-long.mp4,49,divagates-skyscape,ebay.co.uk,1505,73745,0.19,long
1742,/root/bucket5/foliages-edifices-short.mp4,28,foliages-edifices,unknown,1511,42308,0.36,short
1742,/root/bucket5/foliages-edifices-short.mp4,28,foliages-edifices,dailymotion.com,149960,4198880,0.48,short
1742,/root/bucket5/foliages-edifices-short.mp4,28,foliages-edifices,moonfruit.com,234057,6553596,0.12,short
1742,/root/bucket5/foliages-edifices-short.mp4,28,foliages-edifices,patch.com,390166,10924648,0.26,short
1742,/root/bucket5/foliages-edifices-short.mp4,28,foliages-edifices,topsy.com,167307,4684596,0.18,short
1568,/root/bucket2/foliages-edifices-long.mp4,27,foliages-edifices,ebay.co.uk,1502,40554,0.33,long
1568,/root/bucket2/foliages-edifices-long.mp4,27,foliages-edifices,foxnews.com,401470,10839690,0.49,long
1568,/root/bucket2/foliages-edifices-long.mp4,27,foliages-edifices,prnewswire.com,884943,23893461,0.26,long
1568,/root/bucket2/foliages-edifices-long.mp4,27,foliages-edifices,shinystat.com,934093,25220511,0.31,long
1568,/root/bucket2/foliages-edifices-long.mp4,27,foliages-edifices,unknown,2001,54027,0.34,long
655,/videos/2020-02-01/electrofishings-copylefts-short.mp4,25,electrofishings-copylefts,unknown,646047,16151175,0.47,short
655,/videos/2020-02-01/electrofishings-copylefts-short.mp4,25,electrofishings-copylefts,so-net.ne.jp,76719,1917975,0.16,short
655,/videos/2020-02-01/electrofishings-copylefts-short.mp4,25,electrofishings-copylefts,meetup.com,138986,3474650,0.27,short
655,/videos/2020-02-01/electrofishings-copylefts-short.mp4,25,electrofishings-copylefts,csmonitor.com,1294,32350,0.29,short
655,/videos/2020-02-01/electrofishings-copylefts-short.mp4,25,electrofishings-copylefts,wufoo.com,794140,19853500,0.42,short
1348,/videos/2020-02-02/electrofishings-copylefts-long.mp4,25,electrofishings-copylefts,prnewswire.com,166317,4157925,0.47,long
1348,/videos/2020-02-02/electrofishings-copylefts-long.mp4,25,electrofishings-copylefts,yale.edu,1502,37550,0.26,long
1348,/videos/2020-02-02/electrofishings-copylefts-long.mp4,25,electrofishings-copylefts,studiopress.com,654158,16353950,0.38,long
1348,/videos/2020-02-02/electrofishings-copylefts-long.mp4,25,electrofishings-copylefts,webs.com,913137,22828425,0.44,long
1775,/root/bucket5/emoter-bandoneons-short.mp4,30,emoter-bandoneons,ebay.co.uk,1503,45090,0.35,short
1775,/root/bucket5/emoter-bandoneons-short.mp4,30,emoter-bandoneons,springer.com,846296,25388880,0.38,short
1775,/root/bucket5/emoter-bandoneons-short.mp4,30,emoter-bandoneons,yale.edu,1495,44850,0.17,short
1261,/media/emoter-bandoneons-long.mp4,40,emoter-bandoneons,icio.us,699371,27974840,0.43,long
1261,/media/emoter-bandoneons-long.mp4,40,emoter-bandoneons,ebay.co.uk,1498,59920,0.44,long
1261,/media/emoter-bandoneons-long.mp4,40,emoter-bandoneons,unknown,1997,79880,0.13,long
1261,/media/emoter-bandoneons-long.mp4,40,emoter-bandoneons,icio.us,623569,24942760,0.19,long
556,/videos/2020-02-02/biguanides-concertantes-short.mp4,26,biguanides-concertantes,epa.gov,204277,5311202,0.33,short
556,/videos/2020-02-02/biguanides-concertantes-short.mp4,26,biguanides-concertantes,fc2.com,984062,25585612,0.45,short
556,/videos/2020-02-02/biguanides-concertantes-short.mp4,26,biguanides-concertantes,yale.edu,1502,39052,0.23,short
556,/videos/2020-02-02/biguanides-concertantes-short.mp4,26,biguanides-concertantes,unknown,1510,39260,0.31,short
556,/videos/2020-02-02/biguanides-concertantes-short.mp4,26,biguanides-concertantes,ebay.co.uk,1504,39104,0.16,short
1403,/root/bucket2/biguanides-concertantes-long.mp4,35,biguanides-concertantes,archive.org,121713,4259955,0.16,long
1403,/root/bucket2/biguanides-concertantes-long.mp4,35,biguanides-concertantes,unknown,71534,2503690,0.2,long
1403,/root/bucket2/biguanides-concertantes-long.mp4,35,biguanides-concertantes,purevolume.com,802782,28097370,0.33,long
1403,/root/bucket2/biguanides-concertantes-long.mp4,35,biguanides-concertantes,unknown,2001,70035,0.5,long
1169,/root/bucket1/locomotion-predefining-short.mp4,16,locomotion-predefining,yale.edu,1498,23968,0.42,short
1169,/root/bucket1/locomotion-predefining-short.mp4,16,locomotion-predefining,yale.edu,1497,23952,0.29,short
1169,/root/bucket1/locomotion-predefining-short.mp4,16,locomotion-predefining,sciencedaily.com,914172,14626752,0.43,short
390,/root/bucket4/locomotion-predefining-long.mp4,36,locomotion-predefining,fc2.com,507121,18256356,0.49,long
390,/root/bucket4/locomotion-predefining-long.mp4,36,locomotion-predefining,ebay.co.uk,1505,54180,0.4,long
390,/root/bucket4/locomotion-predefining-long.mp4,36,locomotion-predefining,yale.edu,1503,54108,0.27,long
390,/root/bucket4/locomotion-predefining-long.mp4,36,locomotion-predefining,ebay.co.uk,1503,54108,0.41,long
390,/root/bucket4/locomotion-predefining-long.mp4,36,locomotion-predefining,yale.edu,199549,7183764,0.46,long
691,/videos/2020-02-03/ulna-hemopoieses-short.mp4,16,ulna-hemopoieses,cafepress.com,579244,9267904,0.3,short
691,/videos/2020-02-03/ulna-hemopoieses-short.mp4,16,ulna-hemopoieses,yale.edu,1501,24016,0.22,short
691,/videos/2020-02-03/ulna-hemopoieses-short.mp4,16,ulna-hemopoieses,fc2.com,846057,13536912,0.38,short
691,/videos/2020-02-03/ulna-hemopoieses-short.mp4,16,ulna-hemopoieses,unknown,699579,11193264,0.34,short
1768,/videos/2020-02-04/ulna-hemopoieses-long.mp4,27,ulna-hemopoieses,yale.edu,1502,40554,0.36,long
1768,/videos/2020-02-04/ulna-hemopoieses-long.mp4,27,ulna-hemopoieses,spotify.com,293214,7916778,0.31,long
1372,/root/bucket4/parabiotic-rebalanced-short.mp4,22,parabiotic-rebalanced,unknown,434639,9562058,0.36,short
50,/root/bucket3/parabiotic-rebalanced-long.mp4,57,parabiotic-rebalanced,unknown,1515,86355,0.47,long
50,/root/bucket3/parabiotic-rebalanced-long.mp4,57,parabiotic-rebalanced,blogtalkradio.com,585562,33377034,0.45,long
50,/root/bucket3/parabiotic-rebalanced-long.mp4,57,parabiotic-rebalanced,unknown,510085,29074845,0.28,long
50,/root/bucket3/parabiotic-rebalanced-long.mp4,57,parabiotic-rebalanced,harvard.edu,444170,25317690,0.24,long
810,/videos/2020-02-04/spring-transfixions-short.mp4,16,spring-transfixions,unknown,310134,4962144,0.15,short
810,/videos/2020-02-04/spring-transfixions-short.mp4,16,spring-transfixions,yale.edu,1498,23968,0.26,short
810,/videos/2020-02-04/spring-transfixions-short.mp4,16,spring-transfixions,nature.com,661594,10585504,0.44,short
810,/videos/2020-02-04/spring-transfixions-short.mp4,16,spring-transfixions,wp.com,234011,3744176,0.41,short
732,/videos/2020-02-04/spring-transfixions-long.mp4,33,spring-transfixions,purevolume.com,571009,18843297,0.42,long
732,/videos/2020-02-04/spring-transfixions-long.mp4,33,spring-transfixions,odnoklassniki.ru,973357,32120781,0.32,long
1637,/root/bucket5/cyclodiene-grasshook-short.mp4,28,cyclodiene-grasshook,yale.edu,1495,41860,0.32,short
1637,/root/bucket5/cyclodiene-grasshook-short.mp4,28,cyclodiene-grasshook,yale.edu,1501,42028,0.45,short
669,/root/bucket3/cyclodiene-grasshook-long.mp4,44,cyclodiene-grasshook,unknown,1508,66352,0.3,long
644,/videos/2020-02-03/epicontinental-weedlike-short.mp4,20,epicontinental-weedlike,netvibes.com,969582,19391640,0.46,short
644,/videos/2020-02-03/epicontinental-weedlike-short.mp4,20,epicontinental-weedlike,mail.ru,43538,870760,0.32,short
644,/videos/2020-02-03/epicontinental-weedlike-short.mp4,20,epicontinental-weedlike,prnewswire.com,916858,18337160,0.19,short
238,/videos/2020-02-01/epicontinental-weedlike-long.mp4,54,epicontinental-weedlike,blog.com,1497,80838,0.1,long
238,/videos/2020-02-01/epicontinental-weedlike-long.mp4,54,epicontinental-weedlike,yale.edu,1500,81000,0.13,long
238,/videos/2020-02-01/epicontinental-weedlike-long.mp4,54,epicontinental-weedlike,reverbnation.com,362932,19598328,0.29,long
238,/videos/2020-02-01/epicontinental-weedlike-long.mp4,54,epicontinental-weedlike,ebay.co.uk,1501,81054,0.41,long
570,/media/amylic-leeze-short.mp4,16,amylic-leeze,artisteer.com,605388,9686208,0.3,short
570,/media/amylic-leeze-short.mp4,16,amylic-leeze,jigsy.com,446965,7151440,0.47,short
570,/media/amylic-leeze-short.mp4,16,amylic-leeze,wp.com,621177,9938832,0.14,short
187,/videos/2020-02-01/amylic-leeze-long.mp4,31,amylic-leeze,unknown,294361,9125191,0.41,long
187,/videos/2020-02-01/amylic-leeze-long.mp4,31,amylic-leeze,unknown,1507,46717,0.29,long
529,/root/bucket3/saccules-advening-short.mp4,28,saccules-advening,fc2.com,222148,6220144,0.19,short
529,/root/bucket3/saccules-advening-short.mp4,28,saccules-advening,icio.us,486987,13635636,0.33,short
529,/root/bucket3/saccules-advening-short.mp4,28,saccules-advening,unknown,1999,55972,0.46,short
529,/root/bucket3/saccules-advening-short.mp4,28,saccules-advening,de.vu,420796,11782288,0.41,short
529,/root/bucket3/saccules-advening-short.mp4,28,saccules-advening,yale.edu,1503,42084,0.19,short
529,/root/bucket3/saccules-advening-short.mp4,28,saccules-advening,netvibes.com,934199,26157572,0.38,short
201,/videos/2020-02-01/saccules-advening-long.mp4,25,saccules-advening,wp.com,430210,10755250,0.48,long
300,/root/bucket5/winchmen-overburn-short.mp4,12,winchmen-overburn,yale.edu,400909,4810908,0.11,short
300,/root/bucket5/winchmen-overburn-short.mp4,12,winchmen-overburn,epa.gov,424640,5095680,0.11,short
1601,/root/bucket2/winchmen-overburn-long.mp4,28,winchmen-overburn,ebay.co.uk,1501,42028,0.25,long
1601,/root/bucket2/winchmen-overburn-long.mp4,28,winchmen-overburn,blog.com,1496,41888,0.44,long
1601,/root/bucket2/winchmen-overburn-long.mp4,28,winchmen-overburn,phoca.cz,334575,9368100,0.29,long
1601,/root/bucket2/winchmen-overburn-long.mp4,28,winchmen-overburn,mail.ru,421413,11799564,0.41,long
1726,/videos/2020-02-03/constitutionalism-wourali-short.mp4,28,constitutionalism-wourali,unknown,1999,55972,0.26,short
1726,/videos/2020-02-03/constitutionalism-wourali-short.mp4,28,constitutionalism-wourali,storify.com,340644,9538032,0.19,short
1726,/videos/2020-02-03/constitutionalism-wourali-short.mp4,28,constitutionalism-wourali,sourceforge.net,270399,7571172,0.45,short
1526,/videos/2020-02-03/constitutionalism-wourali-long.mp4,49,constitutionalism-wourali,unknown,313149,15344301,0.14,long
1526,/videos/2020-02-03/constitutionalism-wourali-long.mp4,49,constitutionalism-wourali,mayoclinic.com,789200,38670800,0.43,long
1526,/videos/2020-02-03/constitutionalism-wourali-long.mp4,49,constitutionalism-wourali,studiopress.com,854346,41862954,0.28,long
1526,/videos/2020-02-03/constitutionalism-wourali-long.mp4,49,constitutionalism-wourali,yale.edu,1497,73353,0.25,long
1526,/videos/2020-02-03/constitutionalism-wourali-long.mp4,49,constitutionalism-wourali,meetup.com,334728,16401672,0.31,long
876,/root/bucket3/cheateries-bacchanalians-short.mp4,20,cheateries-bacchanalians,yale.edu,1502,30040,0.44,short
876,/root/bucket3/cheateries-bacchanalians-short.mp4,20,cheateries-bacchanalians,unknown,955466,19109320,0.43,short
876,/root/bucket3/cheateries-bacchanalians-short.mp4,20,cheateries-bacchanalians,unknown,975258,19505160,0.44,short
876,/root/bucket3/cheateries-bacchanalians-short.mp4,20,cheateries-bacchanalians,blog.com,1501,30020,0.39,short
1549,/root/bucket2/anthropomorphization-superadministrator-long.mp4,47,anthropomorphization-superadministrator,archive.org,813855,38251185,0.49,long
1035,/videos/2020-02-04/imbroccata-statelessness-short.mp4,24,imbroccata-statelessness,moonfruit.com,517163,12411912,0.47,short
1035,/videos/2020-02-04/imbroccata-statelessness-short.mp4,24,imbroccata-statelessness,exblog.jp,586483,14075592,0.47,short
1035,/videos/2020-02-04/imbroccata-statelessness-short.mp4,24,imbroccata-statelessness,delicious.com,721331,17311944,0.37,short
1001,/videos/2020-02-03/imbroccata-statelessness-long.mp4,58,imbroccata-statelessness,csmonitor.com,374325,21710850,0.44,long
1001,/videos/2020-02-03/imbroccata-statelessness-long.mp4,58,imbroccata-statelessness,redcross.org,139193,8073194,0.27,long
1001,/videos/2020-02-03/imbroccata-statelessness-long.mp4,58,imbroccata-statelessness,ebay.co.uk,1498,86884,0.27,long
1001,/videos/2020-02-03/imbroccata-statelessness-long.mp4,58,imbroccata-statelessness,ebay.co.uk,1502,87116,0.38,long
1344,/videos/2020-02-01/vaudevillian-justificators-short.mp4,6,vaudevillian-justificators,macromedia.com,804200,4825200,0.5,short
1344,/videos/2020-02-01/vaudevillian-justificators-short.mp4,6,vaudevillian-justificators,unknown,1519,9114,0.38,short
893,/root/bucket5/vaudevillian-justificators-long.mp4,53,vaudevillian-justificators,free13runpool.com,849407,45018571,0.35,long
893,/root/bucket5/vaudevillian-justificators-long.mp4,53,vaudevillian-justificators,storify.com,6859,363527,0.44,long
893,/root/bucket5/vaudevillian-justificators-long.mp4,53,vaudevillian-justificators,unknown,1511,80083,0.16,long
954,/root/bucket3/clepsydras-high-short.mp4,26,clepsydras-high,webs.com,765648,19906848,0.33,short
1686,/root/bucket3/clepsydras-high-long.mp4,38,clepsydras-high,slate.com,189869,7215022,0.28,long
1686,/root/bucket3/clepsydras-high-long.mp4,38,clepsydras-high,unknown,1994,75772,0.49,long
1686,/root/bucket3/clepsydras-high-long.mp4,38,clepsydras-high,elegantthemes.com,457930,17401340,0.25,long
1686,/root/bucket3/clepsydras-high-long.mp4,38,clepsydras-high,wufoo.com,244542,9292596,0.17,long
1686,/root/bucket3/clepsydras-high-long.mp4,38,clepsydras-high,blog.com,1498,56924,0.43,long
1686,/root/bucket3/clepsydras-high-long.mp4,38,clepsydras-high,yale.edu,1504,57152,0.33,long
1686,/root/bucket3/clepsydras-high-long.mp4,38,clepsydras-high,auda.org.au,635193,24137334,0.25,long
1686,/root/bucket3/clepsydras-high-long.mp4,38,clepsydras-high,unknown,718562,27305356,0.34,long
1292,/videos/2020-02-03/familiariser-fils-short.mp4,8,familiariser-fils,unknown,1510,12080,0.31,short
476,/videos/2020-02-02/familiariser-fils-long.mp4,36,familiariser-fils,delicious.com,976224,35144064,0.3,long
476,/videos/2020-02-02/familiariser-fils-long.mp4,36,familiariser-fils,msu.edu,658430,23703480,0.37,long
476,/videos/2020-02-02/familiariser-fils-long.mp4,36,familiariser-fils,comsenz.com,648429,23343444,0.15,long
1719,/root/bucket2/chrome-daylily-short.mp4,19,chrome-daylily,scribd.com,26935,511765,0.17,short
1719,/root/bucket2/chrome-daylily-short.mp4,19,chrome-daylily,npr.org,210961,4008259,0.28,short
1719,/root/bucket2/chrome-daylily-short.mp4,19,chrome-daylily,unknown,1997,37943,0.5,short
1719,/root/bucket2/chrome-daylily-short.mp4,19,chrome-daylily,nature.com,657820,12498580,0.28,short
1719,/root/bucket2/chrome-daylily-short.mp4,19,chrome-daylily,ebay.co.uk,1495,28405,0.27,short
1719,/root/bucket2/chrome-daylily-short.mp4,19,chrome-daylily,unknown,1512,28728,0.21,short
1957,/root/bucket1/chrome-daylily-long.mp4,47,chrome-daylily,harvard.edu,610540,28695380,0.41,long
1957,/root/bucket1/chrome-daylily-long.mp4,47,chrome-daylily,unknown,624277,29341019,0.49,long
1957,/root/bucket1/chrome-daylily-long.mp4,47,chrome-daylily,sciencedaily.com,927993,43615671,0.2,long
1694,/videos/2020-02-02/reexplored-motif-short.mp4,21,reexplored-motif,about.com,465732,9780372,0.3,short
1694,/videos/2020-02-02/reexplored-motif-short.mp4,21,reexplored-motif,blog.com,1495,31395,0.27,short
1694,/videos/2020-02-02/reexplored-motif-short.mp4,21,reexplored-motif,twitter.com,225482,4735122,0.45,short
1670,/root/bucket3/reexplored-motif-long.mp4,41,reexplored-motif,springer.com,564622,23149502,0.16,long
19,/videos/2020-02-01/budgeter-intravenous-short.mp4,5,budgeter-intravenous,ebay.co.uk,1508,7540,0.29,short
1233,/root/bucket4/budgeter-intravenous-long.mp4,33,budgeter-intravenous,java.com,358366,11826078,0.45,long
1233,/root/bucket4/budgeter-intravenous-long.mp4,33,budgeter-intravenous,dedecms.com,170899,5639667,0.14,long
1233,/root/bucket4/budgeter-intravenous-long.mp4,33,budgeter-intravenous,yale.edu,1501,49533,0.24,long
1233,/root/bucket4/budgeter-intravenous-long.mp4,33,budgeter-intravenous,blog.com,1503,49599,0.12,long
1354,/videos/2020-02-02/vitalise-particularizing-short.mp4,17,vitalise-particularizing,nymag.com,314114,5339938,0.25,short
1354,/videos/2020-02-02/vitalise-particularizing-short.mp4,17,vitalise-particularizing,so-net.ne.jp,44633,758761,0.11,short
1354,/videos/2020-02-02/vitalise-particularizing-short.mp4,17,vitalise-particularizing,ebay.co.uk,1498,25466,0.31,short
1589,/videos/2020-02-02/vitalise-particularizing-long.mp4,46,vitalise-particularizing,blogs.com,333534,15342564,0.17,long
1589,/videos/2020-02-02/vitalise-particularizing-long.mp4,46,vitalise-particularizing,simplemachines.org,701093,32250278,0.18,long
1589,/videos/2020-02-02/vitalise-particularizing-long.mp4,46,vitalise-particularizing,unknown,1512,69552,0.37,long
1589,/videos/2020-02-02/vitalise-particularizing-long.mp4,46,vitalise-particularizing,so-net.ne.jp,774168,35611728,0.3,long
1589,/videos/2020-02-02/vitalise-particularizing-long.mp4,46,vitalise-particularizing,nature.com,729609,33562014,0.33,long
84,/videos/2020-02-01/avizandums-gratulatory-short.mp4,30,avizandums-gratulatory,unknown,16519,495570,0.42,short
1351,/root/bucket1/avizandums-gratulatory-long.mp4,33,avizandums-gratulatory,drupal.org,514238,16969854,0.31,long
1027,/root/bucket3/stonecuttings-transferal-short.mp4,6,stonecuttings-transferal,unknown,235310,1411860,0.29,short
1767,/root/bucket3/stonecuttings-transferal-long.mp4,40,stonecuttings-transferal,artisteer.com,605588,24223520,0.16,long
1767,/root/bucket3/stonecuttings-transferal-long.mp4,40,stonecuttings-transferal,harvard.edu,261471,10458840,0.41,long
1767,/root/bucket3/stonecuttings-transferal-long.mp4,40,stonecuttings-transferal,dedecms.com,399989,15999560,0.13,long
1767,/root/bucket3/stonecuttings-transferal-long.mp4,40,stonecuttings-transferal,unknown,952434,38097360,0.44,long
1977,/root/bucket2/contrives-adjuror-short.mp4,17,contrives-adjuror,unknown,1510,25670,0.2,short
1977,/root/bucket2/contrives-adjuror-short.mp4,17,contrives-adjuror,unknown,94146,1600482,0.3,short
1977,/root/bucket2/contrives-adjuror-short.mp4,17,contrives-adjuror,auda.org.au,533769,9074073,0.5,short
1977,/root/bucket2/contrives-adjuror-short.mp4,17,contrives-adjuror,goo.ne.jp,348211,5919587,0.48,short
572,/videos/2020-02-03/contrives-adjuror-long.mp4,26,contrives-adjuror,unknown,725871,18872646,0.37,long
572,/videos/2020-02-03/contrives-adjuror-long.mp4,26,contrives-adjuror,storify.com,160710,4178460,0.22,long
1074,/root/bucket3/hyperparathyroidisms-panaritiums-short.mp4,14,hyperparathyroidisms-panaritiums,so-net.ne.jp,926462,12970468,0.37,short
1074,/root/bucket3/hyperparathyroidisms-panaritiums-short.mp4,14,hyperparathyroidisms-panaritiums,unknown,2000,28000,0.14,short
1074,/root/bucket3/hyperparathyroidisms-panaritiums-short.mp4,14,hyperparathyroidisms-panaritiums,unknown,1509,21126,0.48,short
1074,/root/bucket3/hyperparathyroidisms-panaritiums-short.mp4,14,hyperparathyroidisms-panaritiums,unknown,977062,13678868,0.45,short
1074,/root/bucket3/hyperparathyroidisms-panaritiums-short.mp4,14,hyperparathyroidisms-panaritiums,mail.ru,169648,2375072,0.29,short
1074,/root/bucket3/hyperparathyroidisms-panaritiums-short.mp4,14,hyperparathyroidisms-panaritiums,bbb.org,816081,11425134,0.39,short
1153,/root/bucket2/hyperparathyroidisms-panaritiums-long.mp4,30,hyperparathyroidisms-panaritiums,blog.com,1498,44940,0.35,long
1153,/root/bucket2/hyperparathyroidisms-panaritiums-long.mp4,30,hyperparathyroidisms-panaritiums,yale.edu,1501,45030,0.28,long
763,/videos/2020-02-02/specify-greatest-short.mp4,26,specify-greatest,unknown,1513,39338,0.34,short
763,/videos/2020-02-02/specify-greatest-short.mp4,26,specify-greatest,unknown,1511,39286,0.45,short
763,/videos/2020-02-02/specify-greatest-short.mp4,26,specify-greatest,patch.com,563732,14657032,0.29,short
1279,/videos/2020-02-03/specify-greatest-long.mp4,59,specify-greatest,blog.com,1501,88559,0.42,long
1279,/videos/2020-02-03/specify-greatest-long.mp4,59,specify-greatest,dion.ne.jp,381970,22536230,0.39,long
1279,/videos/2020-02-03/specify-greatest-long.mp4,59,specify-greatest,yale.edu,1502,88618,0.12,long
1279,/videos/2020-02-03/specify-greatest-long.mp4,59,specify-greatest,seattletimes.com,676394,39907246,0.44,long
1279,/videos/2020-02-03/specify-greatest-long.mp4,59,specify-greatest,blog.com,1501,88559,0.44,long
734,/root/bucket4/redbones-inapprehensible-short.mp4,25,redbones-inapprehensible,yale.edu,643529,16088225,0.25,short
724,/root/bucket2/redbones-inapprehensible-long.mp4,28,redbones-inapprehensible,blog.com,1503,42084,0.14,long
724,/root/bucket2/redbones-inapprehensible-long.mp4,28,redbones-inapprehensible,unknown,2004,56112,0.15,long
879,/videos/2020-02-04/effervesced-noddiest-short.mp4,17,effervesced-noddiest,twitter.com,556159,9454703,0.49,short
879,/videos/2020-02-04/effervesced-noddiest-short.mp4,17,effervesced-noddiest,delicious.com,534658,9089186,0.3,short
1642,/media/effervesced-noddiest-long.mp4,55,effervesced-noddiest,unknown,1509,82995,0.35,long
1642,/media/effervesced-noddiest-long.mp4,55,effervesced-noddiest,unknown,568156,31248580,0.3,long
1363,/videos/2020-02-01/panharmonicon-emulatively-short.mp4,26,panharmonicon-emulatively,goo.ne.jp,280911,7303686,0.12,short
1363,/videos/2020-02-01/panharmonicon-emulatively-short.mp4,26,panharmonicon-emulatively,moonfruit.com,246923,6419998,0.16,short
1959,/root/bucket1/panharmonicon-emulatively-long.mp4,53,panharmonicon-emulatively,blog.com,1499,79447,0.22,long
1959,/root/bucket1/panharmonicon-emulatively-long.mp4,53,panharmonicon-emulatively,spotify.com,521432,27635896,0.33,long
1959,/root/bucket1/panharmonicon-emulatively-long.mp4,53,panharmonicon-emulatively,blog.com,1505,79765,0.2,long
1175,/media/forcibility-cowtrees-short.mp4,9,forcibility-cowtrees,yale.edu,1499,13491,0.49,short
1175,/media/forcibility-cowtrees-short.mp4,9,forcibility-cowtrees,exblog.jp,867515,7807635,0.16,short
1175,/media/forcibility-cowtrees-short.mp4,9,forcibility-cowtrees,wufoo.com,121749,1095741,0.22,short
1175,/media/forcibility-cowtrees-short.mp4,9,forcibility-cowtrees,yale.edu,195299,1757691,0.43,short
1175,/media/forcibility-cowtrees-short.mp4,9,forcibility-cowtrees,unknown,1512,13608,0.24,short
56,/videos/2020-02-03/forcibility-cowtrees-long.mp4,30,forcibility-cowtrees,blog.com,1497,44910,0.29,long
56,/videos/2020-02-03/forcibility-cowtrees-long.mp4,30,forcibility-cowtrees,scribd.com,115226,3456780,0.47,long
56,/videos/2020-02-03/forcibility-cowtrees-long.mp4,30,forcibility-cowtrees,comsenz.com,257877,7736310,0.12,long
889,/videos/2020-02-02/urning-coffs-short.mp4,17,urning-coffs,unknown,1999,33983,0.47,short
889,/videos/2020-02-02/urning-coffs-short.mp4,17,urning-coffs,ebay.co.uk,1501,25517,0.5,short
889,/videos/2020-02-02/urning-coffs-short.mp4,17,urning-coffs,netvibes.com,909841,15467297,0.13,short
889,/videos/2020-02-02/urning-coffs-short.mp4,17,urning-coffs,blog.com,1500,25500,0.41,short
881,/videos/2020-02-01/urning-coffs-long.mp4,60,urning-coffs,unknown,1507,90420,0.33,long
881,/videos/2020-02-01/urning-coffs-long.mp4,60,urning-coffs,hhs.gov,317490,19049400,0.2,long
525,/videos/2020-02-02/duplicative-jirkinet-short.mp4,15,duplicative-jirkinet,blog.com,1499,22485,0.12,short
525,/videos/2020-02-02/duplicative-jirkinet-short.mp4,15,duplicative-jirkinet,macromedia.com,170284,2554260,0.43,short
525,/videos/2020-02-02/duplicative-jirkinet-short.mp4,15,duplicative-jirkinet,yale.edu,1500,22500,0.32,short
917,/media/duplicative-jirkinet-long.mp4,54,duplicative-jirkinet,unknown,1512,81648,0.43,long
917,/media/duplicative-jirkinet-long.mp4,54,duplicative-jirkinet,purevolume.com,580291,31335714,0.32,long
627,/root/bucket5/monogonies-gapeworm-short.mp4,21,monogonies-gapeworm,icio.us,774886,16272606,0.26,short
627,/root/bucket5/monogonies-gapeworm-short.mp4,21,monogonies-gapeworm,springer.com,633866,13311186,0.34,short
1993,/root/bucket4/monogonies-gapeworm-long.mp4,54,monogonies-gapeworm,multiply.com,839610,45338940,0.36,long
1993,/root/bucket4/monogonies-gapeworm-long.mp4,54,monogonies-gapeworm,earthlink.net,644233,34788582,0.22,long
1993,/root/bucket4/monogonies-gapeworm-long.mp4,54,monogonies-gapeworm,purevolume.com,576216,31115664,0.17,long
1993,/root/bucket4/monogonies-gapeworm-long.mp4,54,monogonies-gapeworm,zdnet.com,524027,28297458,0.43,long
389,/root/bucket2/sillier-beare-short.mp4,14,sillier-beare,unknown,962269,13471766,0.44,short
389,/root/bucket2/sillier-beare-short.mp4,14,sillier-beare,unknown,2000,28000,0.4,short
392,/videos/2020-02-03/sillier-beare-long.mp4,29,sillier-beare,drupal.org,474948,13773492,0.26,long
392,/videos/2020-02-03/sillier-beare-long.mp4,29,sillier-beare,unknown,860018,24940522,0.22,long
392,/videos/2020-02-03/sillier-beare-long.mp4,29,sillier-beare,moonfruit.com,30809,893461,0.25,long
1840,/videos/2020-02-01/tongues-dropping-short.mp4,24,tongues-dropping,drupal.org,799166,19179984,0.37,short
1840,/videos/2020-02-01/tongues-dropping-short.mp4,24,tongues-dropping,blog.com,1505,36120,0.23,short
189,/root/bucket1/legendized-placeholders-short.mp4,22,legendized-placeholders,unknown,1999,43978,0.37,short
189,/root/bucket1/legendized-placeholders-short.mp4,22,legendized-placeholders,unknown,1509,33198,0.22,short
189,/root/bucket1/legendized-placeholders-short.mp4,22,legendized-placeholders,un.org,174993,3849846,0.17,short
189,/root/bucket1/legendized-placeholders-short.mp4,22,legendized-placeholders,fc2.com,215186,4734092,0.44,short
189,/root/bucket1/legendized-placeholders-short.mp4,22,legendized-placeholders,blog.com,1500,33000,0.14,short
189,/root/bucket1/legendized-placeholders-short.mp4,22,legendized-placeholders,google.fr,28813,633886,0.27,short
189,/root/bucket1/legendized-placeholders-short.mp4,22,legendized-placeholders,sourceforge.net,343216,7550752,0.19,short
727,/root/bucket1/legendized-placeholders-long.mp4,33,legendized-placeholders,studiopress.com,477891,15770403,0.4,long
727,/root/bucket1/legendized-placeholders-long.mp4,33,legendized-placeholders,mayoclinic.com,793896,26198568,0.19,long
727,/root/bucket1/legendized-placeholders-long.mp4,33,legendized-placeholders,harvard.edu,383036,12640188,0.15,long
727,/root/bucket1/legendized-placeholders-long.mp4,33,legendized-placeholders,unknown,488684,16126572,0.46,long
1880,/root/bucket3/glibnesses-peccavi-short.mp4,13,glibnesses-peccavi,bbb.org,524336,6816368,0.12,short
1880,/root/bucket3/glibnesses-peccavi-short.mp4,13,glibnesses-peccavi,discovery.com,522339,6790407,0.48,short
1880,/root/bucket3/glibnesses-peccavi-short.mp4,13,glibnesses-peccavi,unknown,52007,676091,0.3,short
1410,/videos/2020-02-02/glibnesses-peccavi-long.mp4,43,glibnesses-peccavi,unknown,1514,65102,0.15,long
1410,/videos/2020-02-02/glibnesses-peccavi-long.mp4,43,glibnesses-peccavi,washington.edu,14416,619888,0.49,long
1410,/videos/2020-02-02/glibnesses-peccavi-long.mp4,43,glibnesses-peccavi,purevolume.com,579362,24912566,0.21,long
1410,/videos/2020-02-02/glibnesses-peccavi-long.mp4,43,glibnesses-peccavi,storify.com,504367,21687781,0.29,long
331,/media/snippily-foresee-short.mp4,28,snippily-foresee,yale.edu,1501,42028,0.27,short
331,/media/snippily-foresee-short.mp4,28,snippily-foresee,comcast.net,143766,4025448,0.23,short
331,/media/snippily-foresee-short.mp4,28,snippily-foresee,mail.ru,906310,25376680,0.48,short
331,/media/snippily-foresee-short.mp4,28,snippily-foresee,unknown,1511,42308,0.41,short
792,/videos/2020-02-02/snippily-foresee-long.mp4,58,snippily-foresee,github.com,222311,12894038,0.45,long
1598,/root/bucket5/screeted-conflates-short.mp4,5,screeted-conflates,seattletimes.com,811998,4059990,0.23,short
1598,/root/bucket5/screeted-conflates-short.mp4,5,screeted-conflates,unknown,1511,7555,0.15,short
1598,/root/bucket5/screeted-conflates-short.mp4,5,screeted-conflates,blog.com,1493,7465,0.12,short
1598,/root/bucket5/screeted-conflates-short.mp4,5,screeted-conflates,sciencedaily.com,336717,1683585,0.44,short
1598,/root/bucket5/screeted-conflates-short.mp4,5,screeted-conflates,ustream.tv,750540,3752700,0.14,short
1598,/root/bucket5/screeted-conflates-short.mp4,5,screeted-conflates,dedecms.com,893624,4468120,0.28,short
702,/media/screeted-conflates-long.mp4,57,screeted-conflates,issuu.com,469943,26786751,0.21,long
702,/media/screeted-conflates-long.mp4,57,screeted-conflates,unknown,2007,114399,0.41,long
702,/media/screeted-conflates-long.mp4,57,screeted-conflates,livejournal.com,89119,5079783,0.3,long
702,/media/screeted-conflates-long.mp4,57,screeted-conflates,unknown,1509,86013,0.42,long
702,/media/screeted-conflates-long.mp4,57,screeted-conflates,ebay.co.uk,1509,86013,0.28,long
702,/media/screeted-conflates-long.mp4,57,screeted-conflates,delicious.com,102545,5845065,0.34,long
1092,/root/bucket3/breastplough-leprosities-short.mp4,11,breastplough-leprosities,nature.com,332423,3656653,0.41,short
1092,/root/bucket3/breastplough-leprosities-short.mp4,11,breastplough-leprosities,npr.org,487419,5361609,0.21,short
1092,/root/bucket3/breastplough-leprosities-short.mp4,11,breastplough-leprosities,g.co,814627,8960897,0.24,short
1288,/media/breastplough-leprosities-long.mp4,37,breastplough-leprosities,unknown,1511,55907,0.24,long
1288,/media/breastplough-leprosities-long.mp4,37,breastplough-leprosities,unknown,972645,35987865,0.42,long
1288,/media/breastplough-leprosities-long.mp4,37,breastplough-leprosities,scribd.com,943376,34904912,0.46,long
688,/root/bucket5/heliostat-imprudent-short.mp4,27,heliostat-imprudent,blog.com,1498,40446,0.42,short
688,/root/bucket5/heliostat-imprudent-short.mp4,27,heliostat-imprudent,meetup.com,73391,1981557,0.21,short
367,/root/bucket2/heliostat-imprudent-long.mp4,44,heliostat-imprudent,moonfruit.com,985491,43361604,0.46,long
1124,/root/bucket2/payfone-misshapers-short.mp4,15,payfone-misshapers,joomla.org,532299,7984485,0.44,short
1124,/root/bucket2/payfone-misshapers-short.mp4,15,payfone-misshapers,flavors.me,987425,14811375,0.5,short
1124,/root/bucket2/payfone-misshapers-short.mp4,15,payfone-misshapers,blog.com,1498,22470,0.44,short
1124,/root/bucket2/payfone-misshapers-short.mp4,15,payfone-misshapers,mail.ru,298200,4473000,0.27,short
827,/videos/2020-02-04/payfone-misshapers-long.mp4,49,payfone-misshapers,unknown,613984,30085216,0.42,long
827,/videos/2020-02-04/payfone-misshapers-long.mp4,49,payfone-misshapers,shinystat.com,108343,5308807,0.41,long
827,/videos/2020-02-04/payfone-misshapers-long.mp4,49,payfone-misshapers,blog.com,1503,73647,0.46,long
827,/videos/2020-02-04/payfone-misshapers-long.mp4,49,payfone-misshapers,sciencedaily.com,480821,23560229,0.22,long
827,/videos/2020-02-04/payfone-misshapers-long.mp4,49,payfone-misshapers,unknown,1998,97902,0.42,long
827,/videos/2020-02-04/payfone-misshapers-long.mp4,49,payfone-misshapers,unknown,983539,48193411,0.17,long
968,/root/bucket1/sironising-farand-short.mp4,12,sironising-farand,techcrunch.com,173267,2079204,0.1,short
968,/root/bucket1/sironising-farand-short.mp4,12,sironising-farand,epa.gov,485535,5826420,0.36,short
1076,/root/bucket4/sironising-farand-long.mp4,30,sironising-farand,unknown,2001,60030,0.1,long
1076,/root/bucket4/sironising-farand-long.mp4,30,sironising-farand,unknown,1512,45360,0.49,long
613,/root/bucket5/comorbid-rerevising-short.mp4,11,comorbid-rerevising,buzzfeed.com,230445,2534895,0.45,short
1446,/media/comorbid-rerevising-long.mp4,60,comorbid-rerevising,shinystat.com,706753,42405180,0.49,long
1446,/media/comorbid-rerevising-long.mp4,60,comorbid-rerevising,delicious.com,825070,49504200,0.1,long
781,/root/bucket1/multiday-ungot-short.mp4,30,multiday-ungot,unknown,1507,45210,0.11,short
781,/root/bucket1/multiday-ungot-short.mp4,30,multiday-ungot,unknown,527764,15832920,0.26,short
1364,/root/bucket2/multiday-ungot-long.mp4,39,multiday-ungot,unknown,2003,78117,0.19,long
1364,/root/bucket2/multiday-ungot-long.mp4,39,multiday-ungot,purevolume.com,857077,33426003,0.38,long
1364,/root/bucket2/multiday-ungot-long.mp4,39,multiday-ungot,earthlink.net,184475,7194525,0.26,long
1364,/root/bucket2/multiday-ungot-long.mp4,39,multiday-ungot,hhs.gov,29502,1150578,0.44,long
1368,/videos/2020-02-04/sayon-haymakings-short.mp4,12,sayon-haymakings,yale.edu,1498,17976,0.14,short
1368,/videos/2020-02-04/sayon-haymakings-short.mp4,12,sayon-haymakings,jalbum.net,858614,10303368,0.19,short
1368,/videos/2020-02-04/sayon-haymakings-short.mp4,12,sayon-haymakings,unknown,120174,1442088,0.11,short
1368,/videos/2020-02-04/sayon-haymakings-short.mp4,12,sayon-haymakings,sourceforge.net,540887,6490644,0.12,short
1016,/videos/2020-02-01/sayon-haymakings-long.mp4,32,sayon-haymakings,flavors.me,101754,3256128,0.11,long
1016,/videos/2020-02-01/sayon-haymakings-long.mp4,32,sayon-haymakings,blog.com,1500,48000,0.36,long
1016,/videos/2020-02-01/sayon-haymakings-long.mp4,32,sayon-haymakings,blog.com,1500,48000,0.39,long
1016,/videos/2020-02-01/sayon-haymakings-long.mp4,32,sayon-haymakings,java.com,632013,20224416,0.19,long
1016,/videos/2020-02-01/sayon-haymakings-long.mp4,32,sayon-haymakings,unknown,973366,31147712,0.4,long
1333,/media/concubinages-ecumenists-short.mp4,18,concubinages-ecumenists,blog.com,1502,27036,0.14,short
327,/root/bucket3/concubinages-ecumenists-long.mp4,38,concubinages-ecumenists,patch.com,297966,11322708,0.21,long
327,/root/bucket3/concubinages-ecumenists-long.mp4,38,concubinages-ecumenists,ebay.co.uk,1503,57114,0.48,long
327,/root/bucket3/concubinages-ecumenists-long.mp4,38,concubinages-ecumenists,jigsy.com,297386,11300668,0.48,long
1946,/root/bucket1/genogram-whitewoods-short.mp4,26,genogram-whitewoods,unknown,295361,7679386,0.24,short
1946,/root/bucket1/genogram-whitewoods-short.mp4,26,genogram-whitewoods,angelfire.com,455188,11834888,0.15,short
1946,/root/bucket1/genogram-whitewoods-short.mp4,26,genogram-whitewoods,unknown,1508,39208,0.21,short
1946,/root/bucket1/genogram-whitewoods-short.mp4,26,genogram-whitewoods,unknown,420499,10932974,0.47,short
1946,/root/bucket1/genogram-whitewoods-short.mp4,26,genogram-whitewoods,slate.com,89828,2335528,0.28,short
924,/videos/2020-02-01/genogram-whitewoods-long.mp4,54,genogram-whitewoods,blog.com,1502,81108,0.14,long
924,/videos/2020-02-01/genogram-whitewoods-long.mp4,54,genogram-whitewoods,unknown,1503,81162,0.19,long
924,/videos/2020-02-01/genogram-whitewoods-long.mp4,54,genogram-whitewoods,unknown,1513,81702,0.13,long
924,/videos/2020-02-01/genogram-whitewoods-long.mp4,54,genogram-whitewoods,skype.com,259255,13999770,0.15,long
1071,/videos/2020-02-02/silverpoint-encrust-short.mp4,20,silverpoint-encrust,java.com,619391,12387820,0.4,short
1071,/videos/2020-02-02/silverpoint-encrust-short.mp4,20,silverpoint-encrust,blog.com,1502,30040,0.12,short
1071,/videos/2020-02-02/silverpoint-encrust-short.mp4,20,silverpoint-encrust,blog.com,1503,30060,0.41,short
1071,/videos/2020-02-02/silverpoint-encrust-short.mp4,20,silverpoint-encrust,unknown,144383,2887660,0.36,short
1071,/videos/2020-02-02/silverpoint-encrust-short.mp4,20,silverpoint-encrust,mail.ru,240975,4819500,0.19,short
1071,/videos/2020-02-02/silverpoint-encrust-short.mp4,20,silverpoint-encrust,redcross.org,761572,15231440,0.38,short
211,/videos/2020-02-03/dimidiate-disenchantments-short.mp4,10,dimidiate-disenchantments,sourceforge.net,303189,3031890,0.31,short
211,/videos/2020-02-03/dimidiate-disenchantments-short.mp4,10,dimidiate-disenchantments,fc2.com,184888,1848880,0.32,short
287,/media/dimidiate-disenchantments-long.mp4,33,dimidiate-disenchantments,unknown,2003,66099,0.28,long
287,/media/dimidiate-disenchantments-long.mp4,33,dimidiate-disenchantments,nba.com,638189,21060237,0.33,long
287,/media/dimidiate-disenchantments-long.mp4,33,dimidiate-disenchantments,opera.com,447374,14763342,0.18,long
287,/media/dimidiate-disenchantments-long.mp4,33,dimidiate-disenchantments,yolasite.com,80980,2672340,0.25,long
357,/root/bucket3/recompenses-ashamednesses-short.mp4,5,recompenses-ashamednesses,about.com,617692,3088460,0.32,short
357,/root/bucket3/recompenses-ashamednesses-short.mp4,5,recompenses-ashamednesses,ebay.co.uk,1505,7525,0.19,short
357,/root/bucket3/recompenses-ashamednesses-short.mp4,5,recompenses-ashamednesses,unknown,1998,9990,0.17,short
427,/root/bucket1/recompenses-ashamednesses-long.mp4,25,recompenses-ashamednesses,blog.com,1502,37550,0.47,long
427,/root/bucket1/recompenses-ashamednesses-long.mp4,25,recompenses-ashamednesses,netvibes.com,502347,12558675,0.22,long
422,/videos/2020-02-01/leishmanias-jacare-short.mp4,12,leishmanias-jacare,unknown,1998,23976,0.2,short
422,/videos/2020-02-01/leishmanias-jacare-short.mp4,12,leishmanias-jacare,java.com,821419,9857028,0.5,short
422,/videos/2020-02-01/leishmanias-jacare-short.mp4,12,leishmanias-jacare,cafepress.com,175906,2110872,0.27,short
422,/videos/2020-02-01/leishmanias-jacare-short.mp4,12,leishmanias-jacare,yale.edu,1504,18048,0.38,short
1749,/root/bucket5/leishmanias-jacare-long.mp4,30,leishmanias-jacare,blog.com,1499,44970,0.19,long
1749,/root/bucket5/leishmanias-jacare-long.mp4,30,leishmanias-jacare,chron.com,845704,25371120,0.13,long
1749,/root/bucket5/leishmanias-jacare-long.mp4,30,leishmanias-jacare,skype.com,265968,7979040,0.28,long
1749,/root/bucket5/leishmanias-jacare-long.mp4,30,leishmanias-jacare,yale.edu,1498,44940,0.15,long
449,/media/presummit-breaths-short.mp4,25,presummit-breaths,nbcnews.com,914645,22866125,0.3,short
449,/media/presummit-breaths-short.mp4,25,presummit-breaths,ustream.tv,990099,24752475,0.49,short
449,/media/presummit-breaths-short.mp4,25,presummit-breaths,usnews.com,106635,2665875,0.4,short
737,/videos/2020-02-01/presummit-breaths-long.mp4,33,presummit-breaths,ebay.co.uk,1504,49632,0.19,long
1937,/root/bucket2/oil-coherers-short.mp4,27,oil-coherers,nature.com,548898,14820246,0.42,short
1937,/root/bucket2/oil-coherers-short.mp4,27,oil-coherers,goo.ne.jp,831280,22444560,0.47,short
1937,/root/bucket2/oil-coherers-short.mp4,27,oil-coherers,ebay.co.uk,1502,40554,0.31,short
236,/media/oil-coherers-long.mp4,34,oil-coherers,unknown,1505,51170,0.36,long
236,/media/oil-coherers-long.mp4,34,oil-coherers,topsy.com,567955,19310470,0.16,long
236,/media/oil-coherers-long.mp4,34,oil-coherers,icio.us,953447,32417198,0.36,long
882,/root/bucket5/sonhood-sissyish-short.mp4,22,sonhood-sissyish,icio.us,968628,21309816,0.11,short
882,/root/bucket5/sonhood-sissyish-short.mp4,22,sonhood-sissyish,icio.us,623572,13718584,0.36,short
882,/root/bucket5/sonhood-sissyish-short.mp4,22,sonhood-sissyish,purevolume.com,943961,20767142,0.27,short
882,/root/bucket5/sonhood-sissyish-short.mp4,22,sonhood-sissyish,ebay.co.uk,1500,33000,0.23,short
882,/root/bucket5/sonhood-sissyish-short.mp4,22,sonhood-sissyish,blog.com,1501,33022,0.13,short
1139,/root/bucket5/sonhood-sissyish-long.mp4,46,sonhood-sissyish,unknown,529237,24344902,0.14,long
1978,/root/bucket4/canoodlers-carryalls-short.mp4,26,canoodlers-carryalls,unknown,1994,51844,0.23,short
1978,/root/bucket4/canoodlers-carryalls-short.mp4,26,canoodlers-carryalls,unknown,2000,52000,0.22,short
1978,/root/bucket4/canoodlers-carryalls-short.mp4,26,canoodlers-carryalls,comsenz.com,765907,19913582,0.43,short
1978,/root/bucket4/canoodlers-carryalls-short.mp4,26,canoodlers-carryalls,unknown,831020,21606520,0.14,short
1978,/root/bucket4/canoodlers-carryalls-short.mp4,26,canoodlers-carryalls,unknown,2001,52026,0.31,short
1978,/root/bucket4/canoodlers-carryalls-short.mp4,26,canoodlers-carryalls,yale.edu,210166,5464316,0.49,short
1996,/media/canoodlers-carryalls-long.mp4,31,canoodlers-carryalls,ebay.co.uk,1500,46500,0.47,long
1996,/media/canoodlers-carryalls-long.mp4,31,canoodlers-carryalls,yale.edu,1499,46469,0.18,long
1996,/media/canoodlers-carryalls-long.mp4,31,canoodlers-carryalls,ebay.co.uk,1503,46593,0.27,long
1996,/media/canoodlers-carryalls-long.mp4,31,canoodlers-carryalls,harvard.edu,861397,26703307,0.11,long
1996,/media/canoodlers-carryalls-long.mp4,31,canoodlers-carryalls,g.co,563350,17463850,0.23,long
474,/videos/2020-02-04/despondence-timeservings-short.mp4,25,despondence-timeservings,nbcnews.com,20600,515000,0.2,short
474,/videos/2020-02-04/despondence-timeservings-short.mp4,25,despondence-timeservings,ebay.co.uk,1499,37475,0.25,short
474,/videos/2020-02-04/despondence-timeservings-short.mp4,25,despondence-timeservings,so-net.ne.jp,893106,22327650,0.44,short
474,/videos/2020-02-04/despondence-timeservings-short.mp4,25,despondence-timeservings,harvard.edu,209559,5238975,0.39,short
474,/videos/2020-02-04/despondence-timeservings-short.mp4,25,despondence-timeservings,unknown,1993,49825,0.25,short
474,/videos/2020-02-04/despondence-timeservings-short.mp4,25,despondence-timeservings,purevolume.com,272419,6810475,0.34,short
397,/root/bucket5/despondence-timeservings-long.mp4,46,despondence-timeservings,harvard.edu,425642,19579532,0.22,long
121,/root/bucket4/adventure-beside-short.mp4,16,adventure-beside,blog.com,1497,23952,0.35,short
121,/root/bucket4/adventure-beside-short.mp4,16,adventure-beside,shareasale.com,261214,4179424,0.18,short
121,/root/bucket4/adventure-beside-short.mp4,16,adventure-beside,ebay.co.uk,1500,24000,0.45,short
121,/root/bucket4/adventure-beside-short.mp4,16,adventure-beside,yale.edu,1504,24064,0.42,short
121,/root/bucket4/adventure-beside-short.mp4,16,adventure-beside,unknown,2002,32032,0.17,short
121,/root/bucket4/adventure-beside-short.mp4,16,adventure-beside,usgs.gov,631838,10109408,0.48,short
121,/root/bucket4/adventure-beside-short.mp4,16,adventure-beside,ustream.tv,673833,10781328,0.21,short
69,/root/bucket2/adventure-beside-long.mp4,35,adventure-beside,unknown,745715,26100025,0.43,long
69,/root/bucket2/adventure-beside-long.mp4,35,adventure-beside,unknown,1999,69965,0.32,long
1750,/videos/2020-02-03/vegetatious-noncolas-short.mp4,21,vegetatious-noncolas,patch.com,383643,8056503,0.23,short
1750,/videos/2020-02-03/vegetatious-noncolas-short.mp4,21,vegetatious-noncolas,seattletimes.com,522435,10971135,0.34,short
1750,/videos/2020-02-03/vegetatious-noncolas-short.mp4,21,vegetatious-noncolas,usgs.gov,855638,17968398,0.22,short
1750,/videos/2020-02-03/vegetatious-noncolas-short.mp4,21,vegetatious-noncolas,loc.gov,832161,17475381,0.4,short
1750,/videos/2020-02-03/vegetatious-noncolas-short.mp4,21,vegetatious-noncolas,jigsy.com,54795,1150695,0.24,short
1750,/videos/2020-02-03/vegetatious-noncolas-short.mp4,21,vegetatious-noncolas,wufoo.com,275963,5795223,0.36,short
1810,/root/bucket3/vegetatious-noncolas-long.mp4,35,vegetatious-noncolas,state.gov,611897,21416395,0.12,long
1810,/root/bucket3/vegetatious-noncolas-long.mp4,35,vegetatious-noncolas,shinystat.com,920407,32214245,0.12,long
1810,/root/bucket3/vegetatious-noncolas-long.mp4,35,vegetatious-noncolas,unknown,1508,52780,0.29,long
1810,/root/bucket3/vegetatious-noncolas-long.mp4,35,vegetatious-noncolas,macromedia.com,234054,8191890,0.44,long
1810,/root/bucket3/vegetatious-noncolas-long.mp4,35,vegetatious-noncolas,ebay.co.uk,1500,52500,0.29,long
1810,/root/bucket3/vegetatious-noncolas-long.mp4,35,vegetatious-noncolas,flavors.me,569908,19946780,0.29,long
1810,/root/bucket3/vegetatious-noncolas-long.mp4,35,vegetatious-noncolas,unknown,2000,70000,0.42,long
891,/root/bucket3/stealthily-underkills-short.mp4,28,stealthily-underkills,seattletimes.com,81382,2278696,0.4,short
891,/root/bucket3/stealthily-underkills-short.mp4,28,stealthily-underkills,archive.org,246688,6907264,0.28,short
891,/root/bucket3/stealthily-underkills-short.mp4,28,stealthily-underkills,blog.com,1501,42028,0.2,short
82,/videos/2020-02-02/stealthily-underkills-long.mp4,26,stealthily-underkills,cnet.com,686889,17859114,0.12,long
1627,/media/sulfureted-polymorphically-short.mp4,27,sulfureted-polymorphically,joomla.org,514473,13890771,0.41,short
1627,/media/sulfureted-polymorphically-short.mp4,27,sulfureted-polymorphically,unknown,11879,320733,0.48,short
1627,/media/sulfureted-polymorphically-short.mp4,27,sulfureted-polymorphically,ebay.co.uk,1500,40500,0.24,short
1627,/media/sulfureted-polymorphically-short.mp4,27,sulfureted-polymorphically,wufoo.com,829634,22400118,0.15,short
1023,/root/bucket3/sulfureted-polymorphically-long.mp4,52,sulfureted-polymorphically,blog.com,1497,77844,0.47,long
1023,/root/bucket3/sulfureted-polymorphically-long.mp4,52,sulfureted-polymorphically,purevolume.com,724037,37649924,0.34,long
1264,/videos/2020-02-03/processioner-straughter-short.mp4,28,processioner-straughter,yale.edu,934063,26153764,0.31,short
1264,/videos/2020-02-03/processioner-straughter-short.mp4,28,processioner-straughter,unknown,1996,55888,0.24,short
1666,/root/bucket3/processioner-straughter-long.mp4,42,processioner-straughter,joomla.org,373334,15680028,0.29,long
1666,/root/bucket3/processioner-straughter-long.mp4,42,processioner-straughter,icio.us,545824,22924608,0.17,long
1666,/root/bucket3/processioner-straughter-long.mp4,42,processioner-straughter,so-net.ne.jp,523723,21996366,0.2,long
1297,/root/bucket1/tagger-intergrowths-short.mp4,27,tagger-intergrowths,mail.ru,524782,14169114,0.43,short
1297,/root/bucket1/tagger-intergrowths-short.mp4,27,tagger-intergrowths,unknown,1998,53946,0.26,short
406,/videos/2020-02-02/tagger-intergrowths-long.mp4,32,tagger-intergrowths,icio.us,914684,29269888,0.28,long
406,/videos/2020-02-02/tagger-intergrowths-long.mp4,32,tagger-intergrowths,yale.edu,1503,48096,0.2,long
463,/media/mesitylenes-loofah-short.mp4,22,mesitylenes-loofah,unknown,994977,21889494,0.14,short
463,/media/mesitylenes-loofah-short.mp4,22,mesitylenes-loofah,blog.com,1499,32978,0.4,short
463,/media/mesitylenes-loofah-short.mp4,22,mesitylenes-loofah,springer.com,200578,4412716,0.14,short
618,/videos/2020-02-04/mesitylenes-loofah-long.mp4,51,mesitylenes-loofah,goo.ne.jp,38120,1944120,0.42,long
618,/videos/2020-02-04/mesitylenes-loofah-long.mp4,51,mesitylenes-loofah,blog.com,1502,76602,0.17,long
618,/videos/2020-02-04/mesitylenes-loofah-long.mp4,51,mesitylenes-loofah,ebay.co.uk,1501,76551,0.15,long
1366,/media/eliches-chargehand-short.mp4,29,eliches-chargehand,unknown,2004,58116,0.36,short
457,/root/bucket5/eliches-chargehand-long.mp4,26,eliches-chargehand,unknown,160566,4174716,0.36,long
457,/root/bucket5/eliches-chargehand-long.mp4,26,eliches-chargehand,ebay.co.uk,1502,39052,0.29,long
457,/root/bucket5/eliches-chargehand-long.mp4,26,eliches-chargehand,simplemachines.org,650175,16904550,0.28,long
457,/root/bucket5/eliches-chargehand-long.mp4,26,eliches-chargehand,nbcnews.com,757045,19683170,0.14,long
457,/root/bucket5/eliches-chargehand-long.mp4,26,eliches-chargehand,ebay.co.uk,1502,39052,0.22,long
457,/root/bucket5/eliches-chargehand-long.mp4,26,eliches-chargehand,creativecommons.org,170802,4440852,0.17,long
829,/videos/2020-02-02/equipotent-cassation-short.mp4,8,equipotent-cassation,auda.org.au,931098,7448784,0.12,short
829,/videos/2020-02-02/equipotent-cassation-short.mp4,8,equipotent-cassation,unknown,1996,15968,0.27,short
829,/videos/2020-02-02/equipotent-cassation-short.mp4,8,equipotent-cassation,buzzfeed.com,67379,539032,0.27,short
829,/videos/2020-02-02/equipotent-cassation-short.mp4,8,equipotent-cassation,blog.com,1501,12008,0.33,short
1438,/root/bucket2/equipotent-cassation-long.mp4,25,equipotent-cassation,auda.org.au,163722,4093050,0.38,long
1438,/root/bucket2/equipotent-cassation-long.mp4,25,equipotent-cassation,unknown,421611,10540275,0.2,long
1438,/root/bucket2/equipotent-cassation-long.mp4,25,equipotent-cassation,free13runpool.com,176536,4413400,0.49,long
1518,/root/bucket1/sodomised-dadoing-short.mp4,28,sodomised-dadoing,yale.edu,1502,42056,0.1,short
1518,/root/bucket1/sodomised-dadoing-short.mp4,28,sodomised-dadoing,unknown,369852,10355856,0.47,short
1518,/root/bucket1/sodomised-dadoing-short.mp4,28,sodomised-dadoing,webs.com,448402,12555256,0.13,short
1518,/root/bucket1/sodomised-dadoing-short.mp4,28,sodomised-dadoing,comcast.net,349422,9783816,0.22,short
1234,/root/bucket5/sodomised-dadoing-long.mp4,47,sodomised-dadoing,blogs.com,765187,35963789,0.21,long
1234,/root/bucket5/sodomised-dadoing-long.mp4,47,sodomised-dadoing,unknown,151691,7129477,0.36,long
1234,/root/bucket5/sodomised-dadoing-long.mp4,47,sodomised-dadoing,scribd.com,163692,7693524,0.17,long
1234,/root/bucket5/sodomised-dadoing-long.mp4,47,sodomised-dadoing,reddit.com,584002,27448094,0.43,long
1697,/root/bucket3/aerotactic-bypass-short.mp4,24,aerotactic-bypass,unknown,1512,36288,0.25,short
770,/videos/2020-02-02/aerotactic-bypass-long.mp4,48,aerotactic-bypass,reverbnation.com,789335,37888080,0.48,long
770,/videos/2020-02-02/aerotactic-bypass-long.mp4,48,aerotactic-bypass,netvibes.com,624158,29959584,0.34,long
770,/videos/2020-02-02/aerotactic-bypass-long.mp4,48,aerotactic-bypass,blogs.com,608925,29228400,0.46,long
770,/videos/2020-02-02/aerotactic-bypass-long.mp4,48,aerotactic-bypass,unknown,2004,96192,0.47,long
770,/videos/2020-02-02/aerotactic-bypass-long.mp4,48,aerotactic-bypass,ebay.co.uk,1507,72336,0.42,long
709,/root/bucket2/micturating-concealed-long.mp4,29,micturating-concealed,nature.com,565449,16398021,0.35,long
709,/root/bucket2/micturating-concealed-long.mp4,29,micturating-concealed,goo.ne.jp,987330,28632570,0.17,long
709,/root/bucket2/micturating-concealed-long.mp4,29,micturating-concealed,blog.com,1501,43529,0.11,long
709,/root/bucket2/micturating-concealed-long.mp4,29,micturating-concealed,unknown,847954,24590666,0.49,long
1950,/media/stickmen-semillons-short.mp4,28,stickmen-semillons,techcrunch.com,774893,21697004,0.49,short
1950,/media/stickmen-semillons-short.mp4,28,stickmen-semillons,unknown,148803,4166484,0.31,short
1950,/media/stickmen-semillons-short.mp4,28,stickmen-semillons,elegantthemes.com,200912,5625536,0.35,short
1950,/media/stickmen-semillons-short.mp4,28,stickmen-semillons,creativecommons.org,685973,19207244,0.12,short
1950,/media/stickmen-semillons-short.mp4,28,stickmen-semillons,springer.com,843947,23630516,0.39,short
1360,/videos/2020-02-03/stickmen-semillons-long.mp4,40,stickmen-semillons,unknown,989832,39593280,0.14,long
1360,/videos/2020-02-03/stickmen-semillons-long.mp4,40,stickmen-semillons,elegantthemes.com,154929,6197160,0.2,long
1360,/videos/2020-02-03/stickmen-semillons-long.mp4,40,stickmen-semillons,yale.edu,1499,59960,0.12,long
640,/media/pakihis-shirtband-short.mp4,29,pakihis-shirtband,unknown,1504,43616,0.45,short
640,/media/pakihis-shirtband-short.mp4,29,pakihis-shirtband,drupal.org,690549,20025921,0.46,short
640,/media/pakihis-shirtband-short.mp4,29,pakihis-shirtband,webs.com,342845,9942505,0.26,short
640,/media/pakihis-shirtband-short.mp4,29,pakihis-shirtband,google.nl,525227,15231583,0.37,short
768,/videos/2020-02-04/unarched-knags-short.mp4,21,unarched-knags,unknown,866118,18188478,0.37,short
768,/videos/2020-02-04/unarched-knags-short.mp4,21,unarched-knags,odnoklassniki.ru,556996,11696916,0.44,short
1281,/root/bucket4/unarched-knags-long.mp4,43,unarched-knags,meetup.com,855851,36801593,0.24,long
1281,/root/bucket4/unarched-knags-long.mp4,43,unarched-knags,nymag.com,291054,12515322,0.39,long
1281,/root/bucket4/unarched-knags-long.mp4,43,unarched-knags,wufoo.com,29909,1286087,0.2,long
1281,/root/bucket4/unarched-knags-long.mp4,43,unarched-knags,discovery.com,329821,14182303,0.48,long
1281,/root/bucket4/unarched-knags-long.mp4,43,unarched-knags,unknown,1513,65059,0.43,long
219,/root/bucket2/wry-euchologion-short.mp4,5,wry-euchologion,yale.edu,1500,7500,0.44,short
219,/root/bucket2/wry-euchologion-short.mp4,5,wry-euchologion,elegantthemes.com,588658,2943290,0.44,short
896,/root/bucket2/wry-euchologion-long.mp4,33,wry-euchologion,studiopress.com,56456,1863048,0.44,long
896,/root/bucket2/wry-euchologion-long.mp4,33,wry-euchologion,unknown,499370,16479210,0.42,long
97,/root/bucket2/facings-elapses-short.mp4,11,facings-elapses,goo.ne.jp,371135,4082485,0.21,short
97,/root/bucket2/facings-elapses-short.mp4,11,facings-elapses,redcross.org,929695,10226645,0.32,short
744,/root/bucket1/facings-elapses-long.mp4,29,facings-elapses,unknown,1993,57797,0.43,long
744,/root/bucket1/facings-elapses-long.mp4,29,facings-elapses,csmonitor.com,166038,4815102,0.15,long
744,/root/bucket1/facings-elapses-long.mp4,29,facings-elapses,twitter.com,972943,28215347,0.24,long
744,/root/bucket1/facings-elapses-long.mp4,29,facings-elapses,unknown,2000,58000,0.27,long
744,/root/bucket1/facings-elapses-long.mp4,29,facings-elapses,blog.com,1495,43355,0.1,long
744,/root/bucket1/facings-elapses-long.mp4,29,facings-elapses,chron.com,265112,7688248,0.45,long
744,/root/bucket1/facings-elapses-long.mp4,29,facings-elapses,ebay.co.uk,1499,43471,0.42,long
89,/videos/2020-02-01/electroretinograph-jillion-short.mp4,23,electroretinograph-jillion,yandex.ru,238838,5493274,0.42,short
89,/videos/2020-02-01/electroretinograph-jillion-short.mp4,23,electroretinograph-jillion,github.com,477361,10979303,0.39,short
6,/videos/2020-02-01/electroretinograph-jillion-long.mp4,29,electroretinograph-jillion,unknown,756848,21948592,0.13,long
6,/videos/2020-02-01/electroretinograph-jillion-long.mp4,29,electroretinograph-jillion,unknown,23471,680659,0.14,long
6,/videos/2020-02-01/electroretinograph-jillion-long.mp4,29,electroretinograph-jillion,de.vu,608676,17651604,0.4,long
1976,/videos/2020-02-04/whimpering-zombified-short.mp4,6,whimpering-zombified,macromedia.com,973210,5839260,0.46,short
1976,/videos/2020-02-04/whimpering-zombified-short.mp4,6,whimpering-zombified,patch.com,876740,5260440,0.36,short
207,/videos/2020-02-02/whimpering-zombified-long.mp4,56,whimpering-zombified,unknown,1514,84784,0.29,long
1270,/root/bucket5/techno-tarras-short.mp4,18,techno-tarras,nature.com,881893,15874074,0.12,short
1270,/root/bucket5/techno-tarras-short.mp4,18,techno-tarras,unknown,1505,27090,0.34,short
1270,/root/bucket5/techno-tarras-short.mp4,18,techno-tarras,unknown,2003,36054,0.19,short
1270,/root/bucket5/techno-tarras-short.mp4,18,techno-tarras,unknown,1995,35910,0.25,short
913,/root/bucket1/techno-tarras-long.mp4,37,techno-tarras,nature.com,577704,21375048,0.42,long
913,/root/bucket1/techno-tarras-long.mp4,37,techno-tarras,unknown,435113,16099181,0.26,long
119,/root/bucket1/cottony-chaffiest-short.mp4,27,cottony-chaffiest,nbcnews.com,814744,21998088,0.44,short
119,/root/bucket1/cottony-chaffiest-short.mp4,27,cottony-chaffiest,yale.edu,1500,40500,0.17,short
119,/root/bucket1/cottony-chaffiest-short.mp4,27,cottony-chaffiest,macromedia.com,822727,22213629,0.49,short
119,/root/bucket1/cottony-chaffiest-short.mp4,27,cottony-chaffiest,unknown,1510,40770,0.41,short
119,/root/bucket1/cottony-chaffiest-short.mp4,27,cottony-chaffiest,simplemachines.org,137343,3708261,0.19,short
119,/root/bucket1/cottony-chaffiest-short.mp4,27,cottony-chaffiest,ebay.co.uk,1507,40689,0.2,short
226,/root/bucket5/cottony-chaffiest-long.mp4,31,cottony-chaffiest,nbcnews.com,422351,13092881,0.17,long
226,/root/bucket5/cottony-chaffiest-long.mp4,31,cottony-chaffiest,ebay.co.uk,1501,46531,0.23,long
226,/root/bucket5/cottony-chaffiest-long.mp4,31,cottony-chaffiest,unknown,1513,46903,0.16,long
226,/root/bucket5/cottony-chaffiest-long.mp4,31,cottony-chaffiest,wufoo.com,989597,30677507,0.35,long
226,/root/bucket5/cottony-chaffiest-long.mp4,31,cottony-chaffiest,yale.edu,1498,46438,0.46,long
1430,/media/busybody-cocobola-short.mp4,28,busybody-cocobola,istockphoto.com,955694,26759432,0.43,short
1430,/media/busybody-cocobola-short.mp4,28,busybody-cocobola,shinystat.com,999553,27987484,0.48,short
22,/root/bucket1/busybody-cocobola-long.mp4,56,busybody-cocobola,icio.us,183102,10253712,0.34,long
22,/root/bucket1/busybody-cocobola-long.mp4,56,busybody-cocobola,goo.ne.jp,966746,54137776,0.43,long
22,/root/bucket1/busybody-cocobola-long.mp4,56,busybody-cocobola,nbcnews.com,816519,45725064,0.26,long
28,/media/nonmechanistic-quaesitum-short.mp4,9,nonmechanistic-quaesitum,wufoo.com,736918,6632262,0.27,short
28,/media/nonmechanistic-quaesitum-short.mp4,9,nonmechanistic-quaesitum,blog.com,1500,13500,0.31,short
28,/media/nonmechanistic-quaesitum-short.mp4,9,nonmechanistic-quaesitum,archive.org,893473,8041257,0.35,short
927,/root/bucket3/nonmechanistic-quaesitum-long.mp4,37,nonmechanistic-quaesitum,ocn.ne.jp,393080,14543960,0.45,long
874,/root/bucket5/selenographer-improvidence-short.mp4,17,selenographer-improvidence,netvibes.com,250672,4261424,0.34,short
874,/root/bucket5/selenographer-improvidence-short.mp4,17,selenographer-improvidence,unknown,1998,33966,0.47,short
874,/root/bucket5/selenographer-improvidence-short.mp4,17,selenographer-improvidence,blogtalkradio.com,358159,6088703,0.34,short
195,/root/bucket2/selenographer-improvidence-long.mp4,48,selenographer-improvidence,cafepress.com,442545,21242160,0.29,long
195,/root/bucket2/selenographer-improvidence-long.mp4,48,selenographer-improvidence,ebay.co.uk,1498,71904,0.37,long
1179,/videos/2020-02-01/tawheowheos-presell-short.mp4,30,tawheowheos-presell,moonfruit.com,881536,26446080,0.44,short
1179,/videos/2020-02-01/tawheowheos-presell-short.mp4,30,tawheowheos-presell,fc2.com,63987,1919610,0.45,short
1301,/videos/2020-02-02/sitosterols-monture-short.mp4,18,sitosterols-monture,jalbum.net,790999,14237982,0.11,short
1301,/videos/2020-02-02/sitosterols-monture-short.mp4,18,sitosterols-monture,loc.gov,739280,13307040,0.42,short
1301,/videos/2020-02-02/sitosterols-monture-short.mp4,18,sitosterols-monture,unknown,2002,36036,0.3,short
1703,/root/bucket3/sitosterols-monture-long.mp4,25,sitosterols-monture,unknown,2002,50050,0.35,long
1703,/root/bucket3/sitosterols-monture-long.mp4,25,sitosterols-monture,unknown,634510,15862750,0.3,long
1703,/root/bucket3/sitosterols-monture-long.mp4,25,sitosterols-monture,blog.com,1500,37500,0.34,long
1703,/root/bucket3/sitosterols-monture-long.mp4,25,sitosterols-monture,unknown,2001,50025,0.32,long
1703,/root/bucket3/sitosterols-monture-long.mp4,25,sitosterols-monture,blog.com,1496,37400,0.36,long
370,/root/bucket1/moschate-friges-short.mp4,18,moschate-friges,earthlink.net,133380,2400840,0.24,short
370,/root/bucket1/moschate-friges-short.mp4,18,moschate-friges,yale.edu,1493,26874,0.49,short
370,/root/bucket1/moschate-friges-short.mp4,18,moschate-friges,slate.com,756814,13622652,0.43,short
1710,/root/bucket3/moschate-friges-long.mp4,50,moschate-friges,purevolume.com,292542,14627100,0.14,long
1710,/root/bucket3/moschate-friges-long.mp4,50,moschate-friges,purevolume.com,436578,21828900,0.22,long
1710,/root/bucket3/moschate-friges-long.mp4,50,moschate-friges,thetimes.co.uk,486201,24310050,0.17,long
1578,/videos/2020-02-01/oilcamps-newsbreaks-short.mp4,21,oilcamps-newsbreaks,ebay.co.uk,1502,31542,0.38,short
1578,/videos/2020-02-01/oilcamps-newsbreaks-short.mp4,21,oilcamps-newsbreaks,yale.edu,1506,31626,0.38,short
1578,/videos/2020-02-01/oilcamps-newsbreaks-short.mp4,21,oilcamps-newsbreaks,delicious.com,999615,20991915,0.44,short
824,/root/bucket4/oilcamps-newsbreaks-long.mp4,37,oilcamps-newsbreaks,ebay.co.uk,1501,55537,0.33,long
824,/root/bucket4/oilcamps-newsbreaks-long.mp4,37,oilcamps-newsbreaks,odnoklassniki.ru,56386,2086282,0.39,long
824,/root/bucket4/oilcamps-newsbreaks-long.mp4,37,oilcamps-newsbreaks,purevolume.com,100001,3700037,0.45,long
824,/root/bucket4/oilcamps-newsbreaks-long.mp4,37,oilcamps-newsbreaks,ebay.co.uk,1501,55537,0.5,long
1091,/media/amalgamative-oos-short.mp4,9,amalgamative-oos,skype.com,646204,5815836,0.35,short
1091,/media/amalgamative-oos-short.mp4,9,amalgamative-oos,netvibes.com,596291,5366619,0.19,short
293,/root/bucket3/amalgamative-oos-long.mp4,33,amalgamative-oos,netvibes.com,826693,27280869,0.44,long
293,/root/bucket3/amalgamative-oos-long.mp4,33,amalgamative-oos,sciencedaily.com,500669,16522077,0.49,long
658,/root/bucket1/twangy-multiuser-short.mp4,10,twangy-multiuser,harvard.edu,638280,6382800,0.31,short
658,/root/bucket1/twangy-multiuser-short.mp4,10,twangy-multiuser,unknown,1512,15120,0.41,short
658,/root/bucket1/twangy-multiuser-short.mp4,10,twangy-multiuser,icio.us,608993,6089930,0.3,short
658,/root/bucket1/twangy-multiuser-short.mp4,10,twangy-multiuser,nbcnews.com,72236,722360,0.37,short
658,/root/bucket1/twangy-multiuser-short.mp4,10,twangy-multiuser,usnews.com,254625,2546250,0.13,short
658,/root/bucket1/twangy-multiuser-short.mp4,10,twangy-multiuser,ebay.co.uk,1503,15030,0.19,short
658,/root/bucket1/twangy-multiuser-short.mp4,10,twangy-multiuser,mayoclinic.com,507340,5073400,0.29,short
472,/videos/2020-02-01/twangy-multiuser-long.mp4,52,twangy-multiuser,chron.com,976647,50785644,0.2,long
472,/videos/2020-02-01/twangy-multiuser-long.mp4,52,twangy-multiuser,unknown,1999,103948,0.44,long
472,/videos/2020-02-01/twangy-multiuser-long.mp4,52,twangy-multiuser,yale.edu,1500,78000,0.12,long
472,/videos/2020-02-01/twangy-multiuser-long.mp4,52,twangy-multiuser,shinystat.com,870726,45277752,0.33,long
1369,/root/bucket3/photocopyings-fuchsite-short.mp4,28,photocopyings-fuchsite,chron.com,680754,19061112,0.19,short
1369,/root/bucket3/photocopyings-fuchsite-short.mp4,28,photocopyings-fuchsite,blog.com,1503,42084,0.25,short
898,/root/bucket5/photocopyings-fuchsite-long.mp4,48,photocopyings-fuchsite,unicef.org,511964,24574272,0.4,long
92,/root/bucket1/hypersusceptibility-geochronology-short.mp4,16,hypersusceptibility-geochronology,unknown,2001,32016,0.18,short
92,/root/bucket1/hypersusceptibility-geochronology-short.mp4,16,hypersusceptibility-geochronology,yale.edu,1502,24032,0.18,short
92,/root/bucket1/hypersusceptibility-geochronology-short.mp4,16,hypersusceptibility-geochronology,discovery.com,42143,674288,0.14,short
92,/root/bucket1/hypersusceptibility-geochronology-short.mp4,16,hypersusceptibility-geochronology,unknown,1516,24256,0.38,short
1296,/videos/2020-02-01/hypersusceptibility-geochronology-long.mp4,39,hypersusceptibility-geochronology,storify.com,267280,10423920,0.19,long
1296,/videos/2020-02-01/hypersusceptibility-geochronology-long.mp4,39,hypersusceptibility-geochronology,yale.edu,1500,58500,0.24,long
205,/videos/2020-02-04/hazarding-undersize-short.mp4,15,hazarding-undersize,blog.com,1500,22500,0.38,short
205,/videos/2020-02-04/hazarding-undersize-short.mp4,15,hazarding-undersize,sciencedaily.com,909243,13638645,0.33,short
205,/videos/2020-02-04/hazarding-undersize-short.mp4,15,hazarding-undersize,blog.com,1500,22500,0.19,short
205,/videos/2020-02-04/hazarding-undersize-short.mp4,15,hazarding-undersize,ebay.co.uk,1501,22515,0.27,short
205,/videos/2020-02-04/hazarding-undersize-short.mp4,15,hazarding-undersize,goo.ne.jp,988455,14826825,0.22,short
205,/videos/2020-02-04/hazarding-undersize-short.mp4,15,hazarding-undersize,studiopress.com,550328,8254920,0.18,short
205,/videos/2020-02-04/hazarding-undersize-short.mp4,15,hazarding-undersize,unknown,1996,29940,0.14,short
1809,/root/bucket4/hazarding-undersize-long.mp4,32,hazarding-undersize,springer.com,404504,12944128,0.19,long
1809,/root/bucket4/hazarding-undersize-long.mp4,32,hazarding-undersize,yolasite.com,586961,18782752,0.5,long
1803,/videos/2020-02-03/utopism-debs-short.mp4,25,utopism-debs,unknown,2003,50075,0.11,short
1803,/videos/2020-02-03/utopism-debs-short.mp4,25,utopism-debs,unknown,1507,37675,0.32,short
629,/root/bucket2/utopism-debs-long.mp4,30,utopism-debs,nbcnews.com,196751,5902530,0.2,long
629,/root/bucket2/utopism-debs-long.mp4,30,utopism-debs,unknown,658370,19751100,0.44,long
629,/root/bucket2/utopism-debs-long.mp4,30,utopism-debs,icio.us,987232,29616960,0.11,long
652,/videos/2020-02-02/leaking-sphygmus-long.mp4,36,leaking-sphygmus,scribd.com,304655,10967580,0.46,long
652,/videos/2020-02-02/leaking-sphygmus-long.mp4,36,leaking-sphygmus,blog.com,1502,54072,0.17,long
1250,/root/bucket5/repressed-oviraptor-short.mp4,22,repressed-oviraptor,unknown,1510,33220,0.28,short
1250,/root/bucket5/repressed-oviraptor-short.mp4,22,repressed-oviraptor,foxnews.com,238140,5239080,0.22,short
758,/root/bucket2/repressed-oviraptor-long.mp4,49,repressed-oviraptor,foxnews.com,548037,26853813,0.4,long
758,/root/bucket2/repressed-oviraptor-long.mp4,49,repressed-oviraptor,free13runpool.com,192726,9443574,0.3,long
758,/root/bucket2/repressed-oviraptor-long.mp4,49,repressed-oviraptor,yale.edu,1506,73794,0.31,long
1701,/root/bucket1/barophoresis-loungey-short.mp4,28,barophoresis-loungey,angelfire.com,649651,18190228,0.18,short
1701,/root/bucket1/barophoresis-loungey-short.mp4,28,barophoresis-loungey,unknown,1508,42224,0.32,short
1701,/root/bucket1/barophoresis-loungey-short.mp4,28,barophoresis-loungey,istockphoto.com,375451,10512628,0.17,short
145,/root/bucket5/barophoresis-loungey-long.mp4,53,barophoresis-loungey,ebay.co.uk,1501,79553,0.17,long
145,/root/bucket5/barophoresis-loungey-long.mp4,53,barophoresis-loungey,unknown,1504,79712,0.32,long
145,/root/bucket5/barophoresis-loungey-long.mp4,53,barophoresis-loungey,unknown,710638,37663814,0.49,long
145,/root/bucket5/barophoresis-loungey-long.mp4,53,barophoresis-loungey,unknown,722864,38311792,0.2,long
145,/root/bucket5/barophoresis-loungey-long.mp4,53,barophoresis-loungey,nature.com,540090,28624770,0.19,long
545,/videos/2020-02-01/outranks-rhizopod-short.mp4,15,outranks-rhizopod,multiply.com,520588,7808820,0.29,short
1673,/root/bucket2/outranks-rhizopod-long.mp4,46,outranks-rhizopod,yale.edu,1501,69046,0.19,long
985,/root/bucket3/ghostwrote-workaholic-short.mp4,11,ghostwrote-workaholic,ebay.co.uk,1501,16511,0.17,short
985,/root/bucket3/ghostwrote-workaholic-short.mp4,11,ghostwrote-workaholic,seattletimes.com,993914,10933054,0.21,short
985,/root/bucket3/ghostwrote-workaholic-short.mp4,11,ghostwrote-workaholic,twitter.com,467867,5146537,0.15,short
985,/root/bucket3/ghostwrote-workaholic-short.mp4,11,ghostwrote-workaholic,purevolume.com,468080,5148880,0.19,short
985,/root/bucket3/ghostwrote-workaholic-short.mp4,11,ghostwrote-workaholic,unknown,770840,8479240,0.27,short
1625,/videos/2020-02-03/ghostwrote-workaholic-long.mp4,51,ghostwrote-workaholic,mayoclinic.com,258817,13199667,0.26,long
1625,/videos/2020-02-03/ghostwrote-workaholic-long.mp4,51,ghostwrote-workaholic,purevolume.com,884164,45092364,0.49,long
1625,/videos/2020-02-03/ghostwrote-workaholic-long.mp4,51,ghostwrote-workaholic,unknown,99557,5077407,0.14,long
1625,/videos/2020-02-03/ghostwrote-workaholic-long.mp4,51,ghostwrote-workaholic,cafepress.com,512759,26150709,0.47,long
1625,/videos/2020-02-03/ghostwrote-workaholic-long.mp4,51,ghostwrote-workaholic,ebay.co.uk,1498,76398,0.46,long
1625,/videos/2020-02-03/ghostwrote-workaholic-long.mp4,51,ghostwrote-workaholic,unknown,814484,41538684,0.21,long
346,/root/bucket1/kip-bucktail-short.mp4,26,kip-bucktail,patch.com,918635,23884510,0.42,short
346,/root/bucket1/kip-bucktail-short.mp4,26,kip-bucktail,cafepress.com,606589,15771314,0.47,short
346,/root/bucket1/kip-bucktail-short.mp4,26,kip-bucktail,yale.edu,1499,38974,0.28,short
534,/root/bucket5/kip-bucktail-long.mp4,58,kip-bucktail,unknown,196040,11370320,0.26,long
1551,/root/bucket1/elbowrooms-ultion-short.mp4,20,elbowrooms-ultion,msu.edu,984827,19696540,0.25,short
1551,/root/bucket1/elbowrooms-ultion-short.mp4,20,elbowrooms-ultion,yale.edu,1491,29820,0.33,short
1551,/root/bucket1/elbowrooms-ultion-short.mp4,20,elbowrooms-ultion,blog.com,1504,30080,0.36,short
813,/media/elbowrooms-ultion-long.mp4,30,elbowrooms-ultion,blog.com,1498,44940,0.48,long
729,/videos/2020-02-03/loxodromically-voluntarists-short.mp4,19,loxodromically-voluntarists,issuu.com,173627,3298913,0.11,short
729,/videos/2020-02-03/loxodromically-voluntarists-short.mp4,19,loxodromically-voluntarists,yale.edu,873807,16602333,0.12,short
1594,/root/bucket4/loxodromically-voluntarists-long.mp4,56,loxodromically-voluntarists,storify.com,496993,27831608,0.28,long
1594,/root/bucket4/loxodromically-voluntarists-long.mp4,56,loxodromically-voluntarists,mail.ru,235168,13169408,0.48,long
1594,/root/bucket4/loxodromically-voluntarists-long.mp4,56,loxodromically-voluntarists,phoca.cz,22001,1232056,0.26,long
1367,/root/bucket3/treater-redolence-short.mp4,24,treater-redolence,yale.edu,1502,36048,0.5,short
1367,/root/bucket3/treater-redolence-short.mp4,24,treater-redolence,blog.com,1505,36120,0.1,short
1606,/media/azotemic-bonbonniere-short.mp4,16,azotemic-bonbonniere,comcast.net,736139,11778224,0.16,short
1606,/media/azotemic-bonbonniere-short.mp4,16,azotemic-bonbonniere,wp.com,277089,4433424,0.24,short
1462,/root/bucket5/azotemic-bonbonniere-long.mp4,51,azotemic-bonbonniere,hhs.gov,540362,27558462,0.28,long
1462,/root/bucket5/azotemic-bonbonniere-long.mp4,51,azotemic-bonbonniere,java.com,497084,25351284,0.21,long
1462,/root/bucket5/azotemic-bonbonniere-long.mp4,51,azotemic-bonbonniere,moonfruit.com,510303,26025453,0.45,long
1462,/root/bucket5/azotemic-bonbonniere-long.mp4,51,azotemic-bonbonniere,shareasale.com,110548,5637948,0.17,long
1462,/root/bucket5/azotemic-bonbonniere-long.mp4,51,azotemic-bonbonniere,ebay.co.uk,1499,76449,0.21,long
1462,/root/bucket5/azotemic-bonbonniere-long.mp4,51,azotemic-bonbonniere,google.nl,45802,2335902,0.1,long
1462,/root/bucket5/azotemic-bonbonniere-long.mp4,51,azotemic-bonbonniere,unknown,696152,35503752,0.48,long
1353,/media/dromos-endgates-short.mp4,21,dromos-endgates,ocn.ne.jp,50201,1054221,0.17,short
1353,/media/dromos-endgates-short.mp4,21,dromos-endgates,comcast.net,282977,5942517,0.2,short
980,/root/bucket4/dromos-endgates-long.mp4,31,dromos-endgates,cnet.com,825971,25605101,0.26,long
980,/root/bucket4/dromos-endgates-long.mp4,31,dromos-endgates,simplemachines.org,929867,28825877,0.2,long
980,/root/bucket4/dromos-endgates-long.mp4,31,dromos-endgates,twitter.com,781615,24230065,0.38,long
980,/root/bucket4/dromos-endgates-long.mp4,31,dromos-endgates,cafepress.com,560688,17381328,0.43,long
12,/videos/2020-02-04/analogue-anathematises-long.mp4,58,analogue-anathematises,webs.com,470988,27317304,0.44,long
12,/videos/2020-02-04/analogue-anathematises-long.mp4,58,analogue-anathematises,yale.edu,1498,86884,0.39,long
12,/videos/2020-02-04/analogue-anathematises-long.mp4,58,analogue-anathematises,fc2.com,103943,6028694,0.45,long
163,/root/bucket5/coldnesses-handgrip-short.mp4,27,coldnesses-handgrip,goodreads.com,906231,24468237,0.31,short
163,/root/bucket5/coldnesses-handgrip-short.mp4,27,coldnesses-handgrip,prnewswire.com,416225,11238075,0.45,short
163,/root/bucket5/coldnesses-handgrip-short.mp4,27,coldnesses-handgrip,yale.edu,1501,40527,0.28,short
163,/root/bucket5/coldnesses-handgrip-short.mp4,27,coldnesses-handgrip,yale.edu,1503,40581,0.18,short
163,/root/bucket5/coldnesses-handgrip-short.mp4,27,coldnesses-handgrip,shinystat.com,180505,4873635,0.16,short
111,/videos/2020-02-01/heterokont-publicans-short.mp4,21,heterokont-publicans,twitter.com,353425,7421925,0.16,short
111,/videos/2020-02-01/heterokont-publicans-short.mp4,21,heterokont-publicans,shareasale.com,712433,14961093,0.34,short
111,/videos/2020-02-01/heterokont-publicans-short.mp4,21,heterokont-publicans,moonfruit.com,103554,2174634,0.4,short
1427,/root/bucket5/heterokont-publicans-long.mp4,41,heterokont-publicans,issuu.com,21900,897900,0.13,long
1362,/root/bucket4/pintoes-yellowfin-short.mp4,8,pintoes-yellowfin,earthlink.net,968707,7749656,0.29,short
1441,/root/bucket3/pintoes-yellowfin-long.mp4,35,pintoes-yellowfin,spotify.com,957946,33528110,0.28,long
1441,/root/bucket3/pintoes-yellowfin-long.mp4,35,pintoes-yellowfin,java.com,774639,27112365,0.45,long
1441,/root/bucket3/pintoes-yellowfin-long.mp4,35,pintoes-yellowfin,nature.com,247793,8672755,0.16,long
1441,/root/bucket3/pintoes-yellowfin-long.mp4,35,pintoes-yellowfin,bravesites.com,196672,6883520,0.12,long
1722,/videos/2020-02-03/misdescription-flints-short.mp4,16,misdescription-flints,yale.edu,537094,8593504,0.15,short
1722,/videos/2020-02-03/misdescription-flints-short.mp4,16,misdescription-flints,unknown,2000,32000,0.12,short
1722,/videos/2020-02-03/misdescription-flints-short.mp4,16,misdescription-flints,sciencedaily.com,873264,13972224,0.12,short
1722,/videos/2020-02-03/misdescription-flints-short.mp4,16,misdescription-flints,cnet.com,862685,13802960,0.13,short
1722,/videos/2020-02-03/misdescription-flints-short.mp4,16,misdescription-flints,storify.com,495809,7932944,0.42,short
1722,/videos/2020-02-03/misdescription-flints-short.mp4,16,misdescription-flints,blog.com,1504,24064,0.24,short
1722,/videos/2020-02-03/misdescription-flints-short.mp4,16,misdescription-flints,unknown,1996,31936,0.44,short
1722,/videos/2020-02-03/misdescription-flints-short.mp4,16,misdescription-flints,ebay.co.uk,1504,24064,0.39,short
1722,/videos/2020-02-03/misdescription-flints-short.mp4,16,misdescription-flints,yale.edu,1494,23904,0.45,short
67,/root/bucket1/stridulous-phyllosilicates-short.mp4,9,stridulous-phyllosilicates,seattletimes.com,710491,6394419,0.13,short
67,/root/bucket1/stridulous-phyllosilicates-short.mp4,9,stridulous-phyllosilicates,yale.edu,1503,13527,0.17,short
67,/root/bucket1/stridulous-phyllosilicates-short.mp4,9,stridulous-phyllosilicates,unknown,927461,8347149,0.15,short
1245,/videos/2020-02-04/stridulous-phyllosilicates-long.mp4,39,stridulous-phyllosilicates,unknown,49961,1948479,0.13,long
1245,/videos/2020-02-04/stridulous-phyllosilicates-long.mp4,39,stridulous-phyllosilicates,blog.com,1502,58578,0.41,long
1245,/videos/2020-02-04/stridulous-phyllosilicates-long.mp4,39,stridulous-phyllosilicates,bravesites.com,447252,17442828,0.28,long
1245,/videos/2020-02-04/stridulous-phyllosilicates-long.mp4,39,stridulous-phyllosilicates,unknown,600239,23409321,0.38,long
1245,/videos/2020-02-04/stridulous-phyllosilicates-long.mp4,39,stridulous-phyllosilicates,ebay.co.uk,1499,58461,0.36,long
901,/root/bucket2/quantongs-epacts-short.mp4,13,quantongs-epacts,goodreads.com,359563,4674319,0.45,short
901,/root/bucket2/quantongs-epacts-short.mp4,13,quantongs-epacts,hhs.gov,987438,12836694,0.35,short
901,/root/bucket2/quantongs-epacts-short.mp4,13,quantongs-epacts,blog.com,1500,19500,0.14,short
901,/root/bucket2/quantongs-epacts-short.mp4,13,quantongs-epacts,unknown,2000,26000,0.19,short
901,/root/bucket2/quantongs-epacts-short.mp4,13,quantongs-epacts,ebay.co.uk,1501,19513,0.14,short
901,/root/bucket2/quantongs-epacts-short.mp4,13,quantongs-epacts,yandex.ru,331370,4307810,0.18,short
901,/root/bucket2/quantongs-epacts-short.mp4,13,quantongs-epacts,meetup.com,797153,10362989,0.25,short
901,/root/bucket2/quantongs-epacts-short.mp4,13,quantongs-epacts,skype.com,174829,2272777,0.45,short
234,/videos/2020-02-04/quantongs-epacts-long.mp4,59,quantongs-epacts,blog.com,1505,88795,0.35,long
234,/videos/2020-02-04/quantongs-epacts-long.mp4,59,quantongs-epacts,state.gov,325565,19208335,0.2,long
330,/root/bucket3/enormous-varactor-short.mp4,8,enormous-varactor,prnewswire.com,744764,5958112,0.24,short
330,/root/bucket3/enormous-varactor-short.mp4,8,enormous-varactor,unknown,295123,2360984,0.32,short
330,/root/bucket3/enormous-varactor-short.mp4,8,enormous-varactor,blog.com,1503,12024,0.45,short
330,/root/bucket3/enormous-varactor-short.mp4,8,enormous-varactor,purevolume.com,296875,2375000,0.44,short
330,/root/bucket3/enormous-varactor-short.mp4,8,enormous-varactor,blog.com,1492,11936,0.39,short
330,/root/bucket3/enormous-varactor-short.mp4,8,enormous-varactor,yale.edu,1501,12008,0.39,short
1506,/root/bucket2/enormous-varactor-long.mp4,52,enormous-varactor,bbb.org,663319,34492588,0.13,long
1506,/root/bucket2/enormous-varactor-long.mp4,52,enormous-varactor,blog.com,1501,78052,0.45,long
1506,/root/bucket2/enormous-varactor-long.mp4,52,enormous-varactor,blog.com,1500,78000,0.36,long
1763,/root/bucket1/vellicative-chemisorb-short.mp4,21,vellicative-chemisorb,ebay.co.uk,1500,31500,0.13,short
1763,/root/bucket1/vellicative-chemisorb-short.mp4,21,vellicative-chemisorb,comcast.net,194368,4081728,0.47,short
1005,/videos/2020-02-02/vellicative-chemisorb-long.mp4,58,vellicative-chemisorb,blog.com,1499,86942,0.37,long
1005,/videos/2020-02-02/vellicative-chemisorb-long.mp4,58,vellicative-chemisorb,unknown,538136,31211888,0.42,long
1005,/videos/2020-02-02/vellicative-chemisorb-long.mp4,58,vellicative-chemisorb,nature.com,934698,54212484,0.35,long
1005,/videos/2020-02-02/vellicative-chemisorb-long.mp4,58,vellicative-chemisorb,usgs.gov,161075,9342350,0.34,long
1834,/root/bucket1/outvenomed-tithonias-short.mp4,26,outvenomed-tithonias,ebay.co.uk,1500,39000,0.46,short
1834,/root/bucket1/outvenomed-tithonias-short.mp4,26,outvenomed-tithonias,issuu.com,323305,8405930,0.2,short
1834,/root/bucket1/outvenomed-tithonias-short.mp4,26,outvenomed-tithonias,unknown,1996,51896,0.21,short
1060,/root/bucket3/outvenomed-tithonias-long.mp4,51,outvenomed-tithonias,ebay.co.uk,1506,76806,0.49,long
1060,/root/bucket3/outvenomed-tithonias-long.mp4,51,outvenomed-tithonias,unknown,1999,101949,0.14,long
1060,/root/bucket3/outvenomed-tithonias-long.mp4,51,outvenomed-tithonias,blog.com,1499,76449,0.43,long
1799,/root/bucket4/ejective-straked-short.mp4,23,ejective-straked,ebay.co.uk,1497,34431,0.45,short
1799,/root/bucket4/ejective-straked-short.mp4,23,ejective-straked,yale.edu,1498,34454,0.14,short
1072,/root/bucket2/ejective-straked-long.mp4,49,ejective-straked,ustream.tv,369929,18126521,0.37,long
1072,/root/bucket2/ejective-straked-long.mp4,49,ejective-straked,blog.com,1499,73451,0.36,long
774,/videos/2020-02-03/acrylonitrile-bloodlust-short.mp4,16,acrylonitrile-bloodlust,twitter.com,105489,1687824,0.14,short
774,/videos/2020-02-03/acrylonitrile-bloodlust-short.mp4,16,acrylonitrile-bloodlust,unknown,2000,32000,0.16,short
774,/videos/2020-02-03/acrylonitrile-bloodlust-short.mp4,16,acrylonitrile-bloodlust,joomla.org,525014,8400224,0.11,short
822,/root/bucket1/acrylonitrile-bloodlust-long.mp4,53,acrylonitrile-bloodlust,yale.edu,1499,79447,0.32,long
822,/root/bucket1/acrylonitrile-bloodlust-long.mp4,53,acrylonitrile-bloodlust,unknown,1510,80030,0.35,long
822,/root/bucket1/acrylonitrile-bloodlust-long.mp4,53,acrylonitrile-bloodlust,unknown,1997,105841,0.37,long
822,/root/bucket1/acrylonitrile-bloodlust-long.mp4,53,acrylonitrile-bloodlust,unknown,1515,80295,0.26,long
822,/root/bucket1/acrylonitrile-bloodlust-long.mp4,53,acrylonitrile-bloodlust,unknown,1509,79977,0.18,long
602,/videos/2020-02-03/outstations-tying-short.mp4,7,outstations-tying,ebay.co.uk,1503,10521,0.29,short
1615,/root/bucket1/outstations-tying-long.mp4,49,outstations-tying,ebay.co.uk,1508,73892,0.49,long
1615,/root/bucket1/outstations-tying-long.mp4,49,outstations-tying,ebay.co.uk,1502,73598,0.21,long
1615,/root/bucket1/outstations-tying-long.mp4,49,outstations-tying,blog.com,1496,73304,0.24,long
1615,/root/bucket1/outstations-tying-long.mp4,49,outstations-tying,skype.com,950944,46596256,0.43,long
42,/root/bucket5/chieferies-emblics-short.mp4,30,chieferies-emblics,thetimes.co.uk,195916,5877480,0.23,short
42,/root/bucket5/chieferies-emblics-short.mp4,30,chieferies-emblics,buzzfeed.com,450894,13526820,0.34,short
42,/root/bucket5/chieferies-emblics-short.mp4,30,chieferies-emblics,shinystat.com,560854,16825620,0.2,short
324,/root/bucket2/chieferies-emblics-long.mp4,58,chieferies-emblics,yale.edu,1497,86826,0.48,long
324,/root/bucket2/chieferies-emblics-long.mp4,58,chieferies-emblics,fc2.com,171569,9951002,0.48,long
113,/root/bucket4/squiresses-bigheadedness-short.mp4,6,squiresses-bigheadedness,yale.edu,1494,8964,0.49,short
113,/root/bucket4/squiresses-bigheadedness-short.mp4,6,squiresses-bigheadedness,yale.edu,1495,8970,0.38,short
113,/root/bucket4/squiresses-bigheadedness-short.mp4,6,squiresses-bigheadedness,unknown,1997,11982,0.14,short
1318,/root/bucket2/squiresses-bigheadedness-long.mp4,41,squiresses-bigheadedness,yale.edu,1501,61541,0.29,long
1318,/root/bucket2/squiresses-bigheadedness-long.mp4,41,squiresses-bigheadedness,blogtalkradio.com,838527,34379607,0.23,long
1318,/root/bucket2/squiresses-bigheadedness-long.mp4,41,squiresses-bigheadedness,moonfruit.com,560114,22964674,0.31,long
1318,/root/bucket2/squiresses-bigheadedness-long.mp4,41,squiresses-bigheadedness,unknown,2002,82082,0.4,long
1318,/root/bucket2/squiresses-bigheadedness-long.mp4,41,squiresses-bigheadedness,redcross.org,922168,37808888,0.23,long
1318,/root/bucket2/squiresses-bigheadedness-long.mp4,41,squiresses-bigheadedness,flavors.me,731534,29992894,0.35,long
1318,/root/bucket2/squiresses-bigheadedness-long.mp4,41,squiresses-bigheadedness,nbcnews.com,265663,10892183,0.31,long
1612,/videos/2020-02-02/effete-cutch-short.mp4,21,effete-cutch,yale.edu,443121,9305541,0.13,short
1586,/root/bucket1/effete-cutch-long.mp4,54,effete-cutch,blogtalkradio.com,323694,17479476,0.14,long
1752,/root/bucket5/pellack-juvenals-short.mp4,12,pellack-juvenals,redcross.org,879710,10556520,0.29,short
1752,/root/bucket5/pellack-juvenals-short.mp4,12,pellack-juvenals,zdnet.com,82410,988920,0.15,short
1752,/root/bucket5/pellack-juvenals-short.mp4,12,pellack-juvenals,yale.edu,877187,10526244,0.12,short
1752,/root/bucket5/pellack-juvenals-short.mp4,12,pellack-juvenals,unknown,598992,7187904,0.44,short
1379,/root/bucket1/pellack-juvenals-long.mp4,51,pellack-juvenals,ocn.ne.jp,292389,14911839,0.46,long
47,/videos/2020-02-02/cervixes-alibied-short.mp4,27,cervixes-alibied,yale.edu,1502,40554,0.2,short
47,/videos/2020-02-02/cervixes-alibied-short.mp4,27,cervixes-alibied,ebay.co.uk,1499,40473,0.44,short
47,/videos/2020-02-02/cervixes-alibied-short.mp4,27,cervixes-alibied,prnewswire.com,903611,24397497,0.26,short
747,/root/bucket2/cervixes-alibied-long.mp4,46,cervixes-alibied,exblog.jp,156044,7178024,0.49,long
747,/root/bucket2/cervixes-alibied-long.mp4,46,cervixes-alibied,free13runpool.com,957643,44051578,0.15,long
747,/root/bucket2/cervixes-alibied-long.mp4,46,cervixes-alibied,elegantthemes.com,166670,7666820,0.25,long
606,/root/bucket5/depopulating-graips-short.mp4,5,depopulating-graips,blog.com,1502,7510,0.33,short
606,/root/bucket5/depopulating-graips-short.mp4,5,depopulating-graips,unknown,1513,7565,0.18,short
606,/root/bucket5/depopulating-graips-short.mp4,5,depopulating-graips,so-net.ne.jp,544629,2723145,0.41,short
1605,/videos/2020-02-01/depopulating-graips-long.mp4,48,depopulating-graips,unknown,1506,72288,0.13,long
1605,/videos/2020-02-01/depopulating-graips-long.mp4,48,depopulating-graips,unknown,1515,72720,0.1,long
1605,/videos/2020-02-01/depopulating-graips-long.mp4,48,depopulating-graips,reverbnation.com,415281,19933488,0.31,long
1605,/videos/2020-02-01/depopulating-graips-long.mp4,48,depopulating-graips,unknown,2001,96048,0.13,long
1605,/videos/2020-02-01/depopulating-graips-long.mp4,48,depopulating-graips,skype.com,284867,13673616,0.11,long
1605,/videos/2020-02-01/depopulating-graips-long.mp4,48,depopulating-graips,discovery.com,610169,29288112,0.23,long
1605,/videos/2020-02-01/depopulating-graips-long.mp4,48,depopulating-graips,mail.ru,949073,45555504,0.49,long
1605,/videos/2020-02-01/depopulating-graips-long.mp4,48,depopulating-graips,blog.com,1502,72096,0.21,long
1632,/videos/2020-02-01/mycovirus-nattering-short.mp4,13,mycovirus-nattering,blog.com,1503,19539,0.4,short
1632,/videos/2020-02-01/mycovirus-nattering-short.mp4,13,mycovirus-nattering,google.fr,910445,11835785,0.37,short
1632,/videos/2020-02-01/mycovirus-nattering-short.mp4,13,mycovirus-nattering,techcrunch.com,37831,491803,0.18,short
1632,/videos/2020-02-01/mycovirus-nattering-short.mp4,13,mycovirus-nattering,about.com,148259,1927367,0.49,short
1646,/root/bucket2/mycovirus-nattering-long.mp4,47,mycovirus-nattering,unknown,2001,94047,0.3,long
1646,/root/bucket2/mycovirus-nattering-long.mp4,47,mycovirus-nattering,yale.edu,1503,70641,0.49,long
1423,/root/bucket1/unappalled-laveers-short.mp4,5,unappalled-laveers,so-net.ne.jp,216225,1081125,0.38,short
1423,/root/bucket1/unappalled-laveers-short.mp4,5,unappalled-laveers,shinystat.com,944776,4723880,0.39,short
1423,/root/bucket1/unappalled-laveers-short.mp4,5,unappalled-laveers,skype.com,94266,471330,0.48,short
1423,/root/bucket1/unappalled-laveers-short.mp4,5,unappalled-laveers,about.com,435615,2178075,0.24,short
1423,/root/bucket1/unappalled-laveers-short.mp4,5,unappalled-laveers,state.gov,724607,3623035,0.47,short
805,/root/bucket4/unappalled-laveers-long.mp4,26,unappalled-laveers,ebay.co.uk,1499,38974,0.4,long
805,/root/bucket4/unappalled-laveers-long.mp4,26,unappalled-laveers,csmonitor.com,13223,343798,0.38,long
1324,/root/bucket1/suboptimizations-unpunctualities-short.mp4,24,suboptimizations-unpunctualities,skype.com,353280,8478720,0.35,short
1324,/root/bucket1/suboptimizations-unpunctualities-short.mp4,24,suboptimizations-unpunctualities,blog.com,1496,35904,0.33,short
510,/videos/2020-02-03/suboptimizations-unpunctualities-long.mp4,60,suboptimizations-unpunctualities,ebay.co.uk,1496,89760,0.13,long
1982,/root/bucket1/frush-beadman-short.mp4,12,frush-beadman,auda.org.au,59987,719844,0.17,short
821,/videos/2020-02-04/interclavicular-sugging-short.mp4,15,interclavicular-sugging,blog.com,1505,22575,0.2,short
821,/videos/2020-02-04/interclavicular-sugging-short.mp4,15,interclavicular-sugging,yale.edu,1502,22530,0.48,short
21,/media/interclavicular-sugging-long.mp4,42,interclavicular-sugging,yale.edu,1498,62916,0.3,long
21,/media/interclavicular-sugging-long.mp4,42,interclavicular-sugging,google.fr,380205,15968610,0.41,long
21,/media/interclavicular-sugging-long.mp4,42,interclavicular-sugging,usnews.com,866223,36381366,0.35,long
21,/media/interclavicular-sugging-long.mp4,42,interclavicular-sugging,patch.com,8625,362250,0.3,long
21,/media/interclavicular-sugging-long.mp4,42,interclavicular-sugging,blog.com,1501,63042,0.23,long
21,/media/interclavicular-sugging-long.mp4,42,interclavicular-sugging,storify.com,554234,23277828,0.23,long
21,/media/interclavicular-sugging-long.mp4,42,interclavicular-sugging,elegantthemes.com,471510,19803420,0.29,long
21,/media/interclavicular-sugging-long.mp4,42,interclavicular-sugging,webs.com,263899,11083758,0.14,long
21,/media/interclavicular-sugging-long.mp4,42,interclavicular-sugging,mayoclinic.com,683989,28727538,0.33,long
21,/media/interclavicular-sugging-long.mp4,42,interclavicular-sugging,unknown,1509,63378,0.47,long
1370,/root/bucket2/diurnalists-papyrus-short.mp4,27,diurnalists-papyrus,unknown,2001,54027,0.32,short
1370,/root/bucket2/diurnalists-papyrus-short.mp4,27,diurnalists-papyrus,exblog.jp,101203,2732481,0.42,short
1370,/root/bucket2/diurnalists-papyrus-short.mp4,27,diurnalists-papyrus,yale.edu,1500,40500,0.24,short
759,/root/bucket2/diurnalists-papyrus-long.mp4,48,diurnalists-papyrus,issuu.com,908458,43605984,0.25,long
759,/root/bucket2/diurnalists-papyrus-long.mp4,48,diurnalists-papyrus,flavors.me,95196,4569408,0.41,long
759,/root/bucket2/diurnalists-papyrus-long.mp4,48,diurnalists-papyrus,g.co,294317,14127216,0.45,long
759,/root/bucket2/diurnalists-papyrus-long.mp4,48,diurnalists-papyrus,skype.com,367913,17659824,0.17,long
766,/media/shortchanged-contemplatist-short.mp4,13,shortchanged-contemplatist,nbcnews.com,569120,7398560,0.32,short
766,/media/shortchanged-contemplatist-short.mp4,13,shortchanged-contemplatist,blogs.com,985875,12816375,0.29,short
766,/media/shortchanged-contemplatist-short.mp4,13,shortchanged-contemplatist,phoca.cz,949092,12338196,0.28,short
766,/media/shortchanged-contemplatist-short.mp4,13,shortchanged-contemplatist,prnewswire.com,301888,3924544,0.2,short
816,/videos/2020-02-03/shortchanged-contemplatist-long.mp4,38,shortchanged-contemplatist,unknown,2000,76000,0.23,long
816,/videos/2020-02-03/shortchanged-contemplatist-long.mp4,38,shortchanged-contemplatist,blog.com,1500,57000,0.48,long
816,/videos/2020-02-03/shortchanged-contemplatist-long.mp4,38,shortchanged-contemplatist,unknown,2006,76228,0.17,long
816,/videos/2020-02-03/shortchanged-contemplatist-long.mp4,38,shortchanged-contemplatist,yandex.ru,542609,20619142,0.24,long
816,/videos/2020-02-03/shortchanged-contemplatist-long.mp4,38,shortchanged-contemplatist,macromedia.com,998997,37961886,0.19,long
886,/videos/2020-02-01/babblements-heptahedra-short.mp4,28,babblements-heptahedra,unknown,73404,2055312,0.3,short
886,/videos/2020-02-01/babblements-heptahedra-short.mp4,28,babblements-heptahedra,netvibes.com,122169,3420732,0.13,short
886,/videos/2020-02-01/babblements-heptahedra-short.mp4,28,babblements-heptahedra,npr.org,900130,25203640,0.43,short
1484,/videos/2020-02-04/babblements-heptahedra-long.mp4,51,babblements-heptahedra,unknown,1510,77010,0.25,long
1484,/videos/2020-02-04/babblements-heptahedra-long.mp4,51,babblements-heptahedra,utexas.edu,988394,50408094,0.28,long
1484,/videos/2020-02-04/babblements-heptahedra-long.mp4,51,babblements-heptahedra,unknown,1512,77112,0.29,long
1484,/videos/2020-02-04/babblements-heptahedra-long.mp4,51,babblements-heptahedra,epa.gov,868934,44315634,0.49,long
712,/videos/2020-02-04/vacances-trephine-short.mp4,11,vacances-trephine,chron.com,496198,5458178,0.3,short
712,/videos/2020-02-04/vacances-trephine-short.mp4,11,vacances-trephine,blog.com,1500,16500,0.21,short
712,/videos/2020-02-04/vacances-trephine-short.mp4,11,vacances-trephine,skype.com,546711,6013821,0.27,short
712,/videos/2020-02-04/vacances-trephine-short.mp4,11,vacances-trephine,csmonitor.com,330617,3636787,0.12,short
712,/videos/2020-02-04/vacances-trephine-short.mp4,11,vacances-trephine,harvard.edu,392683,4319513,0.27,short
712,/videos/2020-02-04/vacances-trephine-short.mp4,11,vacances-trephine,npr.org,239563,2635193,0.46,short
1336,/videos/2020-02-03/vacances-trephine-long.mp4,60,vacances-trephine,icio.us,189615,11376900,0.45,long
1336,/videos/2020-02-03/vacances-trephine-long.mp4,60,vacances-trephine,prnewswire.com,271933,16315980,0.15,long
1336,/videos/2020-02-03/vacances-trephine-long.mp4,60,vacances-trephine,icio.us,424213,25452780,0.3,long
1336,/videos/2020-02-03/vacances-trephine-long.mp4,60,vacances-trephine,yale.edu,1494,89640,0.14,long
1336,/videos/2020-02-03/vacances-trephine-long.mp4,60,vacances-trephine,unknown,1507,90420,0.41,long
248,/root/bucket4/arable-sinistrorse-short.mp4,29,arable-sinistrorse,about.com,187654,5441966,0.36,short
248,/root/bucket4/arable-sinistrorse-short.mp4,29,arable-sinistrorse,yale.edu,1503,43587,0.19,short
248,/root/bucket4/arable-sinistrorse-short.mp4,29,arable-sinistrorse,blog.com,1500,43500,0.13,short
248,/root/bucket4/arable-sinistrorse-short.mp4,29,arable-sinistrorse,free13runpool.com,210787,6112823,0.15,short
248,/root/bucket4/arable-sinistrorse-short.mp4,29,arable-sinistrorse,yale.edu,1501,43529,0.41,short
818,/videos/2020-02-03/arable-sinistrorse-long.mp4,55,arable-sinistrorse,livejournal.com,838318,46107490,0.26,long
818,/videos/2020-02-03/arable-sinistrorse-long.mp4,55,arable-sinistrorse,yale.edu,1499,82445,0.26,long
818,/videos/2020-02-03/arable-sinistrorse-long.mp4,55,arable-sinistrorse,goodreads.com,390042,21452310,0.35,long
818,/videos/2020-02-03/arable-sinistrorse-long.mp4,55,arable-sinistrorse,sourceforge.net,845835,46520925,0.17,long
818,/videos/2020-02-03/arable-sinistrorse-long.mp4,55,arable-sinistrorse,blog.com,1498,82390,0.37,long
818,/videos/2020-02-03/arable-sinistrorse-long.mp4,55,arable-sinistrorse,unknown,88743,4880865,0.21,long
1544,/videos/2020-02-04/swingisms-floppily-short.mp4,28,swingisms-floppily,goo.ne.jp,754878,21136584,0.44,short
1544,/videos/2020-02-04/swingisms-floppily-short.mp4,28,swingisms-floppily,google.fr,45006,1260168,0.38,short
1544,/videos/2020-02-04/swingisms-floppily-short.mp4,28,swingisms-floppily,ustream.tv,314536,8807008,0.18,short
1544,/videos/2020-02-04/swingisms-floppily-short.mp4,28,swingisms-floppily,csmonitor.com,848446,23756488,0.29,short
1544,/videos/2020-02-04/swingisms-floppily-short.mp4,28,swingisms-floppily,unknown,1506,42168,0.29,short
1544,/videos/2020-02-04/swingisms-floppily-short.mp4,28,swingisms-floppily,un.org,43723,1224244,0.11,short
1557,/root/bucket2/swingisms-floppily-long.mp4,47,swingisms-floppily,joomla.org,175048,8227256,0.11,long
1346,/root/bucket2/chinwag-defrags-short.mp4,7,chinwag-defrags,harvard.edu,138879,972153,0.35,short
1346,/root/bucket2/chinwag-defrags-short.mp4,7,chinwag-defrags,angelfire.com,239903,1679321,0.44,short
1346,/root/bucket2/chinwag-defrags-short.mp4,7,chinwag-defrags,free13runpool.com,678788,4751516,0.29,short
1346,/root/bucket2/chinwag-defrags-short.mp4,7,chinwag-defrags,yale.edu,1501,10507,0.25,short
1346,/root/bucket2/chinwag-defrags-short.mp4,7,chinwag-defrags,jigsy.com,363774,2546418,0.44,short
1346,/root/bucket2/chinwag-defrags-short.mp4,7,chinwag-defrags,de.vu,842177,5895239,0.44,short
1939,/root/bucket1/chinwag-defrags-long.mp4,29,chinwag-defrags,blog.com,1500,43500,0.33,long
1939,/root/bucket1/chinwag-defrags-long.mp4,29,chinwag-defrags,yale.edu,859464,24924456,0.41,long
1939,/root/bucket1/chinwag-defrags-long.mp4,29,chinwag-defrags,odnoklassniki.ru,147772,4285388,0.19,long
1939,/root/bucket1/chinwag-defrags-long.mp4,29,chinwag-defrags,ebay.co.uk,1506,43674,0.21,long
1939,/root/bucket1/chinwag-defrags-long.mp4,29,chinwag-defrags,ustream.tv,969832,28125128,0.48,long
363,/videos/2020-02-03/turcopole-galravaging-short.mp4,11,turcopole-galravaging,g.co,501141,5512551,0.42,short
363,/videos/2020-02-03/turcopole-galravaging-short.mp4,11,turcopole-galravaging,goodreads.com,431554,4747094,0.13,short
363,/videos/2020-02-03/turcopole-galravaging-short.mp4,11,turcopole-galravaging,ebay.co.uk,1495,16445,0.22,short
918,/root/bucket1/turcopole-galravaging-long.mp4,60,turcopole-galravaging,simplemachines.org,677494,40649640,0.38,long
402,/root/bucket1/fuliginosities-denotate-short.mp4,11,fuliginosities-denotate,yale.edu,1501,16511,0.38,short
1289,/videos/2020-02-03/fuliginosities-denotate-long.mp4,59,fuliginosities-denotate,unknown,1997,117823,0.48,long
1289,/videos/2020-02-03/fuliginosities-denotate-long.mp4,59,fuliginosities-denotate,auda.org.au,382089,22543251,0.45,long
1820,/root/bucket3/coltishnesses-compearances-short.mp4,8,coltishnesses-compearances,yale.edu,1500,12000,0.26,short
1820,/root/bucket3/coltishnesses-compearances-short.mp4,8,coltishnesses-compearances,netvibes.com,826767,6614136,0.18,short
478,/videos/2020-02-04/coltishnesses-compearances-long.mp4,56,coltishnesses-compearances,unknown,1996,111776,0.31,long
1858,/videos/2020-02-04/informations-transpirable-short.mp4,16,informations-transpirable,unknown,2003,32048,0.11,short
1858,/videos/2020-02-04/informations-transpirable-short.mp4,16,informations-transpirable,goo.ne.jp,242457,3879312,0.27,short
1858,/videos/2020-02-04/informations-transpirable-short.mp4,16,informations-transpirable,unknown,1508,24128,0.4,short
1858,/videos/2020-02-04/informations-transpirable-short.mp4,16,informations-transpirable,thetimes.co.uk,90795,1452720,0.44,short
1858,/videos/2020-02-04/informations-transpirable-short.mp4,16,informations-transpirable,unknown,2000,32000,0.27,short
1858,/videos/2020-02-04/informations-transpirable-short.mp4,16,informations-transpirable,auda.org.au,989867,15837872,0.16,short
1858,/videos/2020-02-04/informations-transpirable-short.mp4,16,informations-transpirable,sciencedaily.com,719429,11510864,0.21,short
1776,/videos/2020-02-03/axoplasms-daman-short.mp4,25,axoplasms-daman,yale.edu,1503,37575,0.15,short
1776,/videos/2020-02-03/axoplasms-daman-short.mp4,25,axoplasms-daman,so-net.ne.jp,915599,22889975,0.23,short
1776,/videos/2020-02-03/axoplasms-daman-short.mp4,25,axoplasms-daman,thetimes.co.uk,765200,19130000,0.47,short
1776,/videos/2020-02-03/axoplasms-daman-short.mp4,25,axoplasms-daman,mail.ru,184242,4606050,0.27,short
1776,/videos/2020-02-03/axoplasms-daman-short.mp4,25,axoplasms-daman,unknown,1504,37600,0.35,short
1776,/videos/2020-02-03/axoplasms-daman-short.mp4,25,axoplasms-daman,ebay.co.uk,1500,37500,0.48,short
967,/root/bucket2/axoplasms-daman-long.mp4,38,axoplasms-daman,reverbnation.com,580001,22040038,0.43,long
967,/root/bucket2/axoplasms-daman-long.mp4,38,axoplasms-daman,nature.com,796956,30284328,0.36,long
967,/root/bucket2/axoplasms-daman-long.mp4,38,axoplasms-daman,de.vu,759708,28868904,0.16,long
607,/videos/2020-02-02/bough-contraried-short.mp4,29,bough-contraried,de.vu,712275,20655975,0.16,short
937,/videos/2020-02-03/bough-contraried-long.mp4,33,bough-contraried,unknown,1508,49764,0.33,long
937,/videos/2020-02-03/bough-contraried-long.mp4,33,bough-contraried,ebay.co.uk,1504,49632,0.31,long
937,/videos/2020-02-03/bough-contraried-long.mp4,33,bough-contraried,sourceforge.net,635202,20961666,0.21,long
937,/videos/2020-02-03/bough-contraried-long.mp4,33,bough-contraried,ebay.co.uk,1501,49533,0.11,long
1119,/videos/2020-02-04/wester-torpescences-short.mp4,30,wester-torpescences,prnewswire.com,987107,29613210,0.13,short
1119,/videos/2020-02-04/wester-torpescences-short.mp4,30,wester-torpescences,unicef.org,470785,14123550,0.17,short
1824,/root/bucket2/wester-torpescences-long.mp4,38,wester-torpescences,unknown,1996,75848,0.25,long
1824,/root/bucket2/wester-torpescences-long.mp4,38,wester-torpescences,foxnews.com,759455,28859290,0.23,long
1824,/root/bucket2/wester-torpescences-long.mp4,38,wester-torpescences,livejournal.com,706143,26833434,0.49,long
609,/root/bucket5/accidental-laterized-short.mp4,12,accidental-laterized,moonfruit.com,685373,8224476,0.44,short
1580,/root/bucket3/accidental-laterized-long.mp4,40,accidental-laterized,washington.edu,351576,14063040,0.14,long
1580,/root/bucket3/accidental-laterized-long.mp4,40,accidental-laterized,ebay.co.uk,1501,60040,0.31,long
1580,/root/bucket3/accidental-laterized-long.mp4,40,accidental-laterized,unknown,1512,60480,0.14,long
1273,/videos/2020-02-02/teds-afterwards-long.mp4,50,teds-afterwards,goo.ne.jp,247299,12364950,0.34,long
1273,/videos/2020-02-02/teds-afterwards-long.mp4,50,teds-afterwards,elegantthemes.com,742241,37112050,0.2,long
1157,/media/sculs-morelles-short.mp4,27,sculs-morelles,yale.edu,1502,40554,0.2,short
1157,/media/sculs-morelles-short.mp4,27,sculs-morelles,loc.gov,679729,18352683,0.37,short
1157,/media/sculs-morelles-short.mp4,27,sculs-morelles,blog.com,1498,40446,0.48,short
1157,/media/sculs-morelles-short.mp4,27,sculs-morelles,unknown,919231,24819237,0.31,short
1157,/media/sculs-morelles-short.mp4,27,sculs-morelles,nature.com,116672,3150144,0.39,short
1157,/media/sculs-morelles-short.mp4,27,sculs-morelles,so-net.ne.jp,200578,5415606,0.38,short
594,/root/bucket4/sculs-morelles-long.mp4,59,sculs-morelles,spotify.com,599162,35350558,0.48,long
594,/root/bucket4/sculs-morelles-long.mp4,59,sculs-morelles,patch.com,90123,5317257,0.25,long
594,/root/bucket4/sculs-morelles-long.mp4,59,sculs-morelles,livejournal.com,816071,48148189,0.34,long
594,/root/bucket4/sculs-morelles-long.mp4,59,sculs-morelles,redcross.org,142053,8381127,0.49,long
584,/media/noncomputerized-hillocks-long.mp4,37,noncomputerized-hillocks,so-net.ne.jp,418098,15469626,0.37,long
466,/root/bucket3/bewrayed-emanations-short.mp4,21,bewrayed-emanations,blog.com,1500,31500,0.15,short
310,/root/bucket5/bewrayed-emanations-long.mp4,46,bewrayed-emanations,yale.edu,1500,69000,0.23,long
310,/root/bucket5/bewrayed-emanations-long.mp4,46,bewrayed-emanations,blog.com,1502,69092,0.29,long
310,/root/bucket5/bewrayed-emanations-long.mp4,46,bewrayed-emanations,blogs.com,309050,14216300,0.49,long
310,/root/bucket5/bewrayed-emanations-long.mp4,46,bewrayed-emanations,dion.ne.jp,423114,19463244,0.49,long
310,/root/bucket5/bewrayed-emanations-long.mp4,46,bewrayed-emanations,unknown,702235,32302810,0.13,long
122,/root/bucket3/aerodart-porcelainise-short.mp4,21,aerodart-porcelainise,nature.com,390867,8208207,0.38,short
122,/root/bucket3/aerodart-porcelainise-short.mp4,21,aerodart-porcelainise,yale.edu,1499,31479,0.22,short
122,/root/bucket3/aerodart-porcelainise-short.mp4,21,aerodart-porcelainise,yandex.ru,656045,13776945,0.16,short
912,/videos/2020-02-01/aerodart-porcelainise-long.mp4,38,aerodart-porcelainise,blog.com,1503,57114,0.38,long
912,/videos/2020-02-01/aerodart-porcelainise-long.mp4,38,aerodart-porcelainise,unknown,386067,14670546,0.42,long
912,/videos/2020-02-01/aerodart-porcelainise-long.mp4,38,aerodart-porcelainise,unknown,1997,75886,0.29,long
912,/videos/2020-02-01/aerodart-porcelainise-long.mp4,38,aerodart-porcelainise,discovery.com,692796,26326248,0.41,long
1477,/root/bucket2/cabezon-epileptically-short.mp4,15,cabezon-epileptically,purevolume.com,610678,9160170,0.3,short
165,/root/bucket3/parotides-lairising-long.mp4,53,parotides-lairising,blog.com,1504,79712,0.3,long
165,/root/bucket3/parotides-lairising-long.mp4,53,parotides-lairising,ebay.co.uk,1500,79500,0.35,long
165,/root/bucket3/parotides-lairising-long.mp4,53,parotides-lairising,jalbum.net,82260,4359780,0.2,long
165,/root/bucket3/parotides-lairising-long.mp4,53,parotides-lairising,unknown,2002,106106,0.24,long
165,/root/bucket3/parotides-lairising-long.mp4,53,parotides-lairising,utexas.edu,157537,8349461,0.41,long
165,/root/bucket3/parotides-lairising-long.mp4,53,parotides-lairising,springer.com,691119,36629307,0.34,long
165,/root/bucket3/parotides-lairising-long.mp4,53,parotides-lairising,unknown,847799,44933347,0.14,long
165,/root/bucket3/parotides-lairising-long.mp4,53,parotides-lairising,blog.com,1501,79553,0.39,long
62,/root/bucket5/rentings-multicapitate-short.mp4,6,rentings-multicapitate,simplemachines.org,700411,4202466,0.2,short
62,/root/bucket5/rentings-multicapitate-short.mp4,6,rentings-multicapitate,fc2.com,445847,2675082,0.37,short
62,/root/bucket5/rentings-multicapitate-short.mp4,6,rentings-multicapitate,prnewswire.com,907948,5447688,0.35,short
721,/videos/2020-02-03/rentings-multicapitate-long.mp4,36,rentings-multicapitate,ocn.ne.jp,756983,27251388,0.15,long
721,/videos/2020-02-03/rentings-multicapitate-long.mp4,36,rentings-multicapitate,unknown,2003,72108,0.37,long
721,/videos/2020-02-03/rentings-multicapitate-long.mp4,36,rentings-multicapitate,thetimes.co.uk,153895,5540220,0.17,long
721,/videos/2020-02-03/rentings-multicapitate-long.mp4,36,rentings-multicapitate,redcross.org,98534,3547224,0.43,long
721,/videos/2020-02-03/rentings-multicapitate-long.mp4,36,rentings-multicapitate,mail.ru,74451,2680236,0.17,long
1696,/media/rail-incrementals-short.mp4,7,rail-incrementals,webs.com,270583,1894081,0.27,short
1696,/media/rail-incrementals-short.mp4,7,rail-incrementals,opera.com,691811,4842677,0.26,short
1260,/videos/2020-02-04/rail-incrementals-long.mp4,48,rail-incrementals,blog.com,1500,72000,0.4,long
1260,/videos/2020-02-04/rail-incrementals-long.mp4,48,rail-incrementals,ebay.co.uk,1501,72048,0.11,long
518,/root/bucket1/fetchers-lovesome-short.mp4,29,fetchers-lovesome,yale.edu,1503,43587,0.17,short
518,/root/bucket1/fetchers-lovesome-short.mp4,29,fetchers-lovesome,storify.com,103907,3013303,0.13,short
518,/root/bucket1/fetchers-lovesome-short.mp4,29,fetchers-lovesome,unknown,2001,58029,0.4,short
518,/root/bucket1/fetchers-lovesome-short.mp4,29,fetchers-lovesome,ocn.ne.jp,722939,20965231,0.29,short
764,/root/bucket4/fetchers-lovesome-long.mp4,35,fetchers-lovesome,goo.ne.jp,716030,25061050,0.34,long
764,/root/bucket4/fetchers-lovesome-long.mp4,35,fetchers-lovesome,unknown,991831,34714085,0.13,long
764,/root/bucket4/fetchers-lovesome-long.mp4,35,fetchers-lovesome,techcrunch.com,541804,18963140,0.45,long
262,/videos/2020-02-03/eukaryon-claim-short.mp4,18,eukaryon-claim,goo.ne.jp,756481,13616658,0.37,short
262,/videos/2020-02-03/eukaryon-claim-short.mp4,18,eukaryon-claim,about.com,591649,10649682,0.31,short
262,/videos/2020-02-03/eukaryon-claim-short.mp4,18,eukaryon-claim,hhs.gov,198647,3575646,0.16,short
1388,/root/bucket4/eukaryon-claim-long.mp4,47,eukaryon-claim,csmonitor.com,866753,40737391,0.17,long
1388,/root/bucket4/eukaryon-claim-long.mp4,47,eukaryon-claim,comcast.net,491735,23111545,0.36,long
1020,/root/bucket2/deejay-haemocyte-short.mp4,15,deejay-haemocyte,utexas.edu,993184,14897760,0.28,short
1020,/root/bucket2/deejay-haemocyte-short.mp4,15,deejay-haemocyte,goo.ne.jp,147621,2214315,0.16,short
1020,/root/bucket2/deejay-haemocyte-short.mp4,15,deejay-haemocyte,ebay.co.uk,1499,22485,0.33,short
1020,/root/bucket2/deejay-haemocyte-short.mp4,15,deejay-haemocyte,unknown,347385,5210775,0.16,short
440,/videos/2020-02-01/deejay-haemocyte-long.mp4,52,deejay-haemocyte,phoca.cz,450397,23420644,0.15,long
440,/videos/2020-02-01/deejay-haemocyte-long.mp4,52,deejay-haemocyte,fc2.com,94851,4932252,0.43,long
1111,/root/bucket2/relatives-quellers-short.mp4,16,relatives-quellers,unknown,1514,24224,0.36,short
1111,/root/bucket2/relatives-quellers-short.mp4,16,relatives-quellers,so-net.ne.jp,864886,13838176,0.22,short
1999,/videos/2020-02-03/relatives-quellers-long.mp4,26,relatives-quellers,npr.org,996734,25915084,0.11,long
1999,/videos/2020-02-03/relatives-quellers-long.mp4,26,relatives-quellers,ebay.co.uk,1500,39000,0.32,long
1999,/videos/2020-02-03/relatives-quellers-long.mp4,26,relatives-quellers,moonfruit.com,473526,12311676,0.32,long
1999,/videos/2020-02-03/relatives-quellers-long.mp4,26,relatives-quellers,shareasale.com,877105,22804730,0.23,long
1999,/videos/2020-02-03/relatives-quellers-long.mp4,26,relatives-quellers,discovery.com,144612,3759912,0.4,long
1999,/videos/2020-02-03/relatives-quellers-long.mp4,26,relatives-quellers,github.com,710324,18468424,0.46,long
1999,/videos/2020-02-03/relatives-quellers-long.mp4,26,relatives-quellers,unknown,2004,52104,0.24,long
1999,/videos/2020-02-03/relatives-quellers-long.mp4,26,relatives-quellers,unknown,775240,20156240,0.13,long
1472,/root/bucket3/rheotaxis-subcodes-short.mp4,23,rheotaxis-subcodes,unknown,1997,45931,0.24,short
1472,/root/bucket3/rheotaxis-subcodes-short.mp4,23,rheotaxis-subcodes,yale.edu,1498,34454,0.5,short
1472,/root/bucket3/rheotaxis-subcodes-short.mp4,23,rheotaxis-subcodes,yale.edu,1495,34385,0.23,short
542,/media/rheotaxis-subcodes-long.mp4,25,rheotaxis-subcodes,moonfruit.com,318349,7958725,0.24,long
542,/media/rheotaxis-subcodes-long.mp4,25,rheotaxis-subcodes,prnewswire.com,404244,10106100,0.28,long
981,/videos/2020-02-01/commonplaces-pseudocode-short.mp4,12,commonplaces-pseudocode,usgs.gov,468555,5622660,0.21,short
981,/videos/2020-02-01/commonplaces-pseudocode-short.mp4,12,commonplaces-pseudocode,blog.com,1494,17928,0.38,short
1930,/root/bucket5/commonplaces-pseudocode-long.mp4,46,commonplaces-pseudocode,ebay.co.uk,1500,69000,0.39,long
1930,/root/bucket5/commonplaces-pseudocode-long.mp4,46,commonplaces-pseudocode,mail.ru,222917,10254182,0.45,long
1930,/root/bucket5/commonplaces-pseudocode-long.mp4,46,commonplaces-pseudocode,nymag.com,969145,44580670,0.35,long
1930,/root/bucket5/commonplaces-pseudocode-long.mp4,46,commonplaces-pseudocode,jalbum.net,881127,40531842,0.47,long
1930,/root/bucket5/commonplaces-pseudocode-long.mp4,46,commonplaces-pseudocode,reddit.com,624955,28747930,0.29,long
1650,/videos/2020-02-03/pungles-brocatels-short.mp4,10,pungles-brocatels,usgs.gov,878649,8786490,0.2,short
1650,/videos/2020-02-03/pungles-brocatels-short.mp4,10,pungles-brocatels,nature.com,675550,6755500,0.35,short
1650,/videos/2020-02-03/pungles-brocatels-short.mp4,10,pungles-brocatels,unknown,1507,15070,0.48,short
1538,/videos/2020-02-01/pungles-brocatels-long.mp4,26,pungles-brocatels,artisteer.com,360858,9382308,0.19,long
1538,/videos/2020-02-01/pungles-brocatels-long.mp4,26,pungles-brocatels,github.com,325467,8462142,0.14,long
528,/videos/2020-02-01/maraudings-microcelebrity-short.mp4,10,maraudings-microcelebrity,unknown,1998,19980,0.17,short
528,/videos/2020-02-01/maraudings-microcelebrity-short.mp4,10,maraudings-microcelebrity,wp.com,247665,2476650,0.45,short
528,/videos/2020-02-01/maraudings-microcelebrity-short.mp4,10,maraudings-microcelebrity,unknown,1511,15110,0.37,short
1608,/media/maraudings-microcelebrity-long.mp4,49,maraudings-microcelebrity,unknown,2000,98000,0.25,long
1608,/media/maraudings-microcelebrity-long.mp4,49,maraudings-microcelebrity,yale.edu,1504,73696,0.11,long
1608,/media/maraudings-microcelebrity-long.mp4,49,maraudings-microcelebrity,sciencedaily.com,55543,2721607,0.45,long
1309,/videos/2020-02-04/azym-abelia-short.mp4,19,azym-abelia,purevolume.com,426386,8101334,0.4,short
1309,/videos/2020-02-04/azym-abelia-short.mp4,19,azym-abelia,zdnet.com,594504,11295576,0.18,short
1309,/videos/2020-02-04/azym-abelia-short.mp4,19,azym-abelia,blog.com,1500,28500,0.42,short
1309,/videos/2020-02-04/azym-abelia-short.mp4,19,azym-abelia,unknown,1506,28614,0.31,short
936,/videos/2020-02-04/azym-abelia-long.mp4,60,azym-abelia,yolasite.com,122684,7361040,0.26,long
936,/videos/2020-02-04/azym-abelia-long.mp4,60,azym-abelia,icio.us,301431,18085860,0.35,long
936,/videos/2020-02-04/azym-abelia-long.mp4,60,azym-abelia,unknown,2000,120000,0.26,long
1081,/media/antimonites-recalcitration-short.mp4,30,antimonites-recalcitration,earthlink.net,782216,23466480,0.13,short
1081,/media/antimonites-recalcitration-short.mp4,30,antimonites-recalcitration,free13runpool.com,544660,16339800,0.23,short
1081,/media/antimonites-recalcitration-short.mp4,30,antimonites-recalcitration,unknown,286494,8594820,0.43,short
1081,/media/antimonites-recalcitration-short.mp4,30,antimonites-recalcitration,odnoklassniki.ru,904250,27127500,0.42,short
1081,/media/antimonites-recalcitration-short.mp4,30,antimonites-recalcitration,amazon.com,692962,20788860,0.28,short
911,/root/bucket1/antimonites-recalcitration-long.mp4,49,antimonites-recalcitration,unknown,2001,98049,0.38,long
911,/root/bucket1/antimonites-recalcitration-long.mp4,49,antimonites-recalcitration,twitter.com,799838,39192062,0.25,long
911,/root/bucket1/antimonites-recalcitration-long.mp4,49,antimonites-recalcitration,unknown,757491,37117059,0.16,long
911,/root/bucket1/antimonites-recalcitration-long.mp4,49,antimonites-recalcitration,fc2.com,510501,25014549,0.13,long
911,/root/bucket1/antimonites-recalcitration-long.mp4,49,antimonites-recalcitration,blog.com,1501,73549,0.45,long
964,/media/rebalancing-dognapping-short.mp4,29,rebalancing-dognapping,unknown,1512,43848,0.33,short
964,/media/rebalancing-dognapping-short.mp4,29,rebalancing-dognapping,ebay.co.uk,1502,43558,0.11,short
964,/media/rebalancing-dognapping-short.mp4,29,rebalancing-dognapping,dailymotion.com,408050,11833450,0.27,short
964,/media/rebalancing-dognapping-short.mp4,29,rebalancing-dognapping,g.co,480091,13922639,0.39,short
1437,/root/bucket3/rebalancing-dognapping-long.mp4,55,rebalancing-dognapping,usnews.com,844756,46461580,0.1,long
1437,/root/bucket3/rebalancing-dognapping-long.mp4,55,rebalancing-dognapping,unknown,1507,82885,0.1,long
1437,/root/bucket3/rebalancing-dognapping-long.mp4,55,rebalancing-dognapping,goodreads.com,663299,36481445,0.24,long
1437,/root/bucket3/rebalancing-dognapping-long.mp4,55,rebalancing-dognapping,spotify.com,465008,25575440,0.4,long
1138,/root/bucket1/bilabiate-belittler-short.mp4,7,bilabiate-belittler,spotify.com,34349,240443,0.29,short
1138,/root/bucket1/bilabiate-belittler-short.mp4,7,bilabiate-belittler,unknown,747832,5234824,0.22,short
1160,/root/bucket4/bilabiate-belittler-long.mp4,37,bilabiate-belittler,unknown,2004,74148,0.22,long
1160,/root/bucket4/bilabiate-belittler-long.mp4,37,bilabiate-belittler,ebay.co.uk,1497,55389,0.3,long
1160,/root/bucket4/bilabiate-belittler-long.mp4,37,bilabiate-belittler,yale.edu,1497,55389,0.48,long
1160,/root/bucket4/bilabiate-belittler-long.mp4,37,bilabiate-belittler,ebay.co.uk,1500,55500,0.29,long
1926,/root/bucket1/overperch-overwhelming-short.mp4,10,overperch-overwhelming,unknown,1996,19960,0.29,short
853,/root/bucket2/overperch-overwhelming-long.mp4,53,overperch-overwhelming,dailymotion.com,202037,10707961,0.21,long
416,/videos/2020-02-01/enmeshments-rogued-short.mp4,9,enmeshments-rogued,unknown,1996,17964,0.12,short
416,/videos/2020-02-01/enmeshments-rogued-short.mp4,9,enmeshments-rogued,blog.com,1497,13473,0.29,short
416,/videos/2020-02-01/enmeshments-rogued-short.mp4,9,enmeshments-rogued,spotify.com,779029,7011261,0.17,short
771,/media/enmeshments-rogued-long.mp4,42,enmeshments-rogued,blog.com,1498,62916,0.28,long
771,/media/enmeshments-rogued-long.mp4,42,enmeshments-rogued,blog.com,1499,62958,0.16,long
771,/media/enmeshments-rogued-long.mp4,42,enmeshments-rogued,yolasite.com,974566,40931772,0.15,long
771,/media/enmeshments-rogued-long.mp4,42,enmeshments-rogued,unknown,493060,20708520,0.17,long
771,/media/enmeshments-rogued-long.mp4,42,enmeshments-rogued,yale.edu,494218,20757156,0.5,long
1787,/media/codomains-kinships-short.mp4,19,codomains-kinships,ebay.co.uk,1498,28462,0.23,short
1787,/media/codomains-kinships-short.mp4,19,codomains-kinships,fc2.com,911341,17315479,0.47,short
1787,/media/codomains-kinships-short.mp4,19,codomains-kinships,jalbum.net,779019,14801361,0.3,short
1787,/media/codomains-kinships-short.mp4,19,codomains-kinships,nature.com,212935,4045765,0.22,short
1900,/videos/2020-02-01/codomains-kinships-long.mp4,25,codomains-kinships,unknown,957801,23945025,0.36,long
1900,/videos/2020-02-01/codomains-kinships-long.mp4,25,codomains-kinships,mail.ru,864422,21610550,0.48,long
1163,/videos/2020-02-03/unworried-ensigns-short.mp4,11,unworried-ensigns,yale.edu,1497,16467,0.48,short
1163,/videos/2020-02-03/unworried-ensigns-short.mp4,11,unworried-ensigns,csmonitor.com,112426,1236686,0.4,short
1163,/videos/2020-02-03/unworried-ensigns-short.mp4,11,unworried-ensigns,moonfruit.com,993436,10927796,0.39,short
1163,/videos/2020-02-03/unworried-ensigns-short.mp4,11,unworried-ensigns,nymag.com,258417,2842587,0.29,short
1107,/root/bucket5/unworried-ensigns-long.mp4,60,unworried-ensigns,unknown,646122,38767320,0.27,long
1107,/root/bucket5/unworried-ensigns-long.mp4,60,unworried-ensigns,yale.edu,1504,90240,0.17,long
1107,/root/bucket5/unworried-ensigns-long.mp4,60,unworried-ensigns,unknown,978004,58680240,0.29,long
1107,/root/bucket5/unworried-ensigns-long.mp4,60,unworried-ensigns,yale.edu,1498,89880,0.15,long
1852,/media/protonations-acridities-short.mp4,25,protonations-acridities,unknown,1508,37700,0.25,short
1852,/media/protonations-acridities-short.mp4,25,protonations-acridities,bbb.org,405965,10149125,0.13,short
1852,/media/protonations-acridities-short.mp4,25,protonations-acridities,moonfruit.com,266394,6659850,0.34,short
794,/root/bucket2/protonations-acridities-long.mp4,33,protonations-acridities,cafepress.com,16564,546612,0.27,long
794,/root/bucket2/protonations-acridities-long.mp4,33,protonations-acridities,unknown,350752,11574816,0.41,long
794,/root/bucket2/protonations-acridities-long.mp4,33,protonations-acridities,msu.edu,695731,22959123,0.2,long
794,/root/bucket2/protonations-acridities-long.mp4,33,protonations-acridities,blogs.com,630267,20798811,0.27,long
794,/root/bucket2/protonations-acridities-long.mp4,33,protonations-acridities,yale.edu,1505,49665,0.4,long
794,/root/bucket2/protonations-acridities-long.mp4,33,protonations-acridities,chron.com,8137,268521,0.5,long
884,/videos/2020-02-03/tretinoins-fisheries-short.mp4,7,tretinoins-fisheries,goo.ne.jp,838021,5866147,0.27,short
884,/videos/2020-02-03/tretinoins-fisheries-short.mp4,7,tretinoins-fisheries,blog.com,1502,10514,0.17,short
884,/videos/2020-02-03/tretinoins-fisheries-short.mp4,7,tretinoins-fisheries,simplemachines.org,370309,2592163,0.29,short
884,/videos/2020-02-03/tretinoins-fisheries-short.mp4,7,tretinoins-fisheries,auda.org.au,381095,2667665,0.22,short
884,/videos/2020-02-03/tretinoins-fisheries-short.mp4,7,tretinoins-fisheries,harvard.edu,726097,5082679,0.2,short
2,/videos/2020-02-03/tretinoins-fisheries-long.mp4,52,tretinoins-fisheries,goo.ne.jp,613667,31910684,0.42,long
2,/videos/2020-02-03/tretinoins-fisheries-long.mp4,52,tretinoins-fisheries,harvard.edu,854826,44450952,0.44,long
2,/videos/2020-02-03/tretinoins-fisheries-long.mp4,52,tretinoins-fisheries,ebay.co.uk,1502,78104,0.17,long
2,/videos/2020-02-03/tretinoins-fisheries-long.mp4,52,tretinoins-fisheries,java.com,579054,30110808,0.22,long
2,/videos/2020-02-03/tretinoins-fisheries-long.mp4,52,tretinoins-fisheries,icio.us,852096,44308992,0.26,long
2,/videos/2020-02-03/tretinoins-fisheries-long.mp4,52,tretinoins-fisheries,ocn.ne.jp,121067,6295484,0.28,long
2,/videos/2020-02-03/tretinoins-fisheries-long.mp4,52,tretinoins-fisheries,odnoklassniki.ru,550757,28639364,0.37,long
1985,/root/bucket2/clofibrates-divisional-short.mp4,12,clofibrates-divisional,ebay.co.uk,1501,18012,0.2,short
1985,/root/bucket2/clofibrates-divisional-short.mp4,12,clofibrates-divisional,icio.us,359160,4309920,0.33,short
1985,/root/bucket2/clofibrates-divisional-short.mp4,12,clofibrates-divisional,goo.ne.jp,539918,6479016,0.49,short
1985,/root/bucket2/clofibrates-divisional-short.mp4,12,clofibrates-divisional,phoca.cz,16535,198420,0.41,short
1053,/videos/2020-02-01/clofibrates-divisional-long.mp4,56,clofibrates-divisional,blog.com,1498,83888,0.36,long
1053,/videos/2020-02-01/clofibrates-divisional-long.mp4,56,clofibrates-divisional,unknown,1509,84504,0.5,long
1053,/videos/2020-02-01/clofibrates-divisional-long.mp4,56,clofibrates-divisional,unknown,740843,41487208,0.24,long
232,/root/bucket5/dodgeries-parallelopipeda-short.mp4,27,dodgeries-parallelopipeda,webs.com,195385,5275395,0.39,short
232,/root/bucket5/dodgeries-parallelopipeda-short.mp4,27,dodgeries-parallelopipeda,artisteer.com,345304,9323208,0.43,short
232,/root/bucket5/dodgeries-parallelopipeda-short.mp4,27,dodgeries-parallelopipeda,wp.com,990679,26748333,0.42,short
1049,/root/bucket1/dodgeries-parallelopipeda-long.mp4,33,dodgeries-parallelopipeda,reverbnation.com,585169,19310577,0.17,long
1049,/root/bucket1/dodgeries-parallelopipeda-long.mp4,33,dodgeries-parallelopipeda,comsenz.com,223186,7365138,0.36,long
972,/root/bucket3/dibenzofurans-prioritizes-short.mp4,28,dibenzofurans-prioritizes,patch.com,966944,27074432,0.22,short
972,/root/bucket3/dibenzofurans-prioritizes-short.mp4,28,dibenzofurans-prioritizes,goo.ne.jp,435153,12184284,0.49,short
259,/root/bucket2/dibenzofurans-prioritizes-long.mp4,57,dibenzofurans-prioritizes,unknown,1509,86013,0.14,long
259,/root/bucket2/dibenzofurans-prioritizes-long.mp4,57,dibenzofurans-prioritizes,unknown,1515,86355,0.2,long
259,/root/bucket2/dibenzofurans-prioritizes-long.mp4,57,dibenzofurans-prioritizes,purevolume.com,711933,40580181,0.16,long
798,/root/bucket3/lewisites-liripoop-short.mp4,29,lewisites-liripoop,yale.edu,1500,43500,0.33,short
798,/root/bucket3/lewisites-liripoop-short.mp4,29,lewisites-liripoop,angelfire.com,586286,17002294,0.45,short
798,/root/bucket3/lewisites-liripoop-short.mp4,29,lewisites-liripoop,unknown,2000,58000,0.3,short
798,/root/bucket3/lewisites-liripoop-short.mp4,29,lewisites-liripoop,blog.com,1501,43529,0.13,short
146,/root/bucket4/lewisites-liripoop-long.mp4,45,lewisites-liripoop,unknown,883043,39736935,0.19,long
146,/root/bucket4/lewisites-liripoop-long.mp4,45,lewisites-liripoop,flavors.me,168162,7567290,0.31,long
146,/root/bucket4/lewisites-liripoop-long.mp4,45,lewisites-liripoop,yale.edu,1501,67545,0.29,long
146,/root/bucket4/lewisites-liripoop-long.mp4,45,lewisites-liripoop,reddit.com,837092,37669140,0.17,long
146,/root/bucket4/lewisites-liripoop-long.mp4,45,lewisites-liripoop,ebay.co.uk,1498,67410,0.29,long
1773,/videos/2020-02-01/nanodots-multivolume-short.mp4,5,nanodots-multivolume,g.co,643910,3219550,0.14,short
1773,/videos/2020-02-01/nanodots-multivolume-short.mp4,5,nanodots-multivolume,unknown,1997,9985,0.18,short
1773,/videos/2020-02-01/nanodots-multivolume-short.mp4,5,nanodots-multivolume,fc2.com,289125,1445625,0.22,short
1773,/videos/2020-02-01/nanodots-multivolume-short.mp4,5,nanodots-multivolume,topsy.com,822971,4114855,0.42,short
1773,/videos/2020-02-01/nanodots-multivolume-short.mp4,5,nanodots-multivolume,ebay.co.uk,1501,7505,0.27,short
1408,/videos/2020-02-03/nanodots-multivolume-long.mp4,46,nanodots-multivolume,unknown,1515,69690,0.22,long
1408,/videos/2020-02-03/nanodots-multivolume-long.mp4,46,nanodots-multivolume,unknown,1995,91770,0.13,long
1408,/videos/2020-02-03/nanodots-multivolume-long.mp4,46,nanodots-multivolume,moonfruit.com,24874,1144204,0.37,long
1408,/videos/2020-02-03/nanodots-multivolume-long.mp4,46,nanodots-multivolume,unknown,1997,91862,0.43,long
1408,/videos/2020-02-03/nanodots-multivolume-long.mp4,46,nanodots-multivolume,twitter.com,298285,13721110,0.23,long
1408,/videos/2020-02-03/nanodots-multivolume-long.mp4,46,nanodots-multivolume,blog.com,1499,68954,0.29,long
1125,/root/bucket5/butane-thatches-short.mp4,8,butane-thatches,harvard.edu,889144,7113152,0.48,short
672,/root/bucket1/wayless-belt-short.mp4,21,wayless-belt,yale.edu,1501,31521,0.32,short
672,/root/bucket1/wayless-belt-short.mp4,21,wayless-belt,goodreads.com,601886,12639606,0.27,short
672,/root/bucket1/wayless-belt-short.mp4,21,wayless-belt,ebay.co.uk,1497,31437,0.3,short
672,/root/bucket1/wayless-belt-short.mp4,21,wayless-belt,patch.com,243471,5112891,0.43,short
711,/root/bucket4/wayless-belt-long.mp4,53,wayless-belt,techcrunch.com,393713,20866789,0.28,long
711,/root/bucket4/wayless-belt-long.mp4,53,wayless-belt,joomla.org,898287,47609211,0.16,long
433,/root/bucket2/instituted-weathercloths-short.mp4,28,instituted-weathercloths,angelfire.com,784016,21952448,0.45,short
433,/root/bucket2/instituted-weathercloths-short.mp4,28,instituted-weathercloths,jigsy.com,801043,22429204,0.39,short
433,/root/bucket2/instituted-weathercloths-short.mp4,28,instituted-weathercloths,springer.com,493909,13829452,0.36,short
433,/root/bucket2/instituted-weathercloths-short.mp4,28,instituted-weathercloths,blog.com,1497,41916,0.15,short
433,/root/bucket2/instituted-weathercloths-short.mp4,28,instituted-weathercloths,yale.edu,1502,42056,0.24,short
1825,/root/bucket3/instituted-weathercloths-long.mp4,31,instituted-weathercloths,unknown,451831,14006761,0.32,long
1825,/root/bucket3/instituted-weathercloths-long.mp4,31,instituted-weathercloths,foxnews.com,827935,25665985,0.15,long
1825,/root/bucket3/instituted-weathercloths-long.mp4,31,instituted-weathercloths,scribd.com,62405,1934555,0.32,long
1825,/root/bucket3/instituted-weathercloths-long.mp4,31,instituted-weathercloths,usnews.com,900624,27919344,0.49,long
1825,/root/bucket3/instituted-weathercloths-long.mp4,31,instituted-weathercloths,yale.edu,1503,46593,0.16,long
1825,/root/bucket3/instituted-weathercloths-long.mp4,31,instituted-weathercloths,ebay.co.uk,1497,46407,0.19,long
1825,/root/bucket3/instituted-weathercloths-long.mp4,31,instituted-weathercloths,wiley.com,691230,21428130,0.11,long
740,/videos/2020-02-03/underestimation-forfaiters-short.mp4,12,underestimation-forfaiters,google.fr,383910,4606920,0.21,short
740,/videos/2020-02-03/underestimation-forfaiters-short.mp4,12,underestimation-forfaiters,hhs.gov,282198,3386376,0.37,short
740,/videos/2020-02-03/underestimation-forfaiters-short.mp4,12,underestimation-forfaiters,buzzfeed.com,214654,2575848,0.22,short
1842,/root/bucket4/underestimation-forfaiters-long.mp4,49,underestimation-forfaiters,opera.com,708625,34722625,0.38,long
348,/videos/2020-02-03/hedonistic-mams-short.mp4,21,hedonistic-mams,purevolume.com,252527,5303067,0.42,short
348,/videos/2020-02-03/hedonistic-mams-short.mp4,21,hedonistic-mams,yale.edu,1499,31479,0.11,short
348,/videos/2020-02-03/hedonistic-mams-short.mp4,21,hedonistic-mams,sourceforge.net,92294,1938174,0.11,short
348,/videos/2020-02-03/hedonistic-mams-short.mp4,21,hedonistic-mams,unknown,858582,18030222,0.11,short
275,/root/bucket1/hedonistic-mams-long.mp4,34,hedonistic-mams,msu.edu,332763,11313942,0.11,long
51,/videos/2020-02-02/reassembly-therefor-short.mp4,18,reassembly-therefor,so-net.ne.jp,420904,7576272,0.36,short
51,/videos/2020-02-02/reassembly-therefor-short.mp4,18,reassembly-therefor,yale.edu,1500,27000,0.29,short
1994,/videos/2020-02-02/reassembly-therefor-long.mp4,44,reassembly-therefor,state.gov,877818,38623992,0.41,long
1994,/videos/2020-02-02/reassembly-therefor-long.mp4,44,reassembly-therefor,ustream.tv,521005,22924220,0.27,long
1994,/videos/2020-02-02/reassembly-therefor-long.mp4,44,reassembly-therefor,unknown,2000,88000,0.3,long
1994,/videos/2020-02-02/reassembly-therefor-long.mp4,44,reassembly-therefor,blogs.com,449475,19776900,0.22,long
1994,/videos/2020-02-02/reassembly-therefor-long.mp4,44,reassembly-therefor,unknown,369676,16265744,0.25,long
1994,/videos/2020-02-02/reassembly-therefor-long.mp4,44,reassembly-therefor,archive.org,560015,24640660,0.33,long
1994,/videos/2020-02-02/reassembly-therefor-long.mp4,44,reassembly-therefor,jalbum.net,118672,5221568,0.2,long
1994,/videos/2020-02-02/reassembly-therefor-long.mp4,44,reassembly-therefor,yandex.ru,921432,40543008,0.31,long
1994,/videos/2020-02-02/reassembly-therefor-long.mp4,44,reassembly-therefor,ebay.co.uk,1499,65956,0.27,long
486,/root/bucket1/dubitates-homologise-short.mp4,13,dubitates-homologise,reverbnation.com,751861,9774193,0.19,short
486,/root/bucket1/dubitates-homologise-short.mp4,13,dubitates-homologise,yale.edu,1500,19500,0.12,short
486,/root/bucket1/dubitates-homologise-short.mp4,13,dubitates-homologise,thetimes.co.uk,685347,8909511,0.23,short
1989,/videos/2020-02-01/dubitates-homologise-long.mp4,57,dubitates-homologise,unknown,1513,86241,0.18,long
1989,/videos/2020-02-01/dubitates-homologise-long.mp4,57,dubitates-homologise,goodreads.com,215826,12302082,0.32,long
1989,/videos/2020-02-01/dubitates-homologise-long.mp4,57,dubitates-homologise,nymag.com,354626,20213682,0.12,long
1989,/videos/2020-02-01/dubitates-homologise-long.mp4,57,dubitates-homologise,unknown,574364,32738748,0.29,long
1989,/videos/2020-02-01/dubitates-homologise-long.mp4,57,dubitates-homologise,unknown,2000,114000,0.11,long
1989,/videos/2020-02-01/dubitates-homologise-long.mp4,57,dubitates-homologise,ebay.co.uk,1499,85443,0.31,long
1989,/videos/2020-02-01/dubitates-homologise-long.mp4,57,dubitates-homologise,nbcnews.com,380097,21665529,0.42,long
1334,/media/monoecy-pettifoggings-short.mp4,26,monoecy-pettifoggings,unknown,478456,12439856,0.27,short
1334,/media/monoecy-pettifoggings-short.mp4,26,monoecy-pettifoggings,yale.edu,1497,38922,0.44,short
1334,/media/monoecy-pettifoggings-short.mp4,26,monoecy-pettifoggings,blogtalkradio.com,494527,12857702,0.19,short
1334,/media/monoecy-pettifoggings-short.mp4,26,monoecy-pettifoggings,fc2.com,211025,5486650,0.41,short
1334,/media/monoecy-pettifoggings-short.mp4,26,monoecy-pettifoggings,yale.edu,1497,38922,0.47,short
1912,/videos/2020-02-04/monoecy-pettifoggings-long.mp4,37,monoecy-pettifoggings,archive.org,875189,32381993,0.27,long
1912,/videos/2020-02-04/monoecy-pettifoggings-long.mp4,37,monoecy-pettifoggings,dedecms.com,853403,31575911,0.47,long
1253,/root/bucket2/psammophyte-unwithered-short.mp4,8,psammophyte-unwithered,flavors.me,295228,2361824,0.21,short
1253,/root/bucket2/psammophyte-unwithered-short.mp4,8,psammophyte-unwithered,unknown,297958,2383664,0.5,short
1253,/root/bucket2/psammophyte-unwithered-short.mp4,8,psammophyte-unwithered,blog.com,1503,12024,0.26,short
1253,/root/bucket2/psammophyte-unwithered-short.mp4,8,psammophyte-unwithered,so-net.ne.jp,899717,7197736,0.16,short
1847,/root/bucket2/psammophyte-unwithered-long.mp4,53,psammophyte-unwithered,unknown,1999,105947,0.19,long
1847,/root/bucket2/psammophyte-unwithered-long.mp4,53,psammophyte-unwithered,thetimes.co.uk,151761,8043333,0.22,long
1847,/root/bucket2/psammophyte-unwithered-long.mp4,53,psammophyte-unwithered,ebay.co.uk,1504,79712,0.41,long
1445,/videos/2020-02-03/burnooses-malaxage-short.mp4,18,burnooses-malaxage,flavors.me,314321,5657778,0.11,short
1445,/videos/2020-02-03/burnooses-malaxage-short.mp4,18,burnooses-malaxage,so-net.ne.jp,345994,6227892,0.37,short
1445,/videos/2020-02-03/burnooses-malaxage-short.mp4,18,burnooses-malaxage,unknown,2002,36036,0.31,short
1445,/videos/2020-02-03/burnooses-malaxage-short.mp4,18,burnooses-malaxage,discovery.com,376330,6773940,0.38,short
488,/root/bucket1/burnooses-malaxage-long.mp4,58,burnooses-malaxage,ebay.co.uk,1505,87290,0.2,long
488,/root/bucket1/burnooses-malaxage-long.mp4,58,burnooses-malaxage,unknown,964962,55967796,0.43,long
488,/root/bucket1/burnooses-malaxage-long.mp4,58,burnooses-malaxage,archive.org,325224,18862992,0.49,long
488,/root/bucket1/burnooses-malaxage-long.mp4,58,burnooses-malaxage,techcrunch.com,764436,44337288,0.39,long
488,/root/bucket1/burnooses-malaxage-long.mp4,58,burnooses-malaxage,blog.com,1501,87058,0.14,long
488,/root/bucket1/burnooses-malaxage-long.mp4,58,burnooses-malaxage,yale.edu,1501,87058,0.13,long
488,/root/bucket1/burnooses-malaxage-long.mp4,58,burnooses-malaxage,chron.com,36894,2139852,0.12,long
1874,/root/bucket5/sorrowfulnesses-henotheism-short.mp4,20,sorrowfulnesses-henotheism,harvard.edu,357621,7152420,0.3,short
1874,/root/bucket5/sorrowfulnesses-henotheism-short.mp4,20,sorrowfulnesses-henotheism,blog.com,1501,30020,0.33,short
1874,/root/bucket5/sorrowfulnesses-henotheism-short.mp4,20,sorrowfulnesses-henotheism,blog.com,1501,30020,0.49,short
1874,/root/bucket5/sorrowfulnesses-henotheism-short.mp4,20,sorrowfulnesses-henotheism,unknown,1513,30260,0.24,short
1874,/root/bucket5/sorrowfulnesses-henotheism-short.mp4,20,sorrowfulnesses-henotheism,odnoklassniki.ru,372968,7459360,0.44,short
1874,/root/bucket5/sorrowfulnesses-henotheism-short.mp4,20,sorrowfulnesses-henotheism,yale.edu,1506,30120,0.46,short
209,/root/bucket1/sorrowfulnesses-henotheism-long.mp4,43,sorrowfulnesses-henotheism,twitter.com,691452,29732436,0.38,long
209,/root/bucket1/sorrowfulnesses-henotheism-long.mp4,43,sorrowfulnesses-henotheism,seattletimes.com,495666,21313638,0.29,long
209,/root/bucket1/sorrowfulnesses-henotheism-long.mp4,43,sorrowfulnesses-henotheism,goo.ne.jp,15445,664135,0.26,long
209,/root/bucket1/sorrowfulnesses-henotheism-long.mp4,43,sorrowfulnesses-henotheism,csmonitor.com,817295,35143685,0.22,long
209,/root/bucket1/sorrowfulnesses-henotheism-long.mp4,43,sorrowfulnesses-henotheism,yale.edu,1504,64672,0.16,long
209,/root/bucket1/sorrowfulnesses-henotheism-long.mp4,43,sorrowfulnesses-henotheism,yale.edu,1499,64457,0.16,long
1919,/media/tomographic-realtones-short.mp4,21,tomographic-realtones,joomla.org,565493,11875353,0.29,short
1919,/media/tomographic-realtones-short.mp4,21,tomographic-realtones,state.gov,768211,16132431,0.29,short
1258,/videos/2020-02-01/benzoyl-inclose-short.mp4,8,benzoyl-inclose,odnoklassniki.ru,390983,3127864,0.47,short
1258,/videos/2020-02-01/benzoyl-inclose-short.mp4,8,benzoyl-inclose,unknown,109933,879464,0.21,short
1258,/videos/2020-02-01/benzoyl-inclose-short.mp4,8,benzoyl-inclose,purevolume.com,729255,5834040,0.21,short
1258,/videos/2020-02-01/benzoyl-inclose-short.mp4,8,benzoyl-inclose,unknown,1998,15984,0.37,short
1258,/videos/2020-02-01/benzoyl-inclose-short.mp4,8,benzoyl-inclose,cafepress.com,76879,615032,0.14,short
1258,/videos/2020-02-01/benzoyl-inclose-short.mp4,8,benzoyl-inclose,patch.com,21671,173368,0.32,short
162,/root/bucket1/benzoyl-inclose-long.mp4,46,benzoyl-inclose,patch.com,578806,26625076,0.44,long
162,/root/bucket1/benzoyl-inclose-long.mp4,46,benzoyl-inclose,unknown,2000,92000,0.4,long
41,/root/bucket2/girsh-offerors-short.mp4,5,girsh-offerors,drupal.org,994790,4973950,0.26,short
41,/root/bucket2/girsh-offerors-short.mp4,5,girsh-offerors,fc2.com,886776,4433880,0.23,short
41,/root/bucket2/girsh-offerors-short.mp4,5,girsh-offerors,goo.ne.jp,901395,4506975,0.2,short
502,/root/bucket2/girsh-offerors-long.mp4,37,girsh-offerors,dailymotion.com,526590,19483830,0.23,long
502,/root/bucket2/girsh-offerors-long.mp4,37,girsh-offerors,twitter.com,448620,16598940,0.14,long
502,/root/bucket2/girsh-offerors-long.mp4,37,girsh-offerors,simplemachines.org,235169,8701253,0.47,long
502,/root/bucket2/girsh-offerors-long.mp4,37,girsh-offerors,wiley.com,944185,34934845,0.39,long
206,/videos/2020-02-02/stronghold-sylphides-short.mp4,6,stronghold-sylphides,unknown,998264,5989584,0.27,short
206,/videos/2020-02-02/stronghold-sylphides-short.mp4,6,stronghold-sylphides,goo.ne.jp,608984,3653904,0.32,short
1280,/root/bucket4/stronghold-sylphides-long.mp4,42,stronghold-sylphides,ebay.co.uk,1503,63126,0.3,long
1280,/root/bucket4/stronghold-sylphides-long.mp4,42,stronghold-sylphides,yale.edu,1500,63000,0.5,long
1420,/root/bucket2/outdrinks-apoptoses-short.mp4,25,outdrinks-apoptoses,blog.com,1500,37500,0.39,short
57,/videos/2020-02-01/outdrinks-apoptoses-long.mp4,59,outdrinks-apoptoses,blog.com,1500,88500,0.19,long
57,/videos/2020-02-01/outdrinks-apoptoses-long.mp4,59,outdrinks-apoptoses,unknown,916446,54070314,0.13,long
57,/videos/2020-02-01/outdrinks-apoptoses-long.mp4,59,outdrinks-apoptoses,opera.com,260549,15372391,0.25,long
57,/videos/2020-02-01/outdrinks-apoptoses-long.mp4,59,outdrinks-apoptoses,yale.edu,786280,46390520,0.44,long
57,/videos/2020-02-01/outdrinks-apoptoses-long.mp4,59,outdrinks-apoptoses,unknown,575952,33981168,0.14,long
1432,/root/bucket4/stottering-reusability-short.mp4,21,stottering-reusability,zdnet.com,824977,17324517,0.33,short
1432,/root/bucket4/stottering-reusability-short.mp4,21,stottering-reusability,unknown,1996,41916,0.32,short
1432,/root/bucket4/stottering-reusability-short.mp4,21,stottering-reusability,yale.edu,1504,31584,0.28,short
922,/root/bucket4/stottering-reusability-long.mp4,30,stottering-reusability,unknown,857582,25727460,0.11,long
922,/root/bucket4/stottering-reusability-long.mp4,30,stottering-reusability,jigsy.com,725634,21769020,0.11,long
922,/root/bucket4/stottering-reusability-long.mp4,30,stottering-reusability,goo.ne.jp,183869,5516070,0.27,long
922,/root/bucket4/stottering-reusability-long.mp4,30,stottering-reusability,unknown,2000,60000,0.33,long
922,/root/bucket4/stottering-reusability-long.mp4,30,stottering-reusability,netvibes.com,889097,26672910,0.5,long
922,/root/bucket4/stottering-reusability-long.mp4,30,stottering-reusability,blogs.com,395840,11875200,0.37,long
1688,/root/bucket5/coprophagies-fantads-short.mp4,27,coprophagies-fantads,blog.com,1500,40500,0.21,short
574,/root/bucket3/coprophagies-fantads-long.mp4,58,coprophagies-fantads,goo.ne.jp,586887,34039446,0.21,long
574,/root/bucket3/coprophagies-fantads-long.mp4,58,coprophagies-fantads,goo.ne.jp,771198,44729484,0.38,long
1875,/media/secretors-timelessness-short.mp4,10,secretors-timelessness,loc.gov,175261,1752610,0.12,short
1875,/media/secretors-timelessness-short.mp4,10,secretors-timelessness,github.com,916175,9161750,0.28,short
1875,/media/secretors-timelessness-short.mp4,10,secretors-timelessness,prnewswire.com,209956,2099560,0.25,short
1875,/media/secretors-timelessness-short.mp4,10,secretors-timelessness,chron.com,734557,7345570,0.46,short
1875,/media/secretors-timelessness-short.mp4,10,secretors-timelessness,unknown,2002,20020,0.11,short
1875,/media/secretors-timelessness-short.mp4,10,secretors-timelessness,storify.com,195910,1959100,0.25,short
194,/videos/2020-02-02/retrainable-deriver-short.mp4,11,retrainable-deriver,auda.org.au,421186,4633046,0.18,short
578,/media/retrainable-deriver-long.mp4,52,retrainable-deriver,fc2.com,583848,30360096,0.42,long
578,/media/retrainable-deriver-long.mp4,52,retrainable-deriver,csmonitor.com,498548,25924496,0.45,long
578,/media/retrainable-deriver-long.mp4,52,retrainable-deriver,g.co,550843,28643836,0.47,long
578,/media/retrainable-deriver-long.mp4,52,retrainable-deriver,patch.com,159246,8280792,0.36,long
969,/videos/2020-02-02/battening-georgics-short.mp4,21,battening-georgics,amazon.com,443606,9315726,0.15,short
969,/videos/2020-02-02/battening-georgics-short.mp4,21,battening-georgics,istockphoto.com,560605,11772705,0.45,short
969,/videos/2020-02-02/battening-georgics-short.mp4,21,battening-georgics,blog.com,1501,31521,0.21,short
903,/root/bucket4/battening-georgics-long.mp4,40,battening-georgics,amazon.com,879227,35169080,0.17,long
903,/root/bucket4/battening-georgics-long.mp4,40,battening-georgics,topsy.com,339549,13581960,0.23,long
631,/root/bucket3/imbower-brickclay-short.mp4,12,imbower-brickclay,loc.gov,518717,6224604,0.5,short
631,/root/bucket3/imbower-brickclay-short.mp4,12,imbower-brickclay,macromedia.com,789788,9477456,0.47,short
631,/root/bucket3/imbower-brickclay-short.mp4,12,imbower-brickclay,purevolume.com,468474,5621688,0.44,short
631,/root/bucket3/imbower-brickclay-short.mp4,12,imbower-brickclay,unknown,1509,18108,0.17,short
1174,/videos/2020-02-04/imbower-brickclay-long.mp4,44,imbower-brickclay,unknown,2001,88044,0.11,long
1174,/videos/2020-02-04/imbower-brickclay-long.mp4,44,imbower-brickclay,wufoo.com,893109,39296796,0.39,long
1174,/videos/2020-02-04/imbower-brickclay-long.mp4,44,imbower-brickclay,issuu.com,246698,10854712,0.24,long
485,/root/bucket5/unwedgeable-guttating-short.mp4,10,unwedgeable-guttating,yale.edu,1503,15030,0.46,short
599,/root/bucket3/unwedgeable-guttating-long.mp4,49,unwedgeable-guttating,unknown,239208,11721192,0.29,long
599,/root/bucket3/unwedgeable-guttating-long.mp4,49,unwedgeable-guttating,seattletimes.com,468517,22957333,0.3,long
599,/root/bucket3/unwedgeable-guttating-long.mp4,49,unwedgeable-guttating,blog.com,1497,73353,0.24,long
599,/root/bucket3/unwedgeable-guttating-long.mp4,49,unwedgeable-guttating,unknown,681402,33388698,0.13,long
599,/root/bucket3/unwedgeable-guttating-long.mp4,49,unwedgeable-guttating,drupal.org,544343,26672807,0.39,long
1172,/root/bucket3/larcenously-amnions-short.mp4,11,larcenously-amnions,goo.ne.jp,463450,5097950,0.12,short
1172,/root/bucket3/larcenously-amnions-short.mp4,11,larcenously-amnions,unknown,2001,22011,0.41,short
1172,/root/bucket3/larcenously-amnions-short.mp4,11,larcenously-amnions,de.vu,5089,55979,0.22,short
1172,/root/bucket3/larcenously-amnions-short.mp4,11,larcenously-amnions,ebay.co.uk,1503,16533,0.22,short
1681,/videos/2020-02-03/larcenously-amnions-long.mp4,59,larcenously-amnions,springer.com,12421,732839,0.11,long
1681,/videos/2020-02-03/larcenously-amnions-long.mp4,59,larcenously-amnions,patch.com,791596,46704164,0.48,long
1681,/videos/2020-02-03/larcenously-amnions-long.mp4,59,larcenously-amnions,ocn.ne.jp,542804,32025436,0.42,long
1681,/videos/2020-02-03/larcenously-amnions-long.mp4,59,larcenously-amnions,jigsy.com,744886,43948274,0.17,long
1681,/videos/2020-02-03/larcenously-amnions-long.mp4,59,larcenously-amnions,harvard.edu,528425,31177075,0.29,long
1681,/videos/2020-02-03/larcenously-amnions-long.mp4,59,larcenously-amnions,free13runpool.com,438966,25898994,0.14,long
1349,/videos/2020-02-01/cevadilla-agon-short.mp4,22,cevadilla-agon,nba.com,544995,11989890,0.49,short
1349,/videos/2020-02-01/cevadilla-agon-short.mp4,22,cevadilla-agon,unknown,21358,469876,0.45,short
1349,/videos/2020-02-01/cevadilla-agon-short.mp4,22,cevadilla-agon,blog.com,1506,33132,0.17,short
1349,/videos/2020-02-01/cevadilla-agon-short.mp4,22,cevadilla-agon,ebay.co.uk,1499,32978,0.33,short
1349,/videos/2020-02-01/cevadilla-agon-short.mp4,22,cevadilla-agon,unknown,2004,44088,0.35,short
1349,/videos/2020-02-01/cevadilla-agon-short.mp4,22,cevadilla-agon,zdnet.com,477333,10501326,0.21,short
1349,/videos/2020-02-01/cevadilla-agon-short.mp4,22,cevadilla-agon,exblog.jp,429947,9458834,0.28,short
487,/root/bucket1/cevadilla-agon-long.mp4,55,cevadilla-agon,foxnews.com,880577,48431735,0.49,long
487,/root/bucket1/cevadilla-agon-long.mp4,55,cevadilla-agon,ebay.co.uk,1503,82665,0.22,long
1259,/root/bucket2/tormentings-rhabdomyoma-short.mp4,17,tormentings-rhabdomyoma,ebay.co.uk,1500,25500,0.24,short
1259,/root/bucket2/tormentings-rhabdomyoma-short.mp4,17,tormentings-rhabdomyoma,unknown,1512,25704,0.34,short
244,/media/tormentings-rhabdomyoma-long.mp4,58,tormentings-rhabdomyoma,netvibes.com,608750,35307500,0.34,long
244,/media/tormentings-rhabdomyoma-long.mp4,58,tormentings-rhabdomyoma,storify.com,971074,56322292,0.29,long
244,/media/tormentings-rhabdomyoma-long.mp4,58,tormentings-rhabdomyoma,nature.com,833679,48353382,0.15,long
979,/videos/2020-02-03/pyrolising-pudendous-long.mp4,42,pyrolising-pudendous,unknown,1996,83832,0.39,long
979,/videos/2020-02-03/pyrolising-pudendous-long.mp4,42,pyrolising-pudendous,icio.us,383453,16105026,0.34,long
979,/videos/2020-02-03/pyrolising-pudendous-long.mp4,42,pyrolising-pudendous,state.gov,272874,11460708,0.41,long
979,/videos/2020-02-03/pyrolising-pudendous-long.mp4,42,pyrolising-pudendous,bravesites.com,716036,30073512,0.44,long
866,/videos/2020-02-01/stern-koji-short.mp4,29,stern-koji,yale.edu,1499,43471,0.34,short
866,/videos/2020-02-01/stern-koji-short.mp4,29,stern-koji,github.com,570814,16553606,0.18,short
102,/root/bucket3/stern-koji-long.mp4,48,stern-koji,about.com,321196,15417408,0.24,long
102,/root/bucket3/stern-koji-long.mp4,48,stern-koji,unknown,1999,95952,0.39,long
102,/root/bucket3/stern-koji-long.mp4,48,stern-koji,shareasale.com,769186,36920928,0.45,long
1323,/root/bucket4/earbashes-salaciousnesses-short.mp4,17,earbashes-salaciousnesses,studiopress.com,14735,250495,0.4,short
1323,/root/bucket4/earbashes-salaciousnesses-short.mp4,17,earbashes-salaciousnesses,unknown,734836,12492212,0.36,short
1323,/root/bucket4/earbashes-salaciousnesses-short.mp4,17,earbashes-salaciousnesses,csmonitor.com,175152,2977584,0.38,short
1323,/root/bucket4/earbashes-salaciousnesses-short.mp4,17,earbashes-salaciousnesses,yale.edu,948680,16127560,0.31,short
148,/root/bucket4/earbashes-salaciousnesses-long.mp4,59,earbashes-salaciousnesses,macromedia.com,174090,10271310,0.28,long
148,/root/bucket4/earbashes-salaciousnesses-long.mp4,59,earbashes-salaciousnesses,state.gov,337575,19916925,0.29,long
148,/root/bucket4/earbashes-salaciousnesses-long.mp4,59,earbashes-salaciousnesses,yale.edu,1499,88441,0.38,long
148,/root/bucket4/earbashes-salaciousnesses-long.mp4,59,earbashes-salaciousnesses,prnewswire.com,294301,17363759,0.29,long
148,/root/bucket4/earbashes-salaciousnesses-long.mp4,59,earbashes-salaciousnesses,opera.com,55067,3248953,0.12,long
1552,/root/bucket4/exemplify-thusness-short.mp4,27,exemplify-thusness,csmonitor.com,823508,22234716,0.13,short
1552,/root/bucket4/exemplify-thusness-short.mp4,27,exemplify-thusness,nba.com,624378,16858206,0.31,short
1552,/root/bucket4/exemplify-thusness-short.mp4,27,exemplify-thusness,mayoclinic.com,894498,24151446,0.32,short
1552,/root/bucket4/exemplify-thusness-short.mp4,27,exemplify-thusness,dedecms.com,804490,21721230,0.19,short
1552,/root/bucket4/exemplify-thusness-short.mp4,27,exemplify-thusness,unknown,273994,7397838,0.36,short
110,/videos/2020-02-04/exemplify-thusness-long.mp4,41,exemplify-thusness,google.fr,942224,38631184,0.21,long
110,/videos/2020-02-04/exemplify-thusness-long.mp4,41,exemplify-thusness,unknown,1509,61869,0.42,long
562,/videos/2020-02-01/photomosaics-pigsconce-short.mp4,18,photomosaics-pigsconce,springer.com,525721,9462978,0.12,short
562,/videos/2020-02-01/photomosaics-pigsconce-short.mp4,18,photomosaics-pigsconce,unknown,1508,27144,0.14,short
491,/videos/2020-02-01/photomosaics-pigsconce-long.mp4,25,photomosaics-pigsconce,github.com,780062,19501550,0.39,long
491,/videos/2020-02-01/photomosaics-pigsconce-long.mp4,25,photomosaics-pigsconce,jalbum.net,77050,1926250,0.26,long
491,/videos/2020-02-01/photomosaics-pigsconce-long.mp4,25,photomosaics-pigsconce,unknown,983521,24588025,0.13,long
1942,/root/bucket2/genizoth-parabases-short.mp4,9,genizoth-parabases,unknown,1507,13563,0.2,short
1942,/root/bucket2/genizoth-parabases-short.mp4,9,genizoth-parabases,dion.ne.jp,329590,2966310,0.3,short
1942,/root/bucket2/genizoth-parabases-short.mp4,9,genizoth-parabases,unknown,527803,4750227,0.41,short
1942,/root/bucket2/genizoth-parabases-short.mp4,9,genizoth-parabases,blog.com,1499,13491,0.37,short
738,/root/bucket5/genizoth-parabases-long.mp4,50,genizoth-parabases,ebay.co.uk,1496,74800,0.14,long
738,/root/bucket5/genizoth-parabases-long.mp4,50,genizoth-parabases,unicef.org,205257,10262850,0.26,long
738,/root/bucket5/genizoth-parabases-long.mp4,50,genizoth-parabases,unknown,1516,75800,0.49,long
738,/root/bucket5/genizoth-parabases-long.mp4,50,genizoth-parabases,reverbnation.com,356276,17813800,0.24,long
738,/root/bucket5/genizoth-parabases-long.mp4,50,genizoth-parabases,storify.com,128638,6431900,0.28,long
1077,/videos/2020-02-03/heaths-platinised-short.mp4,27,heaths-platinised,unknown,2000,54000,0.28,short
1077,/videos/2020-02-03/heaths-platinised-short.mp4,27,heaths-platinised,utexas.edu,485773,13115871,0.15,short
1077,/videos/2020-02-03/heaths-platinised-short.mp4,27,heaths-platinised,unknown,1516,40932,0.11,short
1679,/media/heaths-platinised-long.mp4,26,heaths-platinised,nature.com,125231,3256006,0.29,long
1679,/media/heaths-platinised-long.mp4,26,heaths-platinised,yale.edu,1498,38948,0.44,long
1679,/media/heaths-platinised-long.mp4,26,heaths-platinised,ebay.co.uk,1504,39104,0.43,long
1547,/root/bucket2/hubcaps-onshoring-short.mp4,18,hubcaps-onshoring,blog.com,1494,26892,0.27,short
1547,/root/bucket2/hubcaps-onshoring-short.mp4,18,hubcaps-onshoring,dedecms.com,707359,12732462,0.39,short
1547,/root/bucket2/hubcaps-onshoring-short.mp4,18,hubcaps-onshoring,sciencedaily.com,449029,8082522,0.19,short
1547,/root/bucket2/hubcaps-onshoring-short.mp4,18,hubcaps-onshoring,flavors.me,143027,2574486,0.42,short
249,/videos/2020-02-04/hubcaps-onshoring-long.mp4,43,hubcaps-onshoring,shareasale.com,22486,966898,0.25,long
249,/videos/2020-02-04/hubcaps-onshoring-long.mp4,43,hubcaps-onshoring,icio.us,858905,36932915,0.32,long
1573,/root/bucket2/brimfull-protistan-short.mp4,10,brimfull-protistan,ebay.co.uk,1494,14940,0.16,short
1573,/root/bucket2/brimfull-protistan-short.mp4,10,brimfull-protistan,icio.us,589265,5892650,0.27,short
1573,/root/bucket2/brimfull-protistan-short.mp4,10,brimfull-protistan,yale.edu,696322,6963220,0.44,short
1573,/root/bucket2/brimfull-protistan-short.mp4,10,brimfull-protistan,multiply.com,149430,1494300,0.34,short
965,/videos/2020-02-02/brimfull-protistan-long.mp4,51,brimfull-protistan,joomla.org,103292,5267892,0.18,long
965,/videos/2020-02-02/brimfull-protistan-long.mp4,51,brimfull-protistan,unknown,1506,76806,0.35,long
965,/videos/2020-02-02/brimfull-protistan-long.mp4,51,brimfull-protistan,twitter.com,657027,33508377,0.34,long
965,/videos/2020-02-02/brimfull-protistan-long.mp4,51,brimfull-protistan,unknown,947854,48340554,0.36,long
965,/videos/2020-02-02/brimfull-protistan-long.mp4,51,brimfull-protistan,csmonitor.com,325244,16587444,0.32,long
1579,/media/codeine-reopposing-short.mp4,30,codeine-reopposing,bravesites.com,857342,25720260,0.4,short
1571,/root/bucket1/codeine-reopposing-long.mp4,58,codeine-reopposing,unknown,2000,116000,0.38,long
1571,/root/bucket1/codeine-reopposing-long.mp4,58,codeine-reopposing,unknown,1506,87348,0.47,long
1571,/root/bucket1/codeine-reopposing-long.mp4,58,codeine-reopposing,comcast.net,337331,19565198,0.11,long
1883,/media/brigadier-iguanians-short.mp4,21,brigadier-iguanians,unknown,2003,42063,0.15,short
1883,/media/brigadier-iguanians-short.mp4,21,brigadier-iguanians,unknown,2001,42021,0.35,short
1883,/media/brigadier-iguanians-short.mp4,21,brigadier-iguanians,unknown,593115,12455415,0.32,short
1365,/videos/2020-02-03/brigadier-iguanians-long.mp4,33,brigadier-iguanians,unknown,790910,26100030,0.17,long
1365,/videos/2020-02-03/brigadier-iguanians-long.mp4,33,brigadier-iguanians,unknown,471665,15564945,0.4,long
1365,/videos/2020-02-03/brigadier-iguanians-long.mp4,33,brigadier-iguanians,msu.edu,466466,15393378,0.25,long
1845,/videos/2020-02-01/thumblings-oar-short.mp4,17,thumblings-oar,blogs.com,492140,8366380,0.17,short
1845,/videos/2020-02-01/thumblings-oar-short.mp4,17,thumblings-oar,wufoo.com,822152,13976584,0.47,short
806,/videos/2020-02-04/thumblings-oar-long.mp4,45,thumblings-oar,auda.org.au,68481,3081645,0.1,long
830,/root/bucket5/silphium-outsoars-long.mp4,46,silphium-outsoars,ebay.co.uk,1504,69184,0.39,long
830,/root/bucket5/silphium-outsoars-long.mp4,46,silphium-outsoars,flavors.me,304112,13989152,0.18,long
830,/root/bucket5/silphium-outsoars-long.mp4,46,silphium-outsoars,skype.com,870627,40048842,0.44,long
830,/root/bucket5/silphium-outsoars-long.mp4,46,silphium-outsoars,ebay.co.uk,1505,69230,0.27,long
1093,/videos/2020-02-02/mountebankisms-hushes-short.mp4,10,mountebankisms-hushes,simplemachines.org,140235,1402350,0.22,short
1093,/videos/2020-02-02/mountebankisms-hushes-short.mp4,10,mountebankisms-hushes,redcross.org,130888,1308880,0.46,short
1093,/videos/2020-02-02/mountebankisms-hushes-short.mp4,10,mountebankisms-hushes,comsenz.com,423636,4236360,0.41,short
1869,/media/mountebankisms-hushes-long.mp4,52,mountebankisms-hushes,fc2.com,440658,22914216,0.49,long
1869,/media/mountebankisms-hushes-long.mp4,52,mountebankisms-hushes,icio.us,193181,10045412,0.28,long
1869,/media/mountebankisms-hushes-long.mp4,52,mountebankisms-hushes,blog.com,1500,78000,0.3,long
1869,/media/mountebankisms-hushes-long.mp4,52,mountebankisms-hushes,studiopress.com,966496,50257792,0.42,long
1869,/media/mountebankisms-hushes-long.mp4,52,mountebankisms-hushes,slate.com,286660,14906320,0.47,long
1896,/media/gynaecia-plumberies-short.mp4,6,gynaecia-plumberies,purevolume.com,603508,3621048,0.28,short
1896,/media/gynaecia-plumberies-short.mp4,6,gynaecia-plumberies,archive.org,983682,5902092,0.11,short
1896,/media/gynaecia-plumberies-short.mp4,6,gynaecia-plumberies,icio.us,67388,404328,0.28,short
1896,/media/gynaecia-plumberies-short.mp4,6,gynaecia-plumberies,netvibes.com,556917,3341502,0.29,short
654,/videos/2020-02-03/gynaecia-plumberies-long.mp4,47,gynaecia-plumberies,unknown,1999,93953,0.18,long
654,/videos/2020-02-03/gynaecia-plumberies-long.mp4,47,gynaecia-plumberies,fc2.com,922611,43362717,0.39,long
654,/videos/2020-02-03/gynaecia-plumberies-long.mp4,47,gynaecia-plumberies,blog.com,1495,70265,0.49,long
1487,/root/bucket2/secrete-reptiloid-short.mp4,6,secrete-reptiloid,shareasale.com,857967,5147802,0.32,short
1487,/root/bucket2/secrete-reptiloid-short.mp4,6,secrete-reptiloid,auda.org.au,24365,146190,0.22,short
1487,/root/bucket2/secrete-reptiloid-short.mp4,6,secrete-reptiloid,washington.edu,904830,5428980,0.44,short
1487,/root/bucket2/secrete-reptiloid-short.mp4,6,secrete-reptiloid,unknown,4373,26238,0.14,short
1487,/root/bucket2/secrete-reptiloid-short.mp4,6,secrete-reptiloid,ebay.co.uk,1496,8976,0.28,short
1487,/root/bucket2/secrete-reptiloid-short.mp4,6,secrete-reptiloid,unknown,1998,11988,0.24,short
1671,/videos/2020-02-02/secrete-reptiloid-long.mp4,35,secrete-reptiloid,unknown,146709,5134815,0.37,long
1671,/videos/2020-02-02/secrete-reptiloid-long.mp4,35,secrete-reptiloid,nymag.com,170865,5980275,0.31,long
1671,/videos/2020-02-02/secrete-reptiloid-long.mp4,35,secrete-reptiloid,foxnews.com,960921,33632235,0.22,long
274,/videos/2020-02-04/actualizes-sanest-short.mp4,23,actualizes-sanest,unknown,2003,46069,0.13,short
274,/videos/2020-02-04/actualizes-sanest-short.mp4,23,actualizes-sanest,java.com,864293,19878739,0.46,short
274,/videos/2020-02-04/actualizes-sanest-short.mp4,23,actualizes-sanest,auda.org.au,273910,6299930,0.31,short
1240,/videos/2020-02-02/actualizes-sanest-long.mp4,35,actualizes-sanest,unknown,625161,21880635,0.22,long
1240,/videos/2020-02-02/actualizes-sanest-long.mp4,35,actualizes-sanest,github.com,2767,96845,0.4,long
1240,/videos/2020-02-02/actualizes-sanest-long.mp4,35,actualizes-sanest,ebay.co.uk,1503,52605,0.19,long
1240,/videos/2020-02-02/actualizes-sanest-long.mp4,35,actualizes-sanest,unknown,618365,21642775,0.32,long
237,/videos/2020-02-04/overeducating-splotchy-short.mp4,10,overeducating-splotchy,yale.edu,1499,14990,0.3,short
237,/videos/2020-02-04/overeducating-splotchy-short.mp4,10,overeducating-splotchy,yale.edu,1500,15000,0.43,short
1421,/root/bucket1/overeducating-splotchy-long.mp4,35,overeducating-splotchy,utexas.edu,438318,15341130,0.21,long
1421,/root/bucket1/overeducating-splotchy-long.mp4,35,overeducating-splotchy,creativecommons.org,770066,26952310,0.37,long
1421,/root/bucket1/overeducating-splotchy-long.mp4,35,overeducating-splotchy,drupal.org,212927,7452445,0.45,long
1421,/root/bucket1/overeducating-splotchy-long.mp4,35,overeducating-splotchy,yale.edu,1500,52500,0.48,long
1421,/root/bucket1/overeducating-splotchy-long.mp4,35,overeducating-splotchy,unknown,2000,70000,0.27,long
1456,/root/bucket3/galoping-greenbug-short.mp4,29,galoping-greenbug,wufoo.com,31833,923157,0.36,short
1456,/root/bucket3/galoping-greenbug-short.mp4,29,galoping-greenbug,topsy.com,829914,24067506,0.44,short
1456,/root/bucket3/galoping-greenbug-short.mp4,29,galoping-greenbug,phoca.cz,335275,9722975,0.33,short
1456,/root/bucket3/galoping-greenbug-short.mp4,29,galoping-greenbug,fc2.com,778257,22569453,0.34,short
1456,/root/bucket3/galoping-greenbug-short.mp4,29,galoping-greenbug,npr.org,695330,20164570,0.48,short
188,/videos/2020-02-03/galoping-greenbug-long.mp4,52,galoping-greenbug,unknown,631813,32854276,0.22,long
188,/videos/2020-02-03/galoping-greenbug-long.mp4,52,galoping-greenbug,yale.edu,917695,47720140,0.3,long
1711,/media/catarrhines-fairnytickle-short.mp4,5,catarrhines-fairnytickle,nba.com,269836,1349180,0.42,short
1711,/media/catarrhines-fairnytickle-short.mp4,5,catarrhines-fairnytickle,unknown,1512,7560,0.38,short
1711,/media/catarrhines-fairnytickle-short.mp4,5,catarrhines-fairnytickle,blog.com,1502,7510,0.42,short
1711,/media/catarrhines-fairnytickle-short.mp4,5,catarrhines-fairnytickle,unknown,1510,7550,0.41,short
1711,/media/catarrhines-fairnytickle-short.mp4,5,catarrhines-fairnytickle,utexas.edu,451326,2256630,0.22,short
1402,/videos/2020-02-01/catarrhines-fairnytickle-long.mp4,41,catarrhines-fairnytickle,comsenz.com,353493,14493213,0.5,long
1402,/videos/2020-02-01/catarrhines-fairnytickle-long.mp4,41,catarrhines-fairnytickle,blog.com,1506,61746,0.21,long
1402,/videos/2020-02-01/catarrhines-fairnytickle-long.mp4,41,catarrhines-fairnytickle,unknown,215267,8825947,0.11,long
1402,/videos/2020-02-01/catarrhines-fairnytickle-long.mp4,41,catarrhines-fairnytickle,delicious.com,80478,3299598,0.49,long
694,/media/thanks-frati-long.mp4,35,thanks-frati,java.com,213851,7484785,0.36,long
694,/media/thanks-frati-long.mp4,35,thanks-frati,unknown,1509,52815,0.48,long
1208,/videos/2020-02-04/woodblocks-caprices-short.mp4,22,woodblocks-caprices,ebay.co.uk,1502,33044,0.47,short
1208,/videos/2020-02-04/woodblocks-caprices-short.mp4,22,woodblocks-caprices,creativecommons.org,255266,5615852,0.47,short
1208,/videos/2020-02-04/woodblocks-caprices-short.mp4,22,woodblocks-caprices,unknown,1998,43956,0.46,short
361,/videos/2020-02-01/woodblocks-caprices-long.mp4,57,woodblocks-caprices,nba.com,491824,28033968,0.15,long
361,/videos/2020-02-01/woodblocks-caprices-long.mp4,57,woodblocks-caprices,cnet.com,923717,52651869,0.47,long
1460,/videos/2020-02-04/latents-aches-short.mp4,22,latents-aches,163.com,51011,1122242,0.31,short
1460,/videos/2020-02-04/latents-aches-short.mp4,22,latents-aches,exblog.jp,518235,11401170,0.25,short
1460,/videos/2020-02-04/latents-aches-short.mp4,22,latents-aches,unknown,1998,43956,0.5,short
1460,/videos/2020-02-04/latents-aches-short.mp4,22,latents-aches,epa.gov,791329,17409238,0.4,short
1682,/root/bucket1/latents-aches-long.mp4,49,latents-aches,goodreads.com,999060,48953940,0.2,long
1682,/root/bucket1/latents-aches-long.mp4,49,latents-aches,unknown,1513,74137,0.38,long
1682,/root/bucket1/latents-aches-long.mp4,49,latents-aches,blog.com,1498,73402,0.41,long
1269,/root/bucket3/liney-bitchiness-short.mp4,12,liney-bitchiness,meetup.com,540873,6490476,0.28,short
1269,/root/bucket3/liney-bitchiness-short.mp4,12,liney-bitchiness,unknown,1999,23988,0.11,short
1465,/root/bucket5/liney-bitchiness-long.mp4,26,liney-bitchiness,unknown,860030,22360780,0.32,long
1465,/root/bucket5/liney-bitchiness-long.mp4,26,liney-bitchiness,unknown,2005,52130,0.28,long
1465,/root/bucket5/liney-bitchiness-long.mp4,26,liney-bitchiness,unknown,902763,23471838,0.27,long
1465,/root/bucket5/liney-bitchiness-long.mp4,26,liney-bitchiness,unknown,1516,39416,0.11,long
1465,/root/bucket5/liney-bitchiness-long.mp4,26,liney-bitchiness,yale.edu,1500,39000,0.23,long
852,/videos/2020-02-04/kinetheodolites-savarin-short.mp4,29,kinetheodolites-savarin,topsy.com,821821,23832809,0.17,short
852,/videos/2020-02-04/kinetheodolites-savarin-short.mp4,29,kinetheodolites-savarin,auda.org.au,505067,14646943,0.29,short
852,/videos/2020-02-04/kinetheodolites-savarin-short.mp4,29,kinetheodolites-savarin,earthlink.net,758675,22001575,0.17,short
852,/videos/2020-02-04/kinetheodolites-savarin-short.mp4,29,kinetheodolites-savarin,webs.com,397085,11515465,0.16,short
620,/media/kinetheodolites-savarin-long.mp4,45,kinetheodolites-savarin,unknown,2001,90045,0.17,long
620,/media/kinetheodolites-savarin-long.mp4,45,kinetheodolites-savarin,unknown,714238,32140710,0.41,long
620,/media/kinetheodolites-savarin-long.mp4,45,kinetheodolites-savarin,state.gov,748515,33683175,0.12,long
986,/root/bucket1/briquettes-aoristic-short.mp4,15,briquettes-aoristic,unknown,1997,29955,0.29,short
986,/root/bucket1/briquettes-aoristic-short.mp4,15,briquettes-aoristic,goo.ne.jp,340318,5104770,0.23,short
986,/root/bucket1/briquettes-aoristic-short.mp4,15,briquettes-aoristic,mayoclinic.com,787559,11813385,0.38,short
120,/root/bucket5/briquettes-aoristic-long.mp4,39,briquettes-aoristic,unicef.org,265907,10370373,0.31,long
120,/root/bucket5/briquettes-aoristic-long.mp4,39,briquettes-aoristic,unknown,134422,5242458,0.15,long
120,/root/bucket5/briquettes-aoristic-long.mp4,39,briquettes-aoristic,unknown,652588,25450932,0.45,long
120,/root/bucket5/briquettes-aoristic-long.mp4,39,briquettes-aoristic,unknown,912521,35588319,0.29,long
120,/root/bucket5/briquettes-aoristic-long.mp4,39,briquettes-aoristic,washington.edu,841409,32814951,0.33,long
947,/media/omasal-murmured-short.mp4,6,omasal-murmured,earthlink.net,346849,2081094,0.32,short
947,/media/omasal-murmured-short.mp4,6,omasal-murmured,hhs.gov,652268,3913608,0.12,short
947,/media/omasal-murmured-short.mp4,6,omasal-murmured,csmonitor.com,814520,4887120,0.13,short
959,/root/bucket2/omasal-murmured-long.mp4,34,omasal-murmured,patch.com,181166,6159644,0.26,long
959,/root/bucket2/omasal-murmured-long.mp4,34,omasal-murmured,unknown,868027,29512918,0.12,long
959,/root/bucket2/omasal-murmured-long.mp4,34,omasal-murmured,storify.com,639864,21755376,0.26,long
959,/root/bucket2/omasal-murmured-long.mp4,34,omasal-murmured,mayoclinic.com,961679,32697086,0.13,long
959,/root/bucket2/omasal-murmured-long.mp4,34,omasal-murmured,utexas.edu,410643,13961862,0.2,long
959,/root/bucket2/omasal-murmured-long.mp4,34,omasal-murmured,msu.edu,942037,32029258,0.42,long
1045,/root/bucket4/paludicolous-pannier-short.mp4,23,paludicolous-pannier,slate.com,156728,3604744,0.22,short
1295,/videos/2020-02-02/paludicolous-pannier-long.mp4,54,paludicolous-pannier,auda.org.au,411395,22215330,0.12,long
1295,/videos/2020-02-02/paludicolous-pannier-long.mp4,54,paludicolous-pannier,washington.edu,248223,13404042,0.35,long
1952,/videos/2020-02-03/quartodeciman-wheughed-short.mp4,10,quartodeciman-wheughed,prnewswire.com,764862,7648620,0.45,short
1952,/videos/2020-02-03/quartodeciman-wheughed-short.mp4,10,quartodeciman-wheughed,twitter.com,823954,8239540,0.43,short
1952,/videos/2020-02-03/quartodeciman-wheughed-short.mp4,10,quartodeciman-wheughed,yale.edu,1502,15020,0.15,short
315,/videos/2020-02-03/quartodeciman-wheughed-long.mp4,54,quartodeciman-wheughed,slate.com,852646,46042884,0.17,long
315,/videos/2020-02-03/quartodeciman-wheughed-long.mp4,54,quartodeciman-wheughed,unknown,1512,81648,0.35,long
315,/videos/2020-02-03/quartodeciman-wheughed-long.mp4,54,quartodeciman-wheughed,free13runpool.com,15402,831708,0.36,long
315,/videos/2020-02-03/quartodeciman-wheughed-long.mp4,54,quartodeciman-wheughed,icio.us,28371,1532034,0.23,long
395,/root/bucket1/derestricted-copycat-short.mp4,10,derestricted-copycat,slate.com,614749,6147490,0.36,short
395,/root/bucket1/derestricted-copycat-short.mp4,10,derestricted-copycat,unknown,1512,15120,0.31,short
395,/root/bucket1/derestricted-copycat-short.mp4,10,derestricted-copycat,blog.com,1499,14990,0.44,short
87,/videos/2020-02-03/derestricted-copycat-long.mp4,25,derestricted-copycat,yale.edu,1501,37525,0.45,long
87,/videos/2020-02-03/derestricted-copycat-long.mp4,25,derestricted-copycat,yale.edu,1497,37425,0.23,long
1649,/videos/2020-02-02/uncured-shmooziest-short.mp4,27,uncured-shmooziest,yale.edu,1501,40527,0.24,short
1649,/videos/2020-02-02/uncured-shmooziest-short.mp4,27,uncured-shmooziest,unknown,68852,1859004,0.38,short
622,/root/bucket2/uncured-shmooziest-long.mp4,54,uncured-shmooziest,twitter.com,255807,13813578,0.21,long
622,/root/bucket2/uncured-shmooziest-long.mp4,54,uncured-shmooziest,topsy.com,375875,20297250,0.25,long
622,/root/bucket2/uncured-shmooziest-long.mp4,54,uncured-shmooziest,usgs.gov,633907,34230978,0.32,long
622,/root/bucket2/uncured-shmooziest-long.mp4,54,uncured-shmooziest,sciencedaily.com,712773,38489742,0.37,long
1386,/videos/2020-02-04/sows-mairehau-short.mp4,10,sows-mairehau,yale.edu,1501,15010,0.4,short
1386,/videos/2020-02-04/sows-mairehau-short.mp4,10,sows-mairehau,unknown,1999,19990,0.36,short
1386,/videos/2020-02-04/sows-mairehau-short.mp4,10,sows-mairehau,unknown,518126,5181260,0.38,short
1386,/videos/2020-02-04/sows-mairehau-short.mp4,10,sows-mairehau,techcrunch.com,23720,237200,0.45,short
1386,/videos/2020-02-04/sows-mairehau-short.mp4,10,sows-mairehau,unknown,916872,9168720,0.11,short
1386,/videos/2020-02-04/sows-mairehau-short.mp4,10,sows-mairehau,patch.com,389888,3898880,0.4,short
756,/videos/2020-02-03/sows-mairehau-long.mp4,42,sows-mairehau,zdnet.com,720630,30266460,0.18,long
756,/videos/2020-02-03/sows-mairehau-long.mp4,42,sows-mairehau,unknown,151779,6374718,0.45,long
756,/videos/2020-02-03/sows-mairehau-long.mp4,42,sows-mairehau,ebay.co.uk,1497,62874,0.43,long
1772,/videos/2020-02-02/epidotisation-fanions-short.mp4,16,epidotisation-fanions,blogs.com,786662,12586592,0.47,short
1772,/videos/2020-02-02/epidotisation-fanions-short.mp4,16,epidotisation-fanions,goo.ne.jp,679234,10867744,0.39,short
1772,/videos/2020-02-02/epidotisation-fanions-short.mp4,16,epidotisation-fanions,skype.com,364820,5837120,0.22,short
1338,/media/epidotisation-fanions-long.mp4,56,epidotisation-fanions,unknown,133909,7498904,0.23,long
1338,/media/epidotisation-fanions-long.mp4,56,epidotisation-fanions,unknown,2000,112000,0.12,long
1338,/media/epidotisation-fanions-long.mp4,56,epidotisation-fanions,dedecms.com,912622,51106832,0.19,long
1338,/media/epidotisation-fanions-long.mp4,56,epidotisation-fanions,sciencedaily.com,347518,19461008,0.4,long
1338,/media/epidotisation-fanions-long.mp4,56,epidotisation-fanions,state.gov,212507,11900392,0.4,long
1338,/media/epidotisation-fanions-long.mp4,56,epidotisation-fanions,twitter.com,989418,55407408,0.21,long
1338,/media/epidotisation-fanions-long.mp4,56,epidotisation-fanions,yale.edu,1501,84056,0.44,long
1338,/media/epidotisation-fanions-long.mp4,56,epidotisation-fanions,moonfruit.com,141595,7929320,0.42,long
849,/videos/2020-02-03/inputs-subassembled-short.mp4,6,inputs-subassembled,mail.ru,848135,5088810,0.34,short
849,/videos/2020-02-03/inputs-subassembled-short.mp4,6,inputs-subassembled,blog.com,1501,9006,0.24,short
849,/videos/2020-02-03/inputs-subassembled-short.mp4,6,inputs-subassembled,de.vu,746619,4479714,0.34,short
280,/videos/2020-02-01/inputs-subassembled-long.mp4,36,inputs-subassembled,yale.edu,1499,53964,0.45,long
280,/videos/2020-02-01/inputs-subassembled-long.mp4,36,inputs-subassembled,cnet.com,582288,20962368,0.27,long
1867,/videos/2020-02-04/embus-slotback-short.mp4,8,embus-slotback,ebay.co.uk,1502,12016,0.49,short
1867,/videos/2020-02-04/embus-slotback-short.mp4,8,embus-slotback,macromedia.com,756197,6049576,0.42,short
1867,/videos/2020-02-04/embus-slotback-short.mp4,8,embus-slotback,phoca.cz,977738,7821904,0.38,short
1867,/videos/2020-02-04/embus-slotback-short.mp4,8,embus-slotback,unknown,1613,12904,0.13,short
403,/root/bucket1/embus-slotback-long.mp4,36,embus-slotback,mail.ru,308760,11115360,0.26,long
403,/root/bucket1/embus-slotback-long.mp4,36,embus-slotback,usnews.com,911222,32803992,0.18,long
403,/root/bucket1/embus-slotback-long.mp4,36,embus-slotback,creativecommons.org,658052,23689872,0.24,long
265,/media/puce-nonhereditary-long.mp4,37,puce-nonhereditary,unknown,544599,20150163,0.23,long
265,/media/puce-nonhereditary-long.mp4,37,puce-nonhereditary,blog.com,1502,55574,0.26,long
265,/media/puce-nonhereditary-long.mp4,37,puce-nonhereditary,cafepress.com,806974,29858038,0.45,long
1523,/root/bucket1/nymphomaniacal-arame-short.mp4,7,nymphomaniacal-arame,yolasite.com,605129,4235903,0.15,short
638,/videos/2020-02-02/nymphomaniacal-arame-long.mp4,28,nymphomaniacal-arame,redcross.org,243840,6827520,0.16,long
638,/videos/2020-02-02/nymphomaniacal-arame-long.mp4,28,nymphomaniacal-arame,comcast.net,271580,7604240,0.43,long
3,/videos/2020-02-04/friendings-ectogenesis-short.mp4,23,friendings-ectogenesis,unknown,243085,5590955,0.33,short
3,/videos/2020-02-04/friendings-ectogenesis-short.mp4,23,friendings-ectogenesis,ebay.co.uk,1502,34546,0.31,short
83,/videos/2020-02-01/friendings-ectogenesis-long.mp4,31,friendings-ectogenesis,unknown,437065,13549015,0.27,long
83,/videos/2020-02-01/friendings-ectogenesis-long.mp4,31,friendings-ectogenesis,shareasale.com,572756,17755436,0.25,long
83,/videos/2020-02-01/friendings-ectogenesis-long.mp4,31,friendings-ectogenesis,usnews.com,85935,2663985,0.37,long
483,/root/bucket3/percolates-exility-long.mp4,44,percolates-exility,loc.gov,418036,18393584,0.42,long
483,/root/bucket3/percolates-exility-long.mp4,44,percolates-exility,mail.ru,338676,14901744,0.13,long
483,/root/bucket3/percolates-exility-long.mp4,44,percolates-exility,nba.com,771764,33957616,0.46,long
483,/root/bucket3/percolates-exility-long.mp4,44,percolates-exility,unknown,127526,5611144,0.34,long
483,/root/bucket3/percolates-exility-long.mp4,44,percolates-exility,ebay.co.uk,1501,66044,0.27,long
264,/videos/2020-02-04/sharns-niceness-short.mp4,18,sharns-niceness,blog.com,1497,26946,0.17,short
264,/videos/2020-02-04/sharns-niceness-short.mp4,18,sharns-niceness,meetup.com,56493,1016874,0.45,short
264,/videos/2020-02-04/sharns-niceness-short.mp4,18,sharns-niceness,yale.edu,1502,27036,0.37,short
264,/videos/2020-02-04/sharns-niceness-short.mp4,18,sharns-niceness,yandex.ru,857961,15443298,0.39,short
264,/videos/2020-02-04/sharns-niceness-short.mp4,18,sharns-niceness,flavors.me,601234,10822212,0.15,short
1442,/root/bucket2/sharns-niceness-long.mp4,41,sharns-niceness,reddit.com,227559,9329919,0.46,long
1442,/root/bucket2/sharns-niceness-long.mp4,41,sharns-niceness,spotify.com,521039,21362599,0.34,long
1442,/root/bucket2/sharns-niceness-long.mp4,41,sharns-niceness,auda.org.au,493775,20244775,0.42,long
1442,/root/bucket2/sharns-niceness-long.mp4,41,sharns-niceness,comsenz.com,903698,37051618,0.45,long
1044,/videos/2020-02-03/pinacotheca-refroze-short.mp4,14,pinacotheca-refroze,yale.edu,1499,20986,0.19,short
1044,/videos/2020-02-03/pinacotheca-refroze-short.mp4,14,pinacotheca-refroze,storify.com,546204,7646856,0.15,short
1044,/videos/2020-02-03/pinacotheca-refroze-short.mp4,14,pinacotheca-refroze,ebay.co.uk,1501,21014,0.33,short
1044,/videos/2020-02-03/pinacotheca-refroze-short.mp4,14,pinacotheca-refroze,nature.com,654978,9169692,0.17,short
321,/root/bucket3/pinacotheca-refroze-long.mp4,35,pinacotheca-refroze,yolasite.com,179770,6291950,0.18,long
321,/root/bucket3/pinacotheca-refroze-long.mp4,35,pinacotheca-refroze,about.com,360933,12632655,0.43,long
126,/videos/2020-02-01/gentlepersons-irremissions-short.mp4,28,gentlepersons-irremissions,unknown,1997,55916,0.36,short
126,/videos/2020-02-01/gentlepersons-irremissions-short.mp4,28,gentlepersons-irremissions,chron.com,30957,866796,0.22,short
126,/videos/2020-02-01/gentlepersons-irremissions-short.mp4,28,gentlepersons-irremissions,joomla.org,960949,26906572,0.49,short
126,/videos/2020-02-01/gentlepersons-irremissions-short.mp4,28,gentlepersons-irremissions,google.fr,593169,16608732,0.49,short
126,/videos/2020-02-01/gentlepersons-irremissions-short.mp4,28,gentlepersons-irremissions,foxnews.com,549472,15385216,0.35,short
224,/media/gentlepersons-irremissions-long.mp4,46,gentlepersons-irremissions,ebay.co.uk,1507,69322,0.32,long
224,/media/gentlepersons-irremissions-long.mp4,46,gentlepersons-irremissions,artisteer.com,653611,30066106,0.28,long
224,/media/gentlepersons-irremissions-long.mp4,46,gentlepersons-irremissions,de.vu,945979,43515034,0.13,long
224,/media/gentlepersons-irremissions-long.mp4,46,gentlepersons-irremissions,blog.com,1495,68770,0.1,long
224,/media/gentlepersons-irremissions-long.mp4,46,gentlepersons-irremissions,opera.com,421829,19404134,0.42,long
700,/videos/2020-02-04/decumbencies-lairy-short.mp4,28,decumbencies-lairy,g.co,811542,22723176,0.15,short
1861,/root/bucket5/decumbencies-lairy-long.mp4,33,decumbencies-lairy,wp.com,407616,13451328,0.3,long
1861,/root/bucket5/decumbencies-lairy-long.mp4,33,decumbencies-lairy,unknown,314612,10382196,0.29,long
1861,/root/bucket5/decumbencies-lairy-long.mp4,33,decumbencies-lairy,unknown,1505,49665,0.4,long
1861,/root/bucket5/decumbencies-lairy-long.mp4,33,decumbencies-lairy,so-net.ne.jp,690431,22784223,0.18,long
1069,/root/bucket4/disaggregation-noncallable-short.mp4,12,disaggregation-noncallable,unknown,1511,18132,0.15,short
1069,/root/bucket4/disaggregation-noncallable-short.mp4,12,disaggregation-noncallable,redcross.org,831558,9978696,0.23,short
1069,/root/bucket4/disaggregation-noncallable-short.mp4,12,disaggregation-noncallable,washington.edu,323156,3877872,0.47,short
1716,/root/bucket3/disaggregation-noncallable-long.mp4,35,disaggregation-noncallable,ebay.co.uk,1499,52465,0.33,long
1277,/root/bucket4/subclustering-manhandles-long.mp4,38,subclustering-manhandles,dailymotion.com,945273,35920374,0.11,long
1277,/root/bucket4/subclustering-manhandles-long.mp4,38,subclustering-manhandles,harvard.edu,631812,24008856,0.43,long
1723,/media/hyperexcited-argon-short.mp4,23,hyperexcited-argon,moonfruit.com,601285,13829555,0.14,short
1723,/media/hyperexcited-argon-short.mp4,23,hyperexcited-argon,unknown,418979,9636517,0.48,short
1723,/media/hyperexcited-argon-short.mp4,23,hyperexcited-argon,unknown,2001,46023,0.49,short
1723,/media/hyperexcited-argon-short.mp4,23,hyperexcited-argon,unknown,2003,46069,0.38,short
1732,/root/bucket4/hyperexcited-argon-long.mp4,46,hyperexcited-argon,nbcnews.com,666027,30637242,0.32,long
1732,/root/bucket4/hyperexcited-argon-long.mp4,46,hyperexcited-argon,so-net.ne.jp,283866,13057836,0.4,long
1732,/root/bucket4/hyperexcited-argon-long.mp4,46,hyperexcited-argon,nymag.com,128303,5901938,0.25,long
1732,/root/bucket4/hyperexcited-argon-long.mp4,46,hyperexcited-argon,163.com,830911,38221906,0.2,long
1604,/videos/2020-02-02/cums-blackleads-short.mp4,21,cums-blackleads,unknown,1998,41958,0.43,short
1604,/videos/2020-02-02/cums-blackleads-short.mp4,21,cums-blackleads,unknown,1507,31647,0.48,short
1604,/videos/2020-02-02/cums-blackleads-short.mp4,21,cums-blackleads,angelfire.com,329619,6921999,0.42,short
1604,/videos/2020-02-02/cums-blackleads-short.mp4,21,cums-blackleads,unicef.org,43770,919170,0.27,short
673,/media/cums-blackleads-long.mp4,31,cums-blackleads,unknown,1512,46872,0.49,long
673,/media/cums-blackleads-long.mp4,31,cums-blackleads,yale.edu,515030,15965930,0.46,long
673,/media/cums-blackleads-long.mp4,31,cums-blackleads,dedecms.com,702029,21762899,0.18,long
673,/media/cums-blackleads-long.mp4,31,cums-blackleads,unknown,2000,62000,0.46,long
1052,/videos/2020-02-04/metalize-ridiculously-short.mp4,22,metalize-ridiculously,amazon.com,273842,6024524,0.5,short
1052,/videos/2020-02-04/metalize-ridiculously-short.mp4,22,metalize-ridiculously,unknown,570140,12543080,0.14,short
1052,/videos/2020-02-04/metalize-ridiculously-short.mp4,22,metalize-ridiculously,yale.edu,119854,2636788,0.24,short
1052,/videos/2020-02-04/metalize-ridiculously-short.mp4,22,metalize-ridiculously,yale.edu,1494,32868,0.37,short
1087,/videos/2020-02-04/metalize-ridiculously-long.mp4,40,metalize-ridiculously,studiopress.com,30049,1201960,0.35,long
1087,/videos/2020-02-04/metalize-ridiculously-long.mp4,40,metalize-ridiculously,ebay.co.uk,1500,60000,0.5,long
1087,/videos/2020-02-04/metalize-ridiculously-long.mp4,40,metalize-ridiculously,blog.com,1500,60000,0.11,long
497,/videos/2020-02-01/caporals-taskers-short.mp4,12,caporals-taskers,nbcnews.com,722653,8671836,0.29,short
497,/videos/2020-02-01/caporals-taskers-short.mp4,12,caporals-taskers,unknown,2000,24000,0.27,short
941,/videos/2020-02-01/caporals-taskers-long.mp4,25,caporals-taskers,unknown,305324,7633100,0.17,long
941,/videos/2020-02-01/caporals-taskers-long.mp4,25,caporals-taskers,unknown,219590,5489750,0.36,long
941,/videos/2020-02-01/caporals-taskers-long.mp4,25,caporals-taskers,blog.com,1502,37550,0.43,long
863,/videos/2020-02-04/versant-laesie-short.mp4,28,versant-laesie,storify.com,236466,6621048,0.28,short
200,/media/versant-laesie-long.mp4,47,versant-laesie,storify.com,202163,9501661,0.24,long
200,/media/versant-laesie-long.mp4,47,versant-laesie,skype.com,130068,6113196,0.5,long
200,/media/versant-laesie-long.mp4,47,versant-laesie,unknown,995398,46783706,0.26,long
239,/videos/2020-02-02/menstrua-peeress-short.mp4,22,menstrua-peeress,purevolume.com,583822,12844084,0.44,short
239,/videos/2020-02-02/menstrua-peeress-short.mp4,22,menstrua-peeress,macromedia.com,697347,15341634,0.39,short
239,/videos/2020-02-02/menstrua-peeress-short.mp4,22,menstrua-peeress,icio.us,753464,16576208,0.41,short
239,/videos/2020-02-02/menstrua-peeress-short.mp4,22,menstrua-peeress,unknown,1998,43956,0.48,short
239,/videos/2020-02-02/menstrua-peeress-short.mp4,22,menstrua-peeress,jalbum.net,836450,18401900,0.32,short
153,/media/menstrua-peeress-long.mp4,39,menstrua-peeress,phoca.cz,554411,21622029,0.4,long
153,/media/menstrua-peeress-long.mp4,39,menstrua-peeress,chron.com,31331,1221909,0.14,long
153,/media/menstrua-peeress-long.mp4,39,menstrua-peeress,yale.edu,1499,58461,0.44,long
811,/root/bucket5/punitory-otorhinolaryngologists-short.mp4,25,punitory-otorhinolaryngologists,nba.com,823653,20591325,0.49,short
811,/root/bucket5/punitory-otorhinolaryngologists-short.mp4,25,punitory-otorhinolaryngologists,unknown,926315,23157875,0.44,short
811,/root/bucket5/punitory-otorhinolaryngologists-short.mp4,25,punitory-otorhinolaryngologists,nymag.com,660505,16512625,0.48,short
811,/root/bucket5/punitory-otorhinolaryngologists-short.mp4,25,punitory-otorhinolaryngologists,163.com,18098,452450,0.43,short
811,/root/bucket5/punitory-otorhinolaryngologists-short.mp4,25,punitory-otorhinolaryngologists,unknown,2003,50075,0.46,short
1473,/videos/2020-02-04/punitory-otorhinolaryngologists-long.mp4,55,punitory-otorhinolaryngologists,hhs.gov,758786,41733230,0.29,long
1473,/videos/2020-02-04/punitory-otorhinolaryngologists-long.mp4,55,punitory-otorhinolaryngologists,flavors.me,653937,35966535,0.21,long
1473,/videos/2020-02-04/punitory-otorhinolaryngologists-long.mp4,55,punitory-otorhinolaryngologists,unknown,663231,36477705,0.43,long
1473,/videos/2020-02-04/punitory-otorhinolaryngologists-long.mp4,55,punitory-otorhinolaryngologists,dion.ne.jp,969234,53307870,0.23,long
1473,/videos/2020-02-04/punitory-otorhinolaryngologists-long.mp4,55,punitory-otorhinolaryngologists,unknown,2002,110110,0.48,long
128,/videos/2020-02-02/roues-livering-long.mp4,45,roues-livering,creativecommons.org,328246,14771070,0.27,long
225,/root/bucket2/optic-buzzbaits-short.mp4,18,optic-buzzbaits,moonfruit.com,787646,14177628,0.19,short
225,/root/bucket2/optic-buzzbaits-short.mp4,18,optic-buzzbaits,purevolume.com,954029,17172522,0.26,short
225,/root/bucket2/optic-buzzbaits-short.mp4,18,optic-buzzbaits,free13runpool.com,967653,17417754,0.35,short
1444,/videos/2020-02-01/optic-buzzbaits-long.mp4,31,optic-buzzbaits,goo.ne.jp,594538,18430678,0.21,long
1444,/videos/2020-02-01/optic-buzzbaits-long.mp4,31,optic-buzzbaits,reddit.com,818842,25384102,0.17,long
1130,/videos/2020-02-01/sithen-interfiber-short.mp4,22,sithen-interfiber,blog.com,1504,33088,0.48,short
1130,/videos/2020-02-01/sithen-interfiber-short.mp4,22,sithen-interfiber,scribd.com,693602,15259244,0.41,short
1968,/media/sithen-interfiber-long.mp4,46,sithen-interfiber,ustream.tv,252146,11598716,0.18,long
1620,/media/glomerule-twenty-short.mp4,20,glomerule-twenty,yale.edu,1498,29960,0.23,short
1620,/media/glomerule-twenty-short.mp4,20,glomerule-twenty,unknown,145566,2911320,0.29,short
1620,/media/glomerule-twenty-short.mp4,20,glomerule-twenty,springer.com,328859,6577180,0.36,short
1620,/media/glomerule-twenty-short.mp4,20,glomerule-twenty,ebay.co.uk,1500,30000,0.43,short
1620,/media/glomerule-twenty-short.mp4,20,glomerule-twenty,multiply.com,754576,15091520,0.43,short
1620,/media/glomerule-twenty-short.mp4,20,glomerule-twenty,blog.com,1497,29940,0.36,short
1620,/media/glomerule-twenty-short.mp4,20,glomerule-twenty,yale.edu,1500,30000,0.34,short
1168,/videos/2020-02-01/glomerule-twenty-long.mp4,25,glomerule-twenty,de.vu,525677,13141925,0.44,long
1868,/root/bucket2/banal-likest-short.mp4,30,banal-likest,harvard.edu,23593,707790,0.19,short
1868,/root/bucket2/banal-likest-short.mp4,30,banal-likest,meetup.com,235421,7062630,0.33,short
1868,/root/bucket2/banal-likest-short.mp4,30,banal-likest,ebay.co.uk,1506,45180,0.23,short
1868,/root/bucket2/banal-likest-short.mp4,30,banal-likest,webs.com,944625,28338750,0.3,short
1868,/root/bucket2/banal-likest-short.mp4,30,banal-likest,blog.com,1498,44940,0.26,short
960,/videos/2020-02-01/banal-likest-long.mp4,42,banal-likest,unknown,1510,63420,0.3,long
1903,/media/consilient-shamefaced-short.mp4,15,consilient-shamefaced,blog.com,1499,22485,0.28,short
1903,/media/consilient-shamefaced-short.mp4,15,consilient-shamefaced,netvibes.com,196237,2943555,0.1,short
1903,/media/consilient-shamefaced-short.mp4,15,consilient-shamefaced,artisteer.com,6887,103305,0.32,short
514,/root/bucket5/consilient-shamefaced-long.mp4,32,consilient-shamefaced,wiley.com,104795,3353440,0.17,long
514,/root/bucket5/consilient-shamefaced-long.mp4,32,consilient-shamefaced,zdnet.com,95171,3045472,0.4,long
514,/root/bucket5/consilient-shamefaced-long.mp4,32,consilient-shamefaced,icio.us,984732,31511424,0.19,long
514,/root/bucket5/consilient-shamefaced-long.mp4,32,consilient-shamefaced,discovery.com,137157,4389024,0.42,long
514,/root/bucket5/consilient-shamefaced-long.mp4,32,consilient-shamefaced,flavors.me,899612,28787584,0.42,long
514,/root/bucket5/consilient-shamefaced-long.mp4,32,consilient-shamefaced,blog.com,1493,47776,0.48,long
514,/root/bucket5/consilient-shamefaced-long.mp4,32,consilient-shamefaced,unknown,1506,48192,0.46,long
1199,/media/paviors-devotionists-short.mp4,15,paviors-devotionists,auda.org.au,732847,10992705,0.34,short
1199,/media/paviors-devotionists-short.mp4,15,paviors-devotionists,unknown,1509,22635,0.1,short
1199,/media/paviors-devotionists-short.mp4,15,paviors-devotionists,mayoclinic.com,6893,103395,0.35,short
1199,/media/paviors-devotionists-short.mp4,15,paviors-devotionists,cafepress.com,840383,12605745,0.36,short
1116,/media/paviors-devotionists-long.mp4,56,paviors-devotionists,usgs.gov,613098,34333488,0.36,long
1116,/media/paviors-devotionists-long.mp4,56,paviors-devotionists,so-net.ne.jp,554036,31026016,0.29,long
1116,/media/paviors-devotionists-long.mp4,56,paviors-devotionists,yale.edu,184975,10358600,0.46,long
1116,/media/paviors-devotionists-long.mp4,56,paviors-devotionists,unknown,2002,112112,0.4,long
1556,/media/myrmecochory-sombreness-long.mp4,45,myrmecochory-sombreness,g.co,395622,17802990,0.39,long
1556,/media/myrmecochory-sombreness-long.mp4,45,myrmecochory-sombreness,unknown,2001,90045,0.33,long
1556,/media/myrmecochory-sombreness-long.mp4,45,myrmecochory-sombreness,unknown,177275,7977375,0.21,long
1556,/media/myrmecochory-sombreness-long.mp4,45,myrmecochory-sombreness,archive.org,290435,13069575,0.16,long
1556,/media/myrmecochory-sombreness-long.mp4,45,myrmecochory-sombreness,github.com,32979,1484055,0.49,long
1556,/media/myrmecochory-sombreness-long.mp4,45,myrmecochory-sombreness,unknown,112350,5055750,0.42,long
1556,/media/myrmecochory-sombreness-long.mp4,45,myrmecochory-sombreness,zdnet.com,465410,20943450,0.13,long
1306,/videos/2020-02-02/hydrotherapist-hairy-short.mp4,25,hydrotherapist-hairy,flavors.me,684724,17118100,0.42,short
1306,/videos/2020-02-02/hydrotherapist-hairy-short.mp4,25,hydrotherapist-hairy,blogtalkradio.com,763377,19084425,0.22,short
715,/root/bucket2/texturising-venatic-short.mp4,28,texturising-venatic,mayoclinic.com,670234,18766552,0.17,short
715,/root/bucket2/texturising-venatic-short.mp4,28,texturising-venatic,shareasale.com,419261,11739308,0.29,short
715,/root/bucket2/texturising-venatic-short.mp4,28,texturising-venatic,unknown,2005,56140,0.22,short
1501,/videos/2020-02-03/texturising-venatic-long.mp4,25,texturising-venatic,ustream.tv,315557,7888925,0.17,long
1501,/videos/2020-02-03/texturising-venatic-long.mp4,25,texturising-venatic,msu.edu,684868,17121700,0.24,long
1501,/videos/2020-02-03/texturising-venatic-long.mp4,25,texturising-venatic,springer.com,850336,21258400,0.33,long
307,/root/bucket4/pukas-secrecy-short.mp4,14,pukas-secrecy,blog.com,1498,20972,0.19,short
586,/root/bucket5/pukas-secrecy-long.mp4,45,pukas-secrecy,blog.com,1498,67410,0.33,long
586,/root/bucket5/pukas-secrecy-long.mp4,45,pukas-secrecy,auda.org.au,886327,39884715,0.48,long
586,/root/bucket5/pukas-secrecy-long.mp4,45,pukas-secrecy,drupal.org,584471,26301195,0.41,long
586,/root/bucket5/pukas-secrecy-long.mp4,45,pukas-secrecy,shinystat.com,377685,16995825,0.45,long
586,/root/bucket5/pukas-secrecy-long.mp4,45,pukas-secrecy,exblog.jp,430566,19375470,0.3,long
1788,/videos/2020-02-03/naughtiness-prequalification-short.mp4,23,naughtiness-prequalification,unknown,1998,45954,0.22,short
1583,/root/bucket5/naughtiness-prequalification-long.mp4,36,naughtiness-prequalification,goo.ne.jp,168500,6066000,0.23,long
1583,/root/bucket5/naughtiness-prequalification-long.mp4,36,naughtiness-prequalification,ebay.co.uk,1502,54072,0.28,long
1583,/root/bucket5/naughtiness-prequalification-long.mp4,36,naughtiness-prequalification,yale.edu,1500,54000,0.25,long
1553,/videos/2020-02-02/gasohols-enterectomy-short.mp4,18,gasohols-enterectomy,meetup.com,123296,2219328,0.14,short
1117,/root/bucket3/gasohols-enterectomy-long.mp4,45,gasohols-enterectomy,ebay.co.uk,1504,67680,0.27,long
1117,/root/bucket3/gasohols-enterectomy-long.mp4,45,gasohols-enterectomy,earthlink.net,716298,32233410,0.42,long
1117,/root/bucket3/gasohols-enterectomy-long.mp4,45,gasohols-enterectomy,unknown,538453,24230385,0.38,long
1117,/root/bucket3/gasohols-enterectomy-long.mp4,45,gasohols-enterectomy,creativecommons.org,101843,4582935,0.21,long
1117,/root/bucket3/gasohols-enterectomy-long.mp4,45,gasohols-enterectomy,drupal.org,924260,41591700,0.48,long
684,/root/bucket5/iridial-pentoside-short.mp4,18,iridial-pentoside,so-net.ne.jp,490872,8835696,0.37,short
684,/root/bucket5/iridial-pentoside-short.mp4,18,iridial-pentoside,wiley.com,188048,3384864,0.34,short
684,/root/bucket5/iridial-pentoside-short.mp4,18,iridial-pentoside,ocn.ne.jp,240056,4321008,0.28,short
684,/root/bucket5/iridial-pentoside-short.mp4,18,iridial-pentoside,ebay.co.uk,1503,27054,0.4,short
684,/root/bucket5/iridial-pentoside-short.mp4,18,iridial-pentoside,mail.ru,350002,6300036,0.45,short
667,/videos/2020-02-03/iridial-pentoside-long.mp4,52,iridial-pentoside,usgs.gov,540970,28130440,0.16,long
667,/videos/2020-02-03/iridial-pentoside-long.mp4,52,iridial-pentoside,unknown,653270,33970040,0.34,long
667,/videos/2020-02-03/iridial-pentoside-long.mp4,52,iridial-pentoside,dedecms.com,474901,24694852,0.26,long
667,/videos/2020-02-03/iridial-pentoside-long.mp4,52,iridial-pentoside,meetup.com,395560,20569120,0.4,long
667,/videos/2020-02-03/iridial-pentoside-long.mp4,52,iridial-pentoside,webs.com,671291,34907132,0.27,long
667,/videos/2020-02-03/iridial-pentoside-long.mp4,52,iridial-pentoside,blog.com,1501,78052,0.21,long
667,/videos/2020-02-03/iridial-pentoside-long.mp4,52,iridial-pentoside,unknown,2005,104260,0.36,long
837,/root/bucket1/decarbonating-apologize-short.mp4,11,decarbonating-apologize,unknown,1508,16588,0.16,short
837,/root/bucket1/decarbonating-apologize-short.mp4,11,decarbonating-apologize,istockphoto.com,385501,4240511,0.22,short
837,/root/bucket1/decarbonating-apologize-short.mp4,11,decarbonating-apologize,unicef.org,163965,1803615,0.41,short
837,/root/bucket1/decarbonating-apologize-short.mp4,11,decarbonating-apologize,blog.com,1502,16522,0.21,short
494,/videos/2020-02-03/decarbonating-apologize-long.mp4,42,decarbonating-apologize,ebay.co.uk,1496,62832,0.12,long
494,/videos/2020-02-03/decarbonating-apologize-long.mp4,42,decarbonating-apologize,blog.com,1498,62916,0.23,long
494,/videos/2020-02-03/decarbonating-apologize-long.mp4,42,decarbonating-apologize,scribd.com,865179,36337518,0.47,long
494,/videos/2020-02-03/decarbonating-apologize-long.mp4,42,decarbonating-apologize,google.nl,927103,38938326,0.21,long
494,/videos/2020-02-03/decarbonating-apologize-long.mp4,42,decarbonating-apologize,yale.edu,1505,63210,0.38,long
1131,/root/bucket1/pulsidge-spectrometric-short.mp4,22,pulsidge-spectrometric,foxnews.com,665405,14638910,0.33,short
1131,/root/bucket1/pulsidge-spectrometric-short.mp4,22,pulsidge-spectrometric,blog.com,1502,33044,0.36,short
1131,/root/bucket1/pulsidge-spectrometric-short.mp4,22,pulsidge-spectrometric,shareasale.com,546957,12033054,0.3,short
1131,/root/bucket1/pulsidge-spectrometric-short.mp4,22,pulsidge-spectrometric,blog.com,1499,32978,0.15,short
1131,/root/bucket1/pulsidge-spectrometric-short.mp4,22,pulsidge-spectrometric,unknown,952759,20960698,0.33,short
1131,/root/bucket1/pulsidge-spectrometric-short.mp4,22,pulsidge-spectrometric,yale.edu,1496,32912,0.49,short
1131,/root/bucket1/pulsidge-spectrometric-short.mp4,22,pulsidge-spectrometric,blog.com,1498,32956,0.3,short
1131,/root/bucket1/pulsidge-spectrometric-short.mp4,22,pulsidge-spectrometric,state.gov,659095,14500090,0.13,short
1949,/videos/2020-02-04/pulsidge-spectrometric-long.mp4,31,pulsidge-spectrometric,ebay.co.uk,1504,46624,0.37,long
1949,/videos/2020-02-04/pulsidge-spectrometric-long.mp4,31,pulsidge-spectrometric,blog.com,1498,46438,0.25,long
499,/videos/2020-02-01/chokey-allurers-short.mp4,29,chokey-allurers,unknown,1995,57855,0.4,short
499,/videos/2020-02-01/chokey-allurers-short.mp4,29,chokey-allurers,prnewswire.com,7371,213759,0.32,short
499,/videos/2020-02-01/chokey-allurers-short.mp4,29,chokey-allurers,unknown,1994,57826,0.24,short
1745,/media/chokey-allurers-long.mp4,55,chokey-allurers,unknown,1510,83050,0.26,long
1745,/media/chokey-allurers-long.mp4,55,chokey-allurers,foxnews.com,258097,14195335,0.3,long
1636,/videos/2020-02-04/interposition-religionize-short.mp4,7,interposition-religionize,icio.us,74350,520450,0.43,short
1636,/videos/2020-02-04/interposition-religionize-short.mp4,7,interposition-religionize,blogs.com,437195,3060365,0.24,short
1636,/videos/2020-02-04/interposition-religionize-short.mp4,7,interposition-religionize,mail.ru,608679,4260753,0.39,short
1249,/root/bucket1/interposition-religionize-long.mp4,41,interposition-religionize,unknown,114242,4683922,0.23,long
1249,/root/bucket1/interposition-religionize-long.mp4,41,interposition-religionize,unknown,1513,62033,0.39,long
1249,/root/bucket1/interposition-religionize-long.mp4,41,interposition-religionize,comcast.net,730531,29951771,0.19,long
1249,/root/bucket1/interposition-religionize-long.mp4,41,interposition-religionize,unknown,1513,62033,0.4,long
1249,/root/bucket1/interposition-religionize-long.mp4,41,interposition-religionize,yale.edu,1499,61459,0.44,long
1918,/media/lamenters-namaste-long.mp4,59,lamenters-namaste,nature.com,951741,56152719,0.39,long
1918,/media/lamenters-namaste-long.mp4,59,lamenters-namaste,skype.com,260133,15347847,0.25,long
1918,/media/lamenters-namaste-long.mp4,59,lamenters-namaste,yale.edu,1500,88500,0.11,long
467,/root/bucket3/insouled-countermeasures-short.mp4,21,insouled-countermeasures,wp.com,710015,14910315,0.44,short
467,/root/bucket3/insouled-countermeasures-short.mp4,21,insouled-countermeasures,yandex.ru,6813,143073,0.28,short
445,/videos/2020-02-01/insouled-countermeasures-long.mp4,47,insouled-countermeasures,macromedia.com,760470,35742090,0.32,long
445,/videos/2020-02-01/insouled-countermeasures-long.mp4,47,insouled-countermeasures,storify.com,211697,9949759,0.2,long
445,/videos/2020-02-01/insouled-countermeasures-long.mp4,47,insouled-countermeasures,macromedia.com,875204,41134588,0.37,long
445,/videos/2020-02-01/insouled-countermeasures-long.mp4,47,insouled-countermeasures,unknown,383598,18029106,0.39,long
445,/videos/2020-02-01/insouled-countermeasures-long.mp4,47,insouled-countermeasures,yandex.ru,564192,26517024,0.13,long
445,/videos/2020-02-01/insouled-countermeasures-long.mp4,47,insouled-countermeasures,unknown,942679,44305913,0.22,long
445,/videos/2020-02-01/insouled-countermeasures-long.mp4,47,insouled-countermeasures,yale.edu,1495,70265,0.22,long
733,/root/bucket3/eviscerated-boogers-short.mp4,7,eviscerated-boogers,yale.edu,1497,10479,0.29,short
733,/root/bucket3/eviscerated-boogers-short.mp4,7,eviscerated-boogers,skype.com,223324,1563268,0.49,short
733,/root/bucket3/eviscerated-boogers-short.mp4,7,eviscerated-boogers,unknown,440436,3083052,0.11,short
733,/root/bucket3/eviscerated-boogers-short.mp4,7,eviscerated-boogers,unknown,593238,4152666,0.45,short
733,/root/bucket3/eviscerated-boogers-short.mp4,7,eviscerated-boogers,ebay.co.uk,1501,10507,0.42,short
733,/root/bucket3/eviscerated-boogers-short.mp4,7,eviscerated-boogers,unknown,409517,2866619,0.13,short
25,/videos/2020-02-03/eviscerated-boogers-long.mp4,27,eviscerated-boogers,unknown,1509,40743,0.48,long
1186,/videos/2020-02-01/kenos-choreographies-short.mp4,25,kenos-choreographies,unknown,1513,37825,0.31,short
1186,/videos/2020-02-01/kenos-choreographies-short.mp4,25,kenos-choreographies,scribd.com,682202,17055050,0.45,short
1683,/root/bucket4/kenos-choreographies-long.mp4,43,kenos-choreographies,unknown,1510,64930,0.45,long
1683,/root/bucket4/kenos-choreographies-long.mp4,43,kenos-choreographies,csmonitor.com,375786,16158798,0.49,long
1683,/root/bucket4/kenos-choreographies-long.mp4,43,kenos-choreographies,delicious.com,270040,11611720,0.19,long
1566,/videos/2020-02-02/iodine-clodhopping-short.mp4,15,iodine-clodhopping,icio.us,111815,1677225,0.11,short
1566,/videos/2020-02-02/iodine-clodhopping-short.mp4,15,iodine-clodhopping,goo.ne.jp,907126,13606890,0.39,short
1566,/videos/2020-02-02/iodine-clodhopping-short.mp4,15,iodine-clodhopping,epa.gov,107200,1608000,0.25,short
1566,/videos/2020-02-02/iodine-clodhopping-short.mp4,15,iodine-clodhopping,springer.com,857331,12859965,0.26,short
1566,/videos/2020-02-02/iodine-clodhopping-short.mp4,15,iodine-clodhopping,joomla.org,885987,13289805,0.29,short
1566,/videos/2020-02-02/iodine-clodhopping-short.mp4,15,iodine-clodhopping,livejournal.com,545091,8176365,0.28,short
1566,/videos/2020-02-02/iodine-clodhopping-short.mp4,15,iodine-clodhopping,webs.com,220721,3310815,0.13,short
1105,/root/bucket5/iodine-clodhopping-long.mp4,40,iodine-clodhopping,unknown,1514,60560,0.38,long
1105,/root/bucket5/iodine-clodhopping-long.mp4,40,iodine-clodhopping,yale.edu,1501,60040,0.5,long
1105,/root/bucket5/iodine-clodhopping-long.mp4,40,iodine-clodhopping,yale.edu,1502,60080,0.3,long
125,/root/bucket5/latrias-workwatchers-short.mp4,28,latrias-workwatchers,unknown,583467,16337076,0.11,short
125,/root/bucket5/latrias-workwatchers-short.mp4,28,latrias-workwatchers,nba.com,581588,16284464,0.43,short
125,/root/bucket5/latrias-workwatchers-short.mp4,28,latrias-workwatchers,washington.edu,224200,6277600,0.15,short
125,/root/bucket5/latrias-workwatchers-short.mp4,28,latrias-workwatchers,ebay.co.uk,1502,42056,0.31,short
590,/media/latrias-workwatchers-long.mp4,51,latrias-workwatchers,hhs.gov,87307,4452657,0.36,long
590,/media/latrias-workwatchers-long.mp4,51,latrias-workwatchers,livejournal.com,316492,16141092,0.19,long
665,/root/bucket3/deckles-pourtraicts-short.mp4,13,deckles-pourtraicts,comsenz.com,94001,1222013,0.4,short
665,/root/bucket3/deckles-pourtraicts-short.mp4,13,deckles-pourtraicts,dedecms.com,963009,12519117,0.3,short
298,/root/bucket4/deckles-pourtraicts-long.mp4,37,deckles-pourtraicts,csmonitor.com,133752,4948824,0.13,long
298,/root/bucket4/deckles-pourtraicts-long.mp4,37,deckles-pourtraicts,yale.edu,1498,55426,0.42,long
298,/root/bucket4/deckles-pourtraicts-long.mp4,37,deckles-pourtraicts,msu.edu,573731,21228047,0.38,long
1895,/root/bucket1/tarantaras-cid-short.mp4,22,tarantaras-cid,unknown,1511,33242,0.14,short
1895,/root/bucket1/tarantaras-cid-short.mp4,22,tarantaras-cid,epa.gov,44561,980342,0.35,short
1800,/root/bucket5/tarantaras-cid-long.mp4,36,tarantaras-cid,google.fr,535039,19261404,0.12,long
1800,/root/bucket5/tarantaras-cid-long.mp4,36,tarantaras-cid,java.com,197339,7104204,0.31,long
1800,/root/bucket5/tarantaras-cid-long.mp4,36,tarantaras-cid,netvibes.com,743313,26759268,0.34,long
1800,/root/bucket5/tarantaras-cid-long.mp4,36,tarantaras-cid,storify.com,596566,21476376,0.26,long
1751,/root/bucket3/ipecacs-unvulgar-short.mp4,12,ipecacs-unvulgar,ebay.co.uk,1497,17964,0.24,short
1751,/root/bucket3/ipecacs-unvulgar-short.mp4,12,ipecacs-unvulgar,blog.com,1496,17952,0.2,short
1751,/root/bucket3/ipecacs-unvulgar-short.mp4,12,ipecacs-unvulgar,ebay.co.uk,1504,18048,0.26,short
1751,/root/bucket3/ipecacs-unvulgar-short.mp4,12,ipecacs-unvulgar,dailymotion.com,927563,11130756,0.29,short
1751,/root/bucket3/ipecacs-unvulgar-short.mp4,12,ipecacs-unvulgar,phoca.cz,922489,11069868,0.32,short
1751,/root/bucket3/ipecacs-unvulgar-short.mp4,12,ipecacs-unvulgar,about.com,606562,7278744,0.15,short
1751,/root/bucket3/ipecacs-unvulgar-short.mp4,12,ipecacs-unvulgar,comsenz.com,155982,1871784,0.19,short
1751,/root/bucket3/ipecacs-unvulgar-short.mp4,12,ipecacs-unvulgar,unknown,688503,8262036,0.29,short
1751,/root/bucket3/ipecacs-unvulgar-short.mp4,12,ipecacs-unvulgar,netvibes.com,673205,8078460,0.39,short
399,/root/bucket3/ipecacs-unvulgar-long.mp4,25,ipecacs-unvulgar,wiley.com,31366,784150,0.18,long
399,/root/bucket3/ipecacs-unvulgar-long.mp4,25,ipecacs-unvulgar,opera.com,70265,1756625,0.19,long
399,/root/bucket3/ipecacs-unvulgar-long.mp4,25,ipecacs-unvulgar,comcast.net,80416,2010400,0.28,long
817,/videos/2020-02-01/blew-thraward-short.mp4,20,blew-thraward,blog.com,1497,29940,0.12,short
817,/videos/2020-02-01/blew-thraward-short.mp4,20,blew-thraward,buzzfeed.com,192277,3845540,0.46,short
817,/videos/2020-02-01/blew-thraward-short.mp4,20,blew-thraward,discovery.com,65945,1318900,0.15,short
817,/videos/2020-02-01/blew-thraward-short.mp4,20,blew-thraward,nba.com,829419,16588380,0.43,short
1661,/videos/2020-02-01/blew-thraward-long.mp4,28,blew-thraward,github.com,310876,8704528,0.25,long
1661,/videos/2020-02-01/blew-thraward-long.mp4,28,blew-thraward,comcast.net,258827,7247156,0.13,long
32,/root/bucket2/bating-hagdon-short.mp4,7,bating-hagdon,yale.edu,300247,2101729,0.31,short
32,/root/bucket2/bating-hagdon-short.mp4,7,bating-hagdon,livejournal.com,253837,1776859,0.11,short
945,/root/bucket3/bating-hagdon-long.mp4,57,bating-hagdon,unknown,2004,114228,0.31,long
945,/root/bucket3/bating-hagdon-long.mp4,57,bating-hagdon,skype.com,596826,34019082,0.17,long
945,/root/bucket3/bating-hagdon-long.mp4,57,bating-hagdon,fc2.com,552766,31507662,0.43,long
945,/root/bucket3/bating-hagdon-long.mp4,57,bating-hagdon,storify.com,658184,37516488,0.43,long
1322,/media/newsgroup-degenerateness-short.mp4,7,newsgroup-degenerateness,comsenz.com,329894,2309258,0.46,short
1322,/media/newsgroup-degenerateness-short.mp4,7,newsgroup-degenerateness,unknown,736432,5155024,0.35,short
1322,/media/newsgroup-degenerateness-short.mp4,7,newsgroup-degenerateness,blog.com,1502,10514,0.35,short
1322,/media/newsgroup-degenerateness-short.mp4,7,newsgroup-degenerateness,moonfruit.com,768911,5382377,0.36,short
1322,/media/newsgroup-degenerateness-short.mp4,7,newsgroup-degenerateness,blog.com,1502,10514,0.2,short
1995,/root/bucket1/newsgroup-degenerateness-long.mp4,32,newsgroup-degenerateness,yale.edu,130228,4167296,0.26,long
1995,/root/bucket1/newsgroup-degenerateness-long.mp4,32,newsgroup-degenerateness,shinystat.com,533901,17084832,0.36,long
548,/root/bucket3/dionysian-shrimping-short.mp4,29,dionysian-shrimping,moonfruit.com,715913,20761477,0.3,short
548,/root/bucket3/dionysian-shrimping-short.mp4,29,dionysian-shrimping,usgs.gov,622243,18045047,0.18,short
1585,/root/bucket1/dionysian-shrimping-long.mp4,28,dionysian-shrimping,skype.com,318713,8923964,0.26,long
994,/videos/2020-02-01/cocooned-ampliation-short.mp4,29,cocooned-ampliation,ebay.co.uk,1502,43558,0.14,short
994,/videos/2020-02-01/cocooned-ampliation-short.mp4,29,cocooned-ampliation,washington.edu,118069,3424001,0.38,short
994,/videos/2020-02-01/cocooned-ampliation-short.mp4,29,cocooned-ampliation,ebay.co.uk,1501,43529,0.31,short
994,/videos/2020-02-01/cocooned-ampliation-short.mp4,29,cocooned-ampliation,ebay.co.uk,1504,43616,0.17,short
994,/videos/2020-02-01/cocooned-ampliation-short.mp4,29,cocooned-ampliation,unknown,366810,10637490,0.39,short
1371,/root/bucket5/cocooned-ampliation-long.mp4,34,cocooned-ampliation,yale.edu,769251,26154534,0.12,long
185,/videos/2020-02-04/chats-conditionate-short.mp4,29,chats-conditionate,wp.com,23134,670886,0.28,short
1724,/videos/2020-02-03/isomerizing-louma-short.mp4,10,isomerizing-louma,unknown,1516,15160,0.33,short
1217,/videos/2020-02-04/xylorimbas-drosophilas-long.mp4,29,xylorimbas-drosophilas,google.fr,656627,19042183,0.34,long
1695,/root/bucket3/disloyalties-modulates-short.mp4,24,disloyalties-modulates,unknown,1509,36216,0.2,short
1695,/root/bucket3/disloyalties-modulates-short.mp4,24,disloyalties-modulates,goo.ne.jp,629856,15116544,0.48,short
1587,/root/bucket3/also-subovate-short.mp4,25,also-subovate,nature.com,452479,11311975,0.39,short
1837,/videos/2020-02-04/salmagundi-excommunications-short.mp4,15,salmagundi-excommunications,unknown,142658,2139870,0.47,short
1837,/videos/2020-02-04/salmagundi-excommunications-short.mp4,15,salmagundi-excommunications,blog.com,1498,22470,0.47,short
149,/videos/2020-02-03/lurch-galivant-long.mp4,54,lurch-galivant,mail.ru,798005,43092270,0.29,long
1283,/root/bucket3/nationalisms-anecdotist-long.mp4,34,nationalisms-anecdotist,netvibes.com,813118,27646012,0.4,long
90,/root/bucket3/inundated-gutsers-short.mp4,21,inundated-gutsers,yale.edu,1499,31479,0.48,short
828,/videos/2020-02-02/iconolater-numerate-long.mp4,28,iconolater-numerate,foxnews.com,871790,24410120,0.3,long
1002,/videos/2020-02-01/merceries-pyranoside-long.mp4,59,merceries-pyranoside,goo.ne.jp,379433,22386547,0.29,long
1417,/videos/2020-02-02/suppressed-gillnets-long.mp4,52,suppressed-gillnets,wufoo.com,73990,3847480,0.41,long
1454,/root/bucket2/puns-vicarship-short.mp4,30,puns-vicarship,netvibes.com,175952,5278560,0.45,short
343,/media/caudillos-desertified-long.mp4,54,caudillos-desertified,java.com,459293,24801822,0.14,long
1100,/root/bucket4/coemploy-hysteranthous-long.mp4,43,coemploy-hysteranthous,g.co,981746,42215078,0.17,long
63,/root/bucket1/centennially-rockfalls-short.mp4,25,centennially-rockfalls,wp.com,802923,20073075,0.22,short
63,/root/bucket1/centennially-rockfalls-short.mp4,25,centennially-rockfalls,unknown,691499,17287475,0.28,short
63,/root/bucket1/centennially-rockfalls-short.mp4,25,centennially-rockfalls,ebay.co.uk,1497,37425,0.12,short
147,/media/compradore-blit-long.mp4,57,compradore-blit,meetup.com,443766,25294662,0.11,long
1436,/videos/2020-02-01/agaric-articulatenesses-short.mp4,24,agaric-articulatenesses,yale.edu,1502,36048,0.24,short
1320,/videos/2020-02-04/tableaus-repatriated-short.mp4,9,tableaus-repatriated,yale.edu,1495,13455,0.47,short
227,/videos/2020-02-01/crankcase-nonequilibria-long.mp4,54,crankcase-nonequilibria,storify.com,117997,6371838,0.33,long
159,/root/bucket2/pneumonias-dispassionately-short.mp4,17,pneumonias-dispassionately,unknown,632375,10750375,0.4,short
516,/root/bucket1/unelectrified-gallicise-short.mp4,5,unelectrified-gallicise,ebay.co.uk,1502,7510,0.15,short
516,/root/bucket1/unelectrified-gallicise-short.mp4,5,unelectrified-gallicise,unknown,1999,9995,0.14,short
1424,/media/carboyed-microcyte-short.mp4,9,carboyed-microcyte,unknown,684831,6163479,0.45,short
1424,/media/carboyed-microcyte-short.mp4,9,carboyed-microcyte,blog.com,1498,13482,0.26,short
1284,/videos/2020-02-04/upstep-rand-long.mp4,51,upstep-rand,blog.com,1498,76398,0.4,long
1374,/videos/2020-02-03/maltsters-stethoscopists-short.mp4,26,maltsters-stethoscopists,npr.org,654894,17027244,0.41,short
1181,/videos/2020-02-03/enantiopathies-rechanging-short.mp4,24,enantiopathies-rechanging,patch.com,353625,8487000,0.15,short
1412,/root/bucket1/pervier-nasalise-short.mp4,25,pervier-nasalise,nature.com,164727,4118175,0.19,short
1657,/root/bucket2/braggartly-holstering-short.mp4,10,braggartly-holstering,yale.edu,872280,8722800,0.47,short
776,/root/bucket4/emption-snouty-short.mp4,29,emption-snouty,blog.com,1500,43500,0.41,short
1915,/videos/2020-02-04/torridness-schemozzled-long.mp4,39,torridness-schemozzled,goodreads.com,741989,28937571,0.26,long
978,/root/bucket4/aidless-patronized-long.mp4,47,aidless-patronized,unknown,1506,70782,0.18,long
978,/root/bucket4/aidless-patronized-long.mp4,47,aidless-patronized,blog.com,1498,70406,0.16,long
868,/root/bucket2/aghas-trunksleeve-long.mp4,32,aghas-trunksleeve,so-net.ne.jp,546506,17488192,0.4,long
868,/root/bucket2/aghas-trunksleeve-long.mp4,32,aghas-trunksleeve,twitter.com,425467,13614944,0.25,long
1058,/videos/2020-02-01/syncopation-methenamine-short.mp4,9,syncopation-methenamine,unknown,403888,3634992,0.17,short
4,/root/bucket3/arithmophobias-battalions-long.mp4,28,arithmophobias-battalions,ebay.co.uk,1500,42000,0.4,long
1188,/videos/2020-02-01/semilethal-vidimuses-long.mp4,30,semilethal-vidimuses,drupal.org,688780,20663400,0.15,long
560,/root/bucket5/conspirers-physiques-short.mp4,16,conspirers-physiques,ustream.tv,754439,12071024,0.21,short
267,/root/bucket5/eastlin-carbonadoing-short.mp4,19,eastlin-carbonadoing,shareasale.com,202858,3854302,0.29,short
1736,/root/bucket5/onloads-ballyard-short.mp4,11,onloads-ballyard,moonfruit.com,25710,282810,0.2,short
383,/root/bucket1/operosenesses-kiwifruit-long.mp4,42,operosenesses-kiwifruit,ebay.co.uk,1503,63126,0.48,long
1830,/videos/2020-02-01/bandas-chinaman-short.mp4,8,bandas-chinaman,unknown,2004,16032,0.34,short
859,/media/midsts-ambulatorily-long.mp4,37,midsts-ambulatorily,google.nl,632921,23418077,0.18,long
859,/media/midsts-ambulatorily-long.mp4,37,midsts-ambulatorily,loc.gov,342098,12657626,0.35,long
963,/videos/2020-02-01/treponemal-reseau-short.mp4,24,treponemal-reseau,yale.edu,1496,35904,0.39,short
170,/videos/2020-02-02/treponemal-reseau-long.mp4,33,treponemal-reseau,blogtalkradio.com,766049,25279617,0.15,long
1831,/root/bucket5/checkroom-graffiting-long.mp4,48,checkroom-graffiting,unknown,850097,40804656,0.23,long
1831,/root/bucket5/checkroom-graffiting-long.mp4,48,checkroom-graffiting,storify.com,377467,18118416,0.24,long
230,/root/bucket5/applies-aerobic-short.mp4,21,applies-aerobic,unknown,809890,17007690,0.14,short
230,/root/bucket5/applies-aerobic-short.mp4,21,applies-aerobic,blog.com,1502,31542,0.5,short
230,/root/bucket5/applies-aerobic-short.mp4,21,applies-aerobic,icio.us,220520,4630920,0.35,short
230,/root/bucket5/applies-aerobic-short.mp4,21,applies-aerobic,yale.edu,1502,31542,0.17,short
1302,/root/bucket4/semitone-nonmobile-long.mp4,40,semitone-nonmobile,scribd.com,790380,31615200,0.21,long
1659,/root/bucket4/spumone-mistrusting-long.mp4,30,spumone-mistrusting,unknown,115918,3477540,0.25,long
1659,/root/bucket4/spumone-mistrusting-long.mp4,30,spumone-mistrusting,blog.com,1494,44820,0.38,long
1599,/videos/2020-02-03/latte-passados-long.mp4,51,latte-passados,unknown,218900,11163900,0.2,long
1599,/videos/2020-02-03/latte-passados-long.mp4,51,latte-passados,shinystat.com,428238,21840138,0.27,long
490,/root/bucket3/subspecialists-carnalizing-long.mp4,35,subspecialists-carnalizing,unicef.org,560199,19606965,0.12,long
990,/media/familiarisers-incurved-long.mp4,28,familiarisers-incurved,netvibes.com,478200,13389600,0.14,long
1361,/root/bucket1/associabilities-impenetrated-short.mp4,6,associabilities-impenetrated,wp.com,817131,4902786,0.18,short
714,/videos/2020-02-04/inburning-microbarographs-short.mp4,30,inburning-microbarographs,webs.com,783839,23515170,0.14,short
714,/videos/2020-02-04/inburning-microbarographs-short.mp4,30,inburning-microbarographs,fc2.com,413170,12395100,0.36,short
714,/videos/2020-02-04/inburning-microbarographs-short.mp4,30,inburning-microbarographs,blog.com,1499,44970,0.13,short
815,/root/bucket2/obtends-bejeweling-long.mp4,49,obtends-bejeweling,g.co,288405,14131845,0.29,long
1183,/root/bucket5/abdicated-midbrain-long.mp4,58,abdicated-midbrain,unknown,1510,87580,0.33,long
1266,/videos/2020-02-01/langouste-scourged-long.mp4,42,langouste-scourged,yale.edu,1502,63084,0.3,long
550,/root/bucket5/slipnooses-hissers-long.mp4,60,slipnooses-hissers,istockphoto.com,593374,35602440,0.33,long
1669,/root/bucket2/amphioxuses-stipuled-long.mp4,25,amphioxuses-stipuled,mail.ru,294966,7374150,0.23,long
1471,/media/perscrutations-kenosises-short.mp4,19,perscrutations-kenosises,macromedia.com,57244,1087636,0.31,short
1459,/root/bucket2/deglaciated-multihued-short.mp4,28,deglaciated-multihued,thetimes.co.uk,688270,19271560,0.19,short
897,/root/bucket4/befriender-predigestion-long.mp4,32,befriender-predigestion,drupal.org,54010,1728320,0.39,long
108,/videos/2020-02-03/hikoiing-parasitologist-short.mp4,23,hikoiing-parasitologist,blog.com,1504,34592,0.32,short
1998,/media/sironizing-begnaw-short.mp4,10,sironizing-begnaw,unknown,1508,15080,0.26,short
1468,/root/bucket5/boobyish-entombed-short.mp4,22,boobyish-entombed,drupal.org,421445,9271790,0.39,short
55,/root/bucket3/boobyish-entombed-long.mp4,36,boobyish-entombed,unknown,430745,15506820,0.5,long
55,/root/bucket3/boobyish-entombed-long.mp4,36,boobyish-entombed,mail.ru,254783,9172188,0.47,long
685,/videos/2020-02-04/squalors-audiograph-long.mp4,36,squalors-audiograph,unknown,1503,54108,0.43,long
1709,/root/bucket1/lumpinesses-pursing-short.mp4,11,lumpinesses-pursing,ebay.co.uk,1501,16511,0.27,short
1777,/videos/2020-02-01/missionisations-hypercharging-long.mp4,46,missionisations-hypercharging,unknown,2001,92046,0.33,long
1109,/root/bucket5/exploited-conkers-short.mp4,29,exploited-conkers,icio.us,337838,9797302,0.13,short
1109,/root/bucket5/exploited-conkers-short.mp4,29,exploited-conkers,comcast.net,675352,19585208,0.38,short
178,/root/bucket3/sensationalism-outblessing-long.mp4,25,sensationalism-outblessing,opera.com,256712,6417800,0.11,long
1247,/videos/2020-02-04/bodkins-belace-short.mp4,10,bodkins-belace,yale.edu,1495,14950,0.17,short
587,/videos/2020-02-02/leaflessnesses-exacts-short.mp4,6,leaflessnesses-exacts,so-net.ne.jp,534900,3209400,0.17,short
1621,/root/bucket4/sangar-disintricates-short.mp4,22,sangar-disintricates,goo.ne.jp,860724,18935928,0.48,short
825,/root/bucket2/sectarian-unnilquadiums-long.mp4,44,sectarian-unnilquadiums,163.com,306211,13473284,0.41,long
350,/videos/2020-02-04/vesiculating-interconnexion-short.mp4,22,vesiculating-interconnexion,unknown,326066,7173452,0.41,short
948,/media/plussing-isomere-long.mp4,56,plussing-isomere,netvibes.com,191872,10744832,0.46,long
1286,/root/bucket5/hinges-caffeinic-short.mp4,10,hinges-caffeinic,archive.org,375275,3752750,0.37,short
676,/root/bucket4/shoder-muddleheadedly-long.mp4,36,shoder-muddleheadedly,fc2.com,361545,13015620,0.13,long
173,/root/bucket5/solely-hemocyte-long.mp4,51,solely-hemocyte,yale.edu,1499,76449,0.29,long
305,/media/ailurophobes-fashionably-short.mp4,28,ailurophobes-fashionably,ebay.co.uk,1500,42000,0.15,short
305,/media/ailurophobes-fashionably-short.mp4,28,ailurophobes-fashionably,bravesites.com,987648,27654144,0.33,short
305,/media/ailurophobes-fashionably-short.mp4,28,ailurophobes-fashionably,ebay.co.uk,1501,42028,0.35,short
1212,/root/bucket1/ailurophobes-fashionably-long.mp4,29,ailurophobes-fashionably,ebay.co.uk,1500,43500,0.27,long
1792,/root/bucket4/archiepiscopate-bluegown-long.mp4,55,archiepiscopate-bluegown,ebay.co.uk,1504,82720,0.36,long
1026,/videos/2020-02-03/definability-insofar-short.mp4,25,definability-insofar,unknown,588003,14700075,0.33,short
1941,/root/bucket3/definability-insofar-long.mp4,51,definability-insofar,unknown,1999,101949,0.35,long
1520,/root/bucket3/metronomes-propositions-long.mp4,43,metronomes-propositions,washington.edu,83019,3569817,0.5,long
962,/root/bucket2/astarboard-randems-short.mp4,30,astarboard-randems,goo.ne.jp,940877,28226310,0.32,short
931,/root/bucket4/panzerotto-frangipanni-short.mp4,14,panzerotto-frangipanni,macromedia.com,68055,952770,0.38,short
1406,/media/abuna-billon-long.mp4,47,abuna-billon,ebay.co.uk,1502,70594,0.35,long
291,/videos/2020-02-04/kinetheodolite-kidder-long.mp4,26,kinetheodolite-kidder,storify.com,578243,15034318,0.18,long
1811,/root/bucket1/flambeaux-burnishments-long.mp4,42,flambeaux-burnishments,simplemachines.org,956322,40165524,0.29,long
788,/root/bucket4/buckayro-halloes-short.mp4,11,buckayro-halloes,google.nl,371822,4090042,0.39,short
158,/videos/2020-02-02/mainframes-renewed-long.mp4,45,mainframes-renewed,wp.com,963749,43368705,0.26,long
496,/root/bucket2/counterflow-epizoa-short.mp4,19,counterflow-epizoa,so-net.ne.jp,874701,16619319,0.2,short
79,/videos/2020-02-01/overextravagant-guanazolos-short.mp4,27,overextravagant-guanazolos,icio.us,282201,7619427,0.23,short
559,/root/bucket2/streakinesses-overmelt-short.mp4,26,streakinesses-overmelt,unknown,2002,52052,0.12,short
1770,/root/bucket1/astringencies-shoots-long.mp4,41,astringencies-shoots,twitter.com,395894,16231654,0.48,long
988,/root/bucket5/hutted-feued-long.mp4,30,hutted-feued,unknown,83328,2499840,0.17,long
834,/videos/2020-02-02/fetologies-drowses-long.mp4,42,fetologies-drowses,moonfruit.com,73892,3103464,0.36,long
834,/videos/2020-02-02/fetologies-drowses-long.mp4,42,fetologies-drowses,ebay.co.uk,1503,63126,0.28,long
1980,/videos/2020-02-03/valuers-otherguess-short.mp4,8,valuers-otherguess,unknown,352727,2821816,0.46,short
255,/videos/2020-02-04/ultramontanism-destructibilities-short.mp4,23,ultramontanism-destructibilities,wufoo.com,691527,15905121,0.24,short
664,/root/bucket5/acquisitor-gab-long.mp4,34,acquisitor-gab,purevolume.com,329157,11191338,0.19,long
664,/root/bucket5/acquisitor-gab-long.mp4,34,acquisitor-gab,ebay.co.uk,1501,51034,0.11,long
1801,/videos/2020-02-04/horopter-pindown-short.mp4,14,horopter-pindown,blog.com,1496,20944,0.19,short
1498,/videos/2020-02-03/unappointed-endash-long.mp4,51,unappointed-endash,auda.org.au,510160,26018160,0.22,long
1498,/videos/2020-02-03/unappointed-endash-long.mp4,51,unappointed-endash,unicef.org,510000,26010000,0.11,long
233,/root/bucket1/labiates-comsymp-short.mp4,7,labiates-comsymp,nature.com,997001,6979007,0.14,short
501,/root/bucket2/rewear-gross-long.mp4,34,rewear-gross,skype.com,709706,24130004,0.35,long
501,/root/bucket2/rewear-gross-long.mp4,34,rewear-gross,g.co,706757,24029738,0.16,long
501,/root/bucket2/rewear-gross-long.mp4,34,rewear-gross,unknown,1507,51238,0.42,long
1003,/videos/2020-02-01/naunts-regrowing-short.mp4,23,naunts-regrowing,unknown,1505,34615,0.15,short
595,/root/bucket2/naunts-regrowing-long.mp4,36,naunts-regrowing,techcrunch.com,395677,14244372,0.12,long
595,/root/bucket2/naunts-regrowing-long.mp4,36,naunts-regrowing,blog.com,1503,54108,0.38,long
1567,/videos/2020-02-03/divineress-febrile-short.mp4,16,divineress-febrile,msu.edu,962656,15402496,0.44,short
14,/root/bucket2/duckshoves-colorers-long.mp4,54,duckshoves-colorers,unknown,2002,108108,0.27,long
1744,/root/bucket3/frontier-aquaplaners-short.mp4,8,frontier-aquaplaners,goo.ne.jp,825767,6606136,0.42,short
1176,/root/bucket2/nolition-foreslacking-long.mp4,36,nolition-foreslacking,patch.com,792797,28540692,0.24,long
1066,/root/bucket3/tribalisms-sargoses-long.mp4,30,tribalisms-sargoses,unknown,188718,5661540,0.44,long
1066,/root/bucket3/tribalisms-sargoses-long.mp4,30,tribalisms-sargoses,unknown,1518,45540,0.12,long
1730,/root/bucket1/brers-resends-short.mp4,25,brers-resends,yale.edu,1492,37300,0.27,short
1958,/media/impropriates-allergists-short.mp4,19,impropriates-allergists,yale.edu,1504,28576,0.41,short
184,/root/bucket4/mistaught-jols-short.mp4,25,mistaught-jols,flavors.me,221734,5543350,0.4,short
1415,/root/bucket1/blinking-trankums-short.mp4,11,blinking-trankums,ebay.co.uk,1496,16456,0.12,short
653,/root/bucket3/heathenizing-disnest-long.mp4,40,heathenizing-disnest,goodreads.com,650639,26025560,0.41,long
1516,/videos/2020-02-04/anabranches-ligure-short.mp4,23,anabranches-ligure,unknown,996255,22913865,0.2,short
1966,/videos/2020-02-01/conjugates-confederates-short.mp4,28,conjugates-confederates,harvard.edu,42949,1202572,0.43,short
386,/root/bucket1/dunniewassals-scandalisers-long.mp4,26,dunniewassals-scandalisers,unknown,206160,5360160,0.28,long
54,/videos/2020-02-02/resorbence-orf-long.mp4,55,resorbence-orf,unknown,300949,16552195,0.17,long
1562,/root/bucket4/comprehended-uplook-long.mp4,41,comprehended-uplook,sciencedaily.com,76267,3126947,0.13,long
1142,/videos/2020-02-02/horographers-typp-long.mp4,43,horographers-typp,springer.com,552612,23762316,0.23,long
1142,/videos/2020-02-02/horographers-typp-long.mp4,43,horographers-typp,about.com,275101,11829343,0.17,long
1491,/videos/2020-02-03/knelled-fluates-short.mp4,11,knelled-fluates,ebay.co.uk,1499,16489,0.11,short
1024,/root/bucket5/saltuses-hessonites-long.mp4,52,saltuses-hessonites,exblog.jp,953167,49564684,0.15,long
1541,/videos/2020-02-03/bejading-coppiced-short.mp4,9,bejading-coppiced,ebay.co.uk,1501,13509,0.39,short
1096,/videos/2020-02-03/effulgence-deckers-long.mp4,28,effulgence-deckers,blog.com,1499,41972,0.15,long
1881,/media/shittier-catechist-short.mp4,13,shittier-catechist,odnoklassniki.ru,280981,3652753,0.1,short
1881,/media/shittier-catechist-short.mp4,13,shittier-catechist,creativecommons.org,243080,3160040,0.1,short
1872,/root/bucket4/gerenuks-clonk-long.mp4,60,gerenuks-clonk,macromedia.com,720490,43229400,0.12,long
379,/root/bucket3/pokerish-happenstance-short.mp4,30,pokerish-happenstance,harvard.edu,507898,15236940,0.49,short
637,/videos/2020-02-02/subordinal-blissing-short.mp4,22,subordinal-blissing,g.co,442220,9728840,0.46,short
592,/root/bucket2/orielled-cosign-short.mp4,25,orielled-cosign,exblog.jp,804684,20117100,0.42,short
615,/root/bucket4/zobu-qualmy-short.mp4,8,zobu-qualmy,unknown,599572,4796576,0.21,short
1057,/root/bucket4/thyristor-unrefreshed-long.mp4,57,thyristor-unrefreshed,ebay.co.uk,1504,85728,0.15,long
1057,/root/bucket4/thyristor-unrefreshed-long.mp4,57,thyristor-unrefreshed,csmonitor.com,655669,37373133,0.4,long
1775,/root/bucket5/emoter-bandoneons-short.mp4,30,emoter-bandoneons,drupal.org,111002,3330060,0.2,short
691,/videos/2020-02-03/ulna-hemopoieses-short.mp4,16,ulna-hemopoieses,java.com,65797,1052752,0.3,short
187,/videos/2020-02-01/amylic-leeze-long.mp4,31,amylic-leeze,blog.com,1497,46407,0.43,long
1549,/root/bucket2/anthropomorphization-superadministrator-long.mp4,47,anthropomorphization-superadministrator,npr.org,928504,43639688,0.21,long
476,/videos/2020-02-02/familiariser-fils-long.mp4,36,familiariser-fils,multiply.com,434897,15656292,0.25,long
1354,/videos/2020-02-02/vitalise-particularizing-short.mp4,17,vitalise-particularizing,wufoo.com,828098,14077666,0.29,short
1153,/root/bucket2/hyperparathyroidisms-panaritiums-long.mp4,30,hyperparathyroidisms-panaritiums,cnet.com,53552,1606560,0.48,long
943,/videos/2020-02-02/tongues-dropping-long.mp4,27,tongues-dropping,shareasale.com,392545,10598715,0.47,long
1446,/media/comorbid-rerevising-long.mp4,60,comorbid-rerevising,yale.edu,1497,89820,0.34,long
1084,/root/bucket1/silverpoint-encrust-long.mp4,48,silverpoint-encrust,unknown,2000,96000,0.12,long
1084,/root/bucket1/silverpoint-encrust-long.mp4,48,silverpoint-encrust,unknown,1510,72480,0.36,long
1084,/root/bucket1/silverpoint-encrust-long.mp4,48,silverpoint-encrust,yandex.ru,665906,31963488,0.26,long
1264,/videos/2020-02-03/processioner-straughter-short.mp4,28,processioner-straughter,unknown,1510,42280,0.26,short
1264,/videos/2020-02-03/processioner-straughter-short.mp4,28,processioner-straughter,yale.edu,1501,42028,0.48,short
1297,/root/bucket1/tagger-intergrowths-short.mp4,27,tagger-intergrowths,multiply.com,518823,14008221,0.17,short
768,/videos/2020-02-04/unarched-knags-short.mp4,21,unarched-knags,blog.com,1503,31563,0.36,short
205,/videos/2020-02-04/hazarding-undersize-short.mp4,15,hazarding-undersize,state.gov,449650,6744750,0.15,short
652,/videos/2020-02-02/leaking-sphygmus-long.mp4,36,leaking-sphygmus,unknown,1508,54288,0.33,long
1250,/root/bucket5/repressed-oviraptor-short.mp4,22,repressed-oviraptor,purevolume.com,310965,6841230,0.44,short
1701,/root/bucket1/barophoresis-loungey-short.mp4,28,barophoresis-loungey,unknown,1511,42308,0.25,short
1367,/root/bucket3/treater-redolence-short.mp4,24,treater-redolence,storify.com,389282,9342768,0.26,short
1462,/root/bucket5/azotemic-bonbonniere-long.mp4,51,azotemic-bonbonniere,unknown,1514,77214,0.27,long
1462,/root/bucket5/azotemic-bonbonniere-long.mp4,51,azotemic-bonbonniere,blog.com,1501,76551,0.28,long
980,/root/bucket4/dromos-endgates-long.mp4,31,dromos-endgates,delicious.com,948424,29401144,0.41,long
214,/root/bucket4/coldnesses-handgrip-long.mp4,57,coldnesses-handgrip,buzzfeed.com,922478,52581246,0.3,long
42,/root/bucket5/chieferies-emblics-short.mp4,30,chieferies-emblics,elegantthemes.com,146264,4387920,0.5,short
324,/root/bucket2/chieferies-emblics-long.mp4,58,chieferies-emblics,unknown,1507,87406,0.1,long
1752,/root/bucket5/pellack-juvenals-short.mp4,12,pellack-juvenals,istockphoto.com,18376,220512,0.26,short
1379,/root/bucket1/pellack-juvenals-long.mp4,51,pellack-juvenals,goo.ne.jp,691929,35288379,0.2,long
363,/videos/2020-02-03/turcopole-galravaging-short.mp4,11,turcopole-galravaging,patch.com,295645,3252095,0.34,short
475,/videos/2020-02-04/teds-afterwards-short.mp4,26,teds-afterwards,yale.edu,1497,38922,0.18,short
1157,/media/sculs-morelles-short.mp4,27,sculs-morelles,unknown,2002,54054,0.23,short
11,/media/parotides-lairising-short.mp4,22,parotides-lairising,netvibes.com,778919,17136218,0.2,short
11,/media/parotides-lairising-short.mp4,22,parotides-lairising,unknown,1513,33286,0.14,short
764,/root/bucket4/fetchers-lovesome-long.mp4,35,fetchers-lovesome,patch.com,49175,1721125,0.41,long
936,/videos/2020-02-04/azym-abelia-long.mp4,60,azym-abelia,unknown,734729,44083740,0.24,long
936,/videos/2020-02-04/azym-abelia-long.mp4,60,azym-abelia,reddit.com,567761,34065660,0.12,long
1994,/videos/2020-02-02/reassembly-therefor-long.mp4,44,reassembly-therefor,artisteer.com,345465,15200460,0.5,long
903,/root/bucket4/battening-georgics-long.mp4,40,battening-georgics,unknown,1998,79920,0.45,long
903,/root/bucket4/battening-georgics-long.mp4,40,battening-georgics,yolasite.com,516782,20671280,0.15,long
903,/root/bucket4/battening-georgics-long.mp4,40,battening-georgics,nbcnews.com,442598,17703920,0.34,long
1172,/root/bucket3/larcenously-amnions-short.mp4,11,larcenously-amnions,mail.ru,787462,8662082,0.33,short
1172,/root/bucket3/larcenously-amnions-short.mp4,11,larcenously-amnions,unknown,691985,7611835,0.23,short
148,/root/bucket4/earbashes-salaciousnesses-long.mp4,59,earbashes-salaciousnesses,goo.ne.jp,952952,56224168,0.15,long
1077,/videos/2020-02-03/heaths-platinised-short.mp4,27,heaths-platinised,bbb.org,322759,8714493,0.28,short
1240,/videos/2020-02-02/actualizes-sanest-long.mp4,35,actualizes-sanest,unknown,1514,52990,0.11,long
1240,/videos/2020-02-02/actualizes-sanest-long.mp4,35,actualizes-sanest,yale.edu,1498,52430,0.43,long
120,/root/bucket5/briquettes-aoristic-long.mp4,39,briquettes-aoristic,topsy.com,632088,24651432,0.32,long
947,/media/omasal-murmured-short.mp4,6,omasal-murmured,unknown,2002,12012,0.49,short
1295,/videos/2020-02-02/paludicolous-pannier-long.mp4,54,paludicolous-pannier,icio.us,408921,22081734,0.38,long
1772,/videos/2020-02-02/epidotisation-fanions-short.mp4,16,epidotisation-fanions,livejournal.com,226789,3628624,0.13,short
849,/videos/2020-02-03/inputs-subassembled-short.mp4,6,inputs-subassembled,unknown,273605,1641630,0.35,short
1168,/videos/2020-02-01/glomerule-twenty-long.mp4,25,glomerule-twenty,harvard.edu,210584,5264600,0.38,long
885,/videos/2020-02-04/unpretentious-verbena-long.mp4,44,unpretentious-verbena,state.gov,443745,19524780,0.1,long
586,/root/bucket5/pukas-secrecy-long.mp4,45,pukas-secrecy,blog.com,1496,67320,0.37,long
1117,/root/bucket3/gasohols-enterectomy-long.mp4,45,gasohols-enterectomy,multiply.com,482399,21707955,0.25,long
1949,/videos/2020-02-04/pulsidge-spectrometric-long.mp4,31,pulsidge-spectrometric,utexas.edu,986964,30595884,0.29,long
1949,/videos/2020-02-04/pulsidge-spectrometric-long.mp4,31,pulsidge-spectrometric,blog.com,1501,46531,0.24,long
1751,/root/bucket3/ipecacs-unvulgar-short.mp4,12,ipecacs-unvulgar,yale.edu,1502,18024,0.21,short
32,/root/bucket2/bating-hagdon-short.mp4,7,bating-hagdon,ebay.co.uk,1503,10521,0.15,short
1531,/root/bucket2/basher-jarping-long.mp4,44,basher-jarping,un.org,785321,34554124,0.4,long
1515,/media/electrophysiologically-toothless-long.mp4,44,electrophysiologically-toothless,unknown,510274,22452056,0.46,long
1515,/media/electrophysiologically-toothless-long.mp4,44,electrophysiologically-toothless,ebay.co.uk,1500,66000,0.29,long
1201,/root/bucket3/carboxylases-faint-short.mp4,23,carboxylases-faint,yale.edu,1497,34431,0.45,short
1201,/root/bucket3/carboxylases-faint-short.mp4,23,carboxylases-faint,ebay.co.uk,1507,34661,0.21,short
1535,/root/bucket5/tarpon-hamartiology-long.mp4,59,tarpon-hamartiology,unknown,286648,16912232,0.42,long
1648,/root/bucket3/orchestraters-septentrional-long.mp4,45,orchestraters-septentrional,unknown,368306,16573770,0.48,long
285,/root/bucket2/retimed-stelleridan-long.mp4,48,retimed-stelleridan,unknown,1503,72144,0.35,long
689,/root/bucket1/disinvest-branders-long.mp4,56,disinvest-branders,unknown,489784,27427904,0.11,long
1294,/root/bucket1/flashlamps-oligarchically-short.mp4,21,flashlamps-oligarchically,blog.com,1503,31563,0.24,short
1591,/root/bucket4/convexity-pinchbugs-short.mp4,8,convexity-pinchbugs,jigsy.com,100729,805832,0.38,short
858,/videos/2020-02-02/weightlessness-underestimations-short.mp4,8,weightlessness-underestimations,archive.org,477026,3816208,0.5,short
858,/videos/2020-02-02/weightlessness-underestimations-short.mp4,8,weightlessness-underestimations,unknown,1514,12112,0.12,short
858,/videos/2020-02-02/weightlessness-underestimations-short.mp4,8,weightlessness-underestimations,google.nl,424645,3397160,0.31,short
858,/videos/2020-02-02/weightlessness-underestimations-short.mp4,8,weightlessness-underestimations,unknown,1512,12096,0.14,short
413,/videos/2020-02-03/tsardom-iodoforms-short.mp4,5,tsardom-iodoforms,comcast.net,604880,3024400,0.4,short
950,/media/balletomania-falderaling-long.mp4,56,balletomania-falderaling,loc.gov,108372,6068832,0.38,long
142,/media/caudillos-desertified-short.mp4,24,caudillos-desertified,unknown,2006,48144,0.25,short
142,/media/caudillos-desertified-short.mp4,24,caudillos-desertified,unknown,2003,48072,0.17,short
142,/media/caudillos-desertified-short.mp4,24,caudillos-desertified,netvibes.com,445862,10700688,0.14,short
527,/root/bucket4/nonvegetarian-submittings-long.mp4,34,nonvegetarian-submittings,studiopress.com,332792,11314928,0.49,long
527,/root/bucket4/nonvegetarian-submittings-long.mp4,34,nonvegetarian-submittings,patch.com,943583,32081822,0.34,long
527,/root/bucket4/nonvegetarian-submittings-long.mp4,34,nonvegetarian-submittings,yale.edu,1498,50932,0.44,long
527,/root/bucket4/nonvegetarian-submittings-long.mp4,34,nonvegetarian-submittings,yale.edu,1498,50932,0.3,long
253,/media/mitched-micromanipulations-short.mp4,29,mitched-micromanipulations,springer.com,760591,22057139,0.5,short
253,/media/mitched-micromanipulations-short.mp4,29,mitched-micromanipulations,unknown,1503,43587,0.48,short
1569,/videos/2020-02-01/gaggeries-chromotype-short.mp4,30,gaggeries-chromotype,macromedia.com,497072,14912160,0.24,short
1083,/videos/2020-02-01/upstep-rand-short.mp4,6,upstep-rand,unknown,1999,11994,0.48,short
826,/root/bucket3/neafes-overadvertizing-long.mp4,32,neafes-overadvertizing,unknown,1510,48320,0.16,long
971,/videos/2020-02-04/retrospecting-optics-long.mp4,25,retrospecting-optics,comcast.net,681784,17044600,0.26,long
1108,/root/bucket5/alchemical-supported-short.mp4,7,alchemical-supported,yale.edu,1499,10493,0.35,short
284,/videos/2020-02-03/trevallys-gunneries-long.mp4,42,trevallys-gunneries,washington.edu,33303,1398726,0.13,long
1738,/root/bucket2/kazillions-geomedicines-short.mp4,29,kazillions-geomedicines,unknown,1995,57855,0.49,short
551,/media/kazillions-geomedicines-long.mp4,41,kazillions-geomedicines,ebay.co.uk,1495,61295,0.41,long
799,/videos/2020-02-01/fleecy-epacts-short.mp4,24,fleecy-epacts,unknown,991878,23805072,0.37,short
1997,/root/bucket4/pepperer-rustication-long.mp4,50,pepperer-rustication,nbcnews.com,522461,26123050,0.38,long
426,/videos/2020-02-02/strewments-calceolarias-short.mp4,16,strewments-calceolarias,delicious.com,461019,7376304,0.26,short
426,/videos/2020-02-02/strewments-calceolarias-short.mp4,16,strewments-calceolarias,buzzfeed.com,794116,12705856,0.22,short
182,/root/bucket4/futhork-role-long.mp4,51,futhork-role,so-net.ne.jp,875774,44664474,0.33,long
573,/videos/2020-02-03/pressors-disanimate-long.mp4,38,pressors-disanimate,prnewswire.com,186625,7091750,0.29,long
524,/root/bucket5/clabbers-tostada-long.mp4,48,clabbers-tostada,msu.edu,996718,47842464,0.33,long
197,/videos/2020-02-02/expressiveness-gulfweeds-short.mp4,26,expressiveness-gulfweeds,nbcnews.com,591511,15379286,0.27,short
418,/root/bucket1/tautologisms-pickin-long.mp4,55,tautologisms-pickin,unknown,1513,83215,0.11,long
1878,/videos/2020-02-01/bandas-chinaman-long.mp4,34,bandas-chinaman,java.com,280132,9524488,0.23,long
1812,/root/bucket2/dimethylhydrazines-quicksilver-short.mp4,22,dimethylhydrazines-quicksilver,discovery.com,824315,18134930,0.33,short
910,/root/bucket3/nonathlete-overtreated-long.mp4,35,nonathlete-overtreated,reverbnation.com,274794,9617790,0.39,long
71,/media/babouche-footwears-short.mp4,14,babouche-footwears,unknown,2004,28056,0.3,short
671,/videos/2020-02-04/henges-thatness-short.mp4,8,henges-thatness,drupal.org,925147,7401176,0.38,short
671,/videos/2020-02-04/henges-thatness-short.mp4,8,henges-thatness,yandex.ru,810292,6482336,0.37,short
1133,/root/bucket1/bigfoots-epispore-short.mp4,17,bigfoots-epispore,unknown,2002,34034,0.49,short
1133,/root/bucket1/bigfoots-epispore-short.mp4,17,bigfoots-epispore,free13runpool.com,666957,11338269,0.27,short
720,/media/ridglings-windsock-long.mp4,47,ridglings-windsock,shareasale.com,498771,23442237,0.31,long
1987,/root/bucket2/manatu-semillon-short.mp4,7,manatu-semillon,prnewswire.com,492126,3444882,0.36,short
192,/root/bucket5/weisenheimer-paronymic-long.mp4,54,weisenheimer-paronymic,ocn.ne.jp,897879,48485466,0.33,long
306,/root/bucket1/ecstasising-zootechnical-long.mp4,42,ecstasising-zootechnical,yale.edu,1498,62916,0.29,long
1308,/root/bucket1/patrialize-seedless-long.mp4,45,patrialize-seedless,auda.org.au,528256,23771520,0.21,long
1050,/root/bucket1/latte-passados-short.mp4,27,latte-passados,yale.edu,135110,3647970,0.31,short
1887,/media/dimethyltryptamines-monotone-short.mp4,27,dimethyltryptamines-monotone,g.co,645402,17425854,0.37,short
1887,/media/dimethyltryptamines-monotone-short.mp4,27,dimethyltryptamines-monotone,yale.edu,1497,40419,0.26,short
842,/root/bucket4/saltness-savates-short.mp4,30,saltness-savates,unknown,2001,60030,0.38,short
1450,/root/bucket3/basidiospores-flutinas-long.mp4,29,basidiospores-flutinas,earthlink.net,455313,13204077,0.22,long
1274,/root/bucket5/beccaficos-politenesses-short.mp4,11,beccaficos-politenesses,google.nl,205096,2256056,0.28,short
1274,/root/bucket5/beccaficos-politenesses-short.mp4,11,beccaficos-politenesses,unknown,1510,16610,0.3,short
1063,/media/roughcast-untrueness-short.mp4,18,roughcast-untrueness,ebay.co.uk,1506,27108,0.4,short
1618,/media/dilutees-spicate-short.mp4,11,dilutees-spicate,fc2.com,459785,5057635,0.46,short
1618,/media/dilutees-spicate-short.mp4,11,dilutees-spicate,unknown,2005,22055,0.21,short
1029,/root/bucket5/illegible-viameter-long.mp4,57,illegible-viameter,unknown,1999,113943,0.14,long
1275,/media/secularizers-ophiomorph-short.mp4,8,secularizers-ophiomorph,skype.com,246237,1969896,0.46,short
1040,/root/bucket5/vagrancies-badinaged-long.mp4,54,vagrancies-badinaged,mail.ru,710785,38382390,0.28,long
400,/root/bucket3/ecoterrorism-doggedness-short.mp4,7,ecoterrorism-doggedness,unknown,1512,10584,0.33,short
313,/videos/2020-02-02/clypeiform-unclassifiable-short.mp4,6,clypeiform-unclassifiable,unknown,1512,9072,0.13,short
464,/videos/2020-02-01/pheon-frequences-short.mp4,9,pheon-frequences,unknown,532169,4789521,0.14,short
464,/videos/2020-02-01/pheon-frequences-short.mp4,9,pheon-frequences,bbb.org,84538,760842,0.45,short
503,/root/bucket2/urson-repulser-long.mp4,37,urson-repulser,epa.gov,162314,6005618,0.46,long
503,/root/bucket2/urson-repulser-long.mp4,37,urson-repulser,unknown,944610,34950570,0.41,long
1389,/root/bucket3/manjack-intenerates-short.mp4,8,manjack-intenerates,nature.com,357637,2861096,0.44,short
1524,/root/bucket2/veneer-rekeyboarding-short.mp4,23,veneer-rekeyboarding,blog.com,1500,34500,0.49,short
1380,/media/hoodia-sociopaths-short.mp4,25,hoodia-sociopaths,slate.com,543142,13578550,0.27,short
946,/videos/2020-02-04/coxal-trammel-long.mp4,48,coxal-trammel,blog.com,1496,71808,0.27,long
946,/videos/2020-02-04/coxal-trammel-long.mp4,48,coxal-trammel,unknown,1511,72528,0.16,long
506,/videos/2020-02-04/outmantles-invertor-short.mp4,9,outmantles-invertor,icio.us,73891,665019,0.13,short
1151,/root/bucket1/pelorias-madrepore-short.mp4,16,pelorias-madrepore,free13runpool.com,625241,10003856,0.49,short
1151,/root/bucket1/pelorias-madrepore-short.mp4,16,pelorias-madrepore,usnews.com,915876,14654016,0.48,short
398,/root/bucket3/tirednesses-adjoin-long.mp4,33,tirednesses-adjoin,blogtalkradio.com,763448,25193784,0.35,long
190,/videos/2020-02-02/squalors-audiograph-short.mp4,11,squalors-audiograph,unknown,2001,22011,0.23,short
61,/videos/2020-02-03/corybant-kipp-short.mp4,29,corybant-kipp,csmonitor.com,364003,10556087,0.35,short
619,/videos/2020-02-03/footered-vespertinal-short.mp4,8,footered-vespertinal,yale.edu,1499,11992,0.46,short
619,/videos/2020-02-03/footered-vespertinal-short.mp4,8,footered-vespertinal,unknown,1998,15984,0.2,short
1391,/videos/2020-02-03/spinous-objectifying-long.mp4,40,spinous-objectifying,yale.edu,1497,59880,0.47,long
1414,/root/bucket2/rheumic-tiresomenesses-long.mp4,51,rheumic-tiresomenesses,artisteer.com,460502,23485602,0.15,long
1414,/root/bucket2/rheumic-tiresomenesses-long.mp4,51,rheumic-tiresomenesses,slate.com,673474,34347174,0.48,long
1299,/root/bucket2/postorbital-magnanimity-long.mp4,59,postorbital-magnanimity,blog.com,1502,88618,0.17,long
40,/root/bucket4/hapuku-directedness-short.mp4,10,hapuku-directedness,icio.us,473258,4732580,0.45,short
1782,/videos/2020-02-02/sinologist-weathercaster-long.mp4,44,sinologist-weathercaster,goo.ne.jp,605471,26640724,0.39,long
767,/root/bucket2/brigalows-banditry-short.mp4,26,brigalows-banditry,earthlink.net,102942,2676492,0.48,short
1356,/videos/2020-02-02/incumberingly-teapoys-long.mp4,25,incumberingly-teapoys,macromedia.com,150331,3758275,0.4,long
900,/videos/2020-02-03/salacious-outreigning-short.mp4,25,salacious-outreigning,ustream.tv,798179,19954475,0.34,short
769,/root/bucket5/unthreading-restuffed-long.mp4,41,unthreading-restuffed,shareasale.com,570898,23406818,0.48,long
381,/root/bucket3/gamboling-careers-long.mp4,29,gamboling-careers,icio.us,580917,16846593,0.42,long
701,/root/bucket2/momzer-eloigns-short.mp4,19,momzer-eloigns,unknown,121856,2315264,0.23,short
701,/root/bucket2/momzer-eloigns-short.mp4,19,momzer-eloigns,comcast.net,675633,12837027,0.32,short
701,/root/bucket2/momzer-eloigns-short.mp4,19,momzer-eloigns,unknown,1996,37924,0.46,short
701,/root/bucket2/momzer-eloigns-short.mp4,19,momzer-eloigns,unknown,411877,7825663,0.2,short
701,/root/bucket2/momzer-eloigns-short.mp4,19,momzer-eloigns,thetimes.co.uk,334078,6347482,0.23,short
338,/videos/2020-02-04/bluishness-subsequences-short.mp4,27,bluishness-subsequences,fc2.com,554111,14960997,0.3,short
409,/videos/2020-02-04/sparoid-refinish-short.mp4,17,sparoid-refinish,g.co,675628,11485676,0.22,short
18,/root/bucket5/supraliminally-wafered-long.mp4,54,supraliminally-wafered,utexas.edu,248902,13440708,0.4,long
31,/root/bucket4/animateness-plasmolyse-short.mp4,19,animateness-plasmolyse,google.fr,446655,8486445,0.14,short
35,/videos/2020-02-04/croutes-salutiferous-short.mp4,11,croutes-salutiferous,storify.com,429264,4721904,0.37,short
1667,/root/bucket4/morsels-borderline-short.mp4,19,morsels-borderline,ebay.co.uk,1501,28519,0.13,short
335,/videos/2020-02-01/morsels-borderline-long.mp4,55,morsels-borderline,goo.ne.jp,772636,42494980,0.38,long
1331,/root/bucket4/endoparasites-turgidness-long.mp4,30,endoparasites-turgidness,nature.com,594586,17837580,0.44,long
1290,/media/reviewable-globing-short.mp4,10,reviewable-globing,unknown,2002,20020,0.38,short
5,/root/bucket5/retreating-anabolisms-long.mp4,57,retreating-anabolisms,unknown,158384,9027888,0.44,long
345,/root/bucket2/plottier-tortoises-long.mp4,49,plottier-tortoises,unknown,6815,333935,0.26,long
345,/root/bucket2/plottier-tortoises-long.mp4,49,plottier-tortoises,comsenz.com,331897,16262953,0.17,long
437,/videos/2020-02-03/kindliness-screensaver-long.mp4,48,kindliness-screensaver,blog.com,1497,71856,0.45,long
243,/videos/2020-02-04/incalescences-homaloids-short.mp4,6,incalescences-homaloids,unknown,840072,5040432,0.23,short
728,/root/bucket1/signoras-pestful-short.mp4,8,signoras-pestful,unknown,669590,5356720,0.5,short
1947,/root/bucket3/sissynesses-rocker-short.mp4,27,sissynesses-rocker,csmonitor.com,524295,14155965,0.18,short
322,/root/bucket2/baron-anagrammatizing-short.mp4,13,baron-anagrammatizing,livejournal.com,795364,10339732,0.26,short
322,/root/bucket2/baron-anagrammatizing-short.mp4,13,baron-anagrammatizing,ebay.co.uk,1505,19565,0.25,short
1404,/root/bucket1/heil-gropers-short.mp4,8,heil-gropers,google.fr,808964,6471712,0.49,short
953,/videos/2020-02-02/deterge-unbloody-short.mp4,19,deterge-unbloody,loc.gov,215541,4095279,0.43,short
1758,/videos/2020-02-04/overelaborations-anciently-short.mp4,15,overelaborations-anciently,yale.edu,1500,22500,0.49,short
1428,/media/overelaborations-anciently-long.mp4,59,overelaborations-anciently,about.com,528307,31170113,0.32,long
998,/videos/2020-02-02/madaming-doff-short.mp4,7,madaming-doff,yale.edu,1497,10479,0.3,short
144,/root/bucket4/overextravagant-guanazolos-long.mp4,41,overextravagant-guanazolos,unknown,2004,82164,0.21,long
1224,/root/bucket3/emball-encyclic-long.mp4,43,emball-encyclic,nba.com,428015,18404645,0.35,long
297,/root/bucket4/cauterized-appropriation-long.mp4,32,cauterized-appropriation,thetimes.co.uk,686681,21973792,0.49,long
171,/videos/2020-02-02/astringencies-shoots-short.mp4,22,astringencies-shoots,unknown,639230,14063060,0.45,short
718,/videos/2020-02-01/corrugated-bemusedly-long.mp4,55,corrugated-bemusedly,harvard.edu,414750,22811250,0.46,long
1200,/root/bucket2/gangplows-armouries-long.mp4,58,gangplows-armouries,unknown,1513,87754,0.15,long
1756,/root/bucket3/inconvertible-exsiccates-long.mp4,44,inconvertible-exsiccates,unknown,2002,88088,0.17,long
1756,/root/bucket3/inconvertible-exsiccates-long.mp4,44,inconvertible-exsiccates,comcast.net,952407,41905908,0.27,long
739,/root/bucket3/acquisitor-gab-short.mp4,7,acquisitor-gab,unknown,83274,582918,0.36,short
1146,/media/berleying-preferment-short.mp4,16,berleying-preferment,unknown,1516,24256,0.28,short
1990,/root/bucket5/thiophens-disgruntling-short.mp4,14,thiophens-disgruntling,buzzfeed.com,786603,11012442,0.23,short
1651,/root/bucket1/labiates-comsymp-long.mp4,32,labiates-comsymp,wiley.com,254570,8146240,0.5,long
1651,/root/bucket1/labiates-comsymp-long.mp4,32,labiates-comsymp,unknown,479212,15334784,0.19,long
1921,/root/bucket1/polysemous-malacia-short.mp4,24,polysemous-malacia,yale.edu,1501,36024,0.15,short
604,/videos/2020-02-02/divineress-febrile-long.mp4,54,divineress-febrile,usgs.gov,578044,31214376,0.47,long
260,/root/bucket1/conne-carillonist-long.mp4,47,conne-carillonist,yale.edu,1498,70406,0.36,long
1011,/videos/2020-02-01/abaya-dedifferentiation-short.mp4,14,abaya-dedifferentiation,blog.com,1499,20986,0.26,short
1689,/videos/2020-02-02/inanes-bemedalling-long.mp4,30,inanes-bemedalling,dailymotion.com,744850,22345500,0.13,long
1689,/videos/2020-02-02/inanes-bemedalling-long.mp4,30,inanes-bemedalling,auda.org.au,995916,29877480,0.17,long
1700,/media/cavings-schlimazel-short.mp4,20,cavings-schlimazel,ebay.co.uk,1502,30040,0.24,short
1848,/root/bucket3/garnered-adaptability-long.mp4,40,garnered-adaptability,unknown,194862,7794480,0.48,long
1048,/root/bucket1/knubbles-sampled-long.mp4,25,knubbles-sampled,archive.org,828983,20724575,0.38,long
565,/root/bucket1/abundance-plottered-long.mp4,52,abundance-plottered,twitter.com,506262,26325624,0.25,long
565,/root/bucket1/abundance-plottered-long.mp4,52,abundance-plottered,auda.org.au,17900,930800,0.45,long
1769,/root/bucket5/individua-carbonyls-short.mp4,26,individua-carbonyls,unknown,1509,39234,0.24,short
471,/media/greening-betaxed-long.mp4,53,greening-betaxed,foxnews.com,255831,13559043,0.13,long
686,/root/bucket5/apocopation-crania-short.mp4,16,apocopation-crania,storify.com,28166,450656,0.1,short
1013,/videos/2020-02-04/possessiveness-dogmatisms-long.mp4,54,possessiveness-dogmatisms,unknown,85874,4637196,0.45,long
523,/root/bucket5/zoospore-masculy-short.mp4,20,zoospore-masculy,harvard.edu,568797,11375940,0.49,short
883,/root/bucket3/magnesia-knurrs-short.mp4,12,magnesia-knurrs,ebay.co.uk,1501,18012,0.1,short
1504,/videos/2020-02-01/magnesia-knurrs-long.mp4,42,magnesia-knurrs,ebay.co.uk,1498,62916,0.11,long
1504,/videos/2020-02-01/magnesia-knurrs-long.mp4,42,magnesia-knurrs,comcast.net,72916,3062472,0.49,long
1592,/videos/2020-02-02/redhanded-flustery-short.mp4,11,redhanded-flustery,so-net.ne.jp,490822,5399042,0.21,short
1592,/videos/2020-02-02/redhanded-flustery-short.mp4,11,redhanded-flustery,comcast.net,694027,7634297,0.28,short
1592,/videos/2020-02-02/redhanded-flustery-short.mp4,11,redhanded-flustery,blog.com,1502,16522,0.37,short
742,/videos/2020-02-03/redhanded-flustery-long.mp4,44,redhanded-flustery,opera.com,755808,33255552,0.35,long
85,/root/bucket3/deflagrates-respot-long.mp4,50,deflagrates-respot,ebay.co.uk,1502,75100,0.27,long
999,/root/bucket4/sanitising-rechanging-short.mp4,19,sanitising-rechanging,storify.com,809969,15389411,0.29,short
999,/root/bucket4/sanitising-rechanging-short.mp4,19,sanitising-rechanging,comcast.net,226377,4301163,0.16,short
1189,/root/bucket1/lymphoadenomata-lunula-long.mp4,53,lymphoadenomata-lunula,ebay.co.uk,1501,79553,0.31,long
1189,/root/bucket1/lymphoadenomata-lunula-long.mp4,53,lymphoadenomata-lunula,shinystat.com,384631,20385443,0.11,long
1263,/root/bucket3/zobu-qualmy-long.mp4,38,zobu-qualmy,unknown,726626,27611788,0.1,long
1935,/media/thyristor-unrefreshed-short.mp4,24,thyristor-unrefreshed,unknown,1512,36288,0.18,short
1935,/media/thyristor-unrefreshed-short.mp4,24,thyristor-unrefreshed,unknown,836920,20086080,0.3,short
655,/videos/2020-02-01/electrofishings-copylefts-short.mp4,25,electrofishings-copylefts,moonfruit.com,467936,11698400,0.19,short
1169,/root/bucket1/locomotion-predefining-short.mp4,16,locomotion-predefining,unknown,1995,31920,0.37,short
1726,/videos/2020-02-03/constitutionalism-wourali-short.mp4,28,constitutionalism-wourali,twitter.com,731609,20485052,0.26,short
1726,/videos/2020-02-03/constitutionalism-wourali-short.mp4,28,constitutionalism-wourali,unknown,104685,2931180,0.19,short
375,/videos/2020-02-04/cheateries-bacchanalians-long.mp4,33,cheateries-bacchanalians,yale.edu,1499,49467,0.13,long
375,/videos/2020-02-04/cheateries-bacchanalians-long.mp4,33,cheateries-bacchanalians,unknown,574493,18958269,0.22,long
375,/videos/2020-02-04/cheateries-bacchanalians-long.mp4,33,cheateries-bacchanalians,topsy.com,140376,4632408,0.25,long
1035,/videos/2020-02-04/imbroccata-statelessness-short.mp4,24,imbroccata-statelessness,comcast.net,398402,9561648,0.13,short
1719,/root/bucket2/chrome-daylily-short.mp4,19,chrome-daylily,yale.edu,1501,28519,0.27,short
1589,/videos/2020-02-02/vitalise-particularizing-long.mp4,46,vitalise-particularizing,techcrunch.com,147578,6788588,0.13,long
1074,/root/bucket3/hyperparathyroidisms-panaritiums-short.mp4,14,hyperparathyroidisms-panaritiums,unknown,1512,21168,0.39,short
724,/root/bucket2/redbones-inapprehensible-long.mp4,28,redbones-inapprehensible,cnet.com,336107,9410996,0.25,long
1840,/videos/2020-02-01/tongues-dropping-short.mp4,24,tongues-dropping,unknown,753833,18091992,0.11,short
968,/root/bucket1/sironising-farand-short.mp4,12,sironising-farand,yale.edu,1503,18036,0.17,short
968,/root/bucket1/sironising-farand-short.mp4,12,sironising-farand,twitter.com,213956,2567472,0.16,short
1076,/root/bucket4/sironising-farand-long.mp4,30,sironising-farand,moonfruit.com,891707,26751210,0.23,long
357,/root/bucket3/recompenses-ashamednesses-short.mp4,5,recompenses-ashamednesses,msu.edu,750054,3750270,0.3,short
1366,/media/eliches-chargehand-short.mp4,29,eliches-chargehand,unknown,974074,28248146,0.31,short
457,/root/bucket5/eliches-chargehand-long.mp4,26,eliches-chargehand,utexas.edu,797611,20737886,0.4,long
829,/videos/2020-02-02/equipotent-cassation-short.mp4,8,equipotent-cassation,mayoclinic.com,936056,7488448,0.29,short
1518,/root/bucket1/sodomised-dadoing-short.mp4,28,sodomised-dadoing,bbb.org,257177,7200956,0.27,short
1518,/root/bucket1/sodomised-dadoing-short.mp4,28,sodomised-dadoing,yale.edu,1499,41972,0.27,short
1518,/root/bucket1/sodomised-dadoing-short.mp4,28,sodomised-dadoing,exblog.jp,363141,10167948,0.23,short
1301,/videos/2020-02-02/sitosterols-monture-short.mp4,18,sitosterols-monture,studiopress.com,5699,102582,0.5,short
1578,/videos/2020-02-01/oilcamps-newsbreaks-short.mp4,21,oilcamps-newsbreaks,skype.com,962690,20216490,0.42,short
1914,/root/bucket3/leaking-sphygmus-short.mp4,18,leaking-sphygmus,goo.ne.jp,646662,11639916,0.19,short
1353,/media/dromos-endgates-short.mp4,21,dromos-endgates,yale.edu,1501,31521,0.43,short
1245,/videos/2020-02-04/stridulous-phyllosilicates-long.mp4,39,stridulous-phyllosilicates,skype.com,984891,38410749,0.28,long
1423,/root/bucket1/unappalled-laveers-short.mp4,5,unappalled-laveers,goodreads.com,811536,4057680,0.22,short
1370,/root/bucket2/diurnalists-papyrus-short.mp4,27,diurnalists-papyrus,nature.com,923604,24937308,0.48,short
766,/media/shortchanged-contemplatist-short.mp4,13,shortchanged-contemplatist,moonfruit.com,119390,1552070,0.31,short
1986,/root/bucket4/noncomputerized-hillocks-short.mp4,6,noncomputerized-hillocks,mail.ru,551596,3309576,0.26,short
584,/media/noncomputerized-hillocks-long.mp4,37,noncomputerized-hillocks,unknown,871692,32252604,0.32,long
584,/media/noncomputerized-hillocks-long.mp4,37,noncomputerized-hillocks,github.com,473505,17519685,0.42,long
584,/media/noncomputerized-hillocks-long.mp4,37,noncomputerized-hillocks,mail.ru,205477,7602649,0.41,long
1107,/root/bucket5/unworried-ensigns-long.mp4,60,unworried-ensigns,purevolume.com,274662,16479720,0.12,long
1107,/root/bucket5/unworried-ensigns-long.mp4,60,unworried-ensigns,unknown,2000,120000,0.29,long
1852,/media/protonations-acridities-short.mp4,25,protonations-acridities,yale.edu,1499,37475,0.37,short
1049,/root/bucket1/dodgeries-parallelopipeda-long.mp4,33,dodgeries-parallelopipeda,unknown,589236,19444788,0.16,long
798,/root/bucket3/lewisites-liripoop-short.mp4,29,lewisites-liripoop,ebay.co.uk,1499,43471,0.15,short
711,/root/bucket4/wayless-belt-long.mp4,53,wayless-belt,dion.ne.jp,573879,30415587,0.15,long
1912,/videos/2020-02-04/monoecy-pettifoggings-long.mp4,37,monoecy-pettifoggings,yale.edu,119936,4437632,0.36,long
502,/root/bucket2/girsh-offerors-long.mp4,37,girsh-offerors,unknown,466599,17264163,0.26,long
1432,/root/bucket4/stottering-reusability-short.mp4,21,stottering-reusability,buzzfeed.com,344823,7241283,0.39,short
965,/videos/2020-02-02/brimfull-protistan-long.mp4,51,brimfull-protistan,g.co,972509,49597959,0.35,long
1149,/root/bucket1/silphium-outsoars-short.mp4,19,silphium-outsoars,blog.com,1504,28576,0.43,short
1896,/media/gynaecia-plumberies-short.mp4,6,gynaecia-plumberies,reddit.com,85951,515706,0.46,short
620,/media/kinetheodolites-savarin-long.mp4,45,kinetheodolites-savarin,unknown,2002,90090,0.38,long
959,/root/bucket2/omasal-murmured-long.mp4,34,omasal-murmured,ebay.co.uk,1504,51136,0.32,long
87,/videos/2020-02-03/derestricted-copycat-long.mp4,25,derestricted-copycat,fc2.com,754586,18864650,0.18,long
87,/videos/2020-02-03/derestricted-copycat-long.mp4,25,derestricted-copycat,purevolume.com,549978,13749450,0.38,long
143,/root/bucket2/puce-nonhereditary-short.mp4,8,puce-nonhereditary,unknown,2001,16008,0.45,short
264,/videos/2020-02-04/sharns-niceness-short.mp4,18,sharns-niceness,elegantthemes.com,840393,15127074,0.43,short
264,/videos/2020-02-04/sharns-niceness-short.mp4,18,sharns-niceness,de.vu,456378,8214804,0.35,short
1620,/media/glomerule-twenty-short.mp4,20,glomerule-twenty,netvibes.com,209581,4191620,0.23,short
307,/root/bucket4/pukas-secrecy-short.mp4,14,pukas-secrecy,google.fr,787444,11024216,0.13,short
494,/videos/2020-02-03/decarbonating-apologize-long.mp4,42,decarbonating-apologize,unknown,137960,5794320,0.2,long
1131,/root/bucket1/pulsidge-spectrometric-short.mp4,22,pulsidge-spectrometric,blog.com,1498,32956,0.19,short
548,/root/bucket3/dionysian-shrimping-short.mp4,29,dionysian-shrimping,wufoo.com,548139,15896031,0.13,short
548,/root/bucket3/dionysian-shrimping-short.mp4,29,dionysian-shrimping,unknown,2002,58058,0.28,short
548,/root/bucket3/dionysian-shrimping-short.mp4,29,dionysian-shrimping,unknown,1517,43993,0.23,short
548,/root/bucket3/dionysian-shrimping-short.mp4,29,dionysian-shrimping,prnewswire.com,815066,23636914,0.32,short
704,/media/stimy-cathodically-short.mp4,30,stimy-cathodically,ebay.co.uk,1504,45120,0.12,short
704,/media/stimy-cathodically-short.mp4,30,stimy-cathodically,blog.com,1504,45120,0.18,short
704,/media/stimy-cathodically-short.mp4,30,stimy-cathodically,unknown,547484,16424520,0.44,short
610,/root/bucket2/praetorships-buggering-long.mp4,37,praetorships-buggering,sciencedaily.com,709286,26243582,0.29,long
930,/root/bucket3/deflowering-insincerities-short.mp4,19,deflowering-insincerities,yale.edu,1502,28538,0.3,short
530,/root/bucket5/bibliothecae-blackjack-long.mp4,44,bibliothecae-blackjack,comcast.net,355257,15631308,0.38,long
1228,/videos/2020-02-01/retimed-stelleridan-short.mp4,23,retimed-stelleridan,unknown,778255,17899865,0.32,short
888,/videos/2020-02-01/diplozoic-pellack-long.mp4,51,diplozoic-pellack,github.com,640330,32656830,0.29,long
441,/root/bucket3/librations-nichering-short.mp4,6,librations-nichering,webs.com,472440,2834640,0.24,short
93,/root/bucket3/faineances-panpsychists-short.mp4,18,faineances-panpsychists,sciencedaily.com,155171,2793078,0.15,short
374,/root/bucket4/howling-oeuvre-short.mp4,8,howling-oeuvre,java.com,953367,7626936,0.22,short
1467,/root/bucket1/hules-belleters-long.mp4,54,hules-belleters,epa.gov,400926,21650004,0.21,long
1467,/root/bucket1/hules-belleters-long.mp4,54,hules-belleters,unknown,885997,47843838,0.17,long
782,/root/bucket3/tranquilize-supranationalisms-long.mp4,58,tranquilize-supranationalisms,netvibes.com,370851,21509358,0.21,long
582,/root/bucket2/roughened-simonise-short.mp4,18,roughened-simonise,unknown,342605,6166890,0.18,short
317,/root/bucket3/brashing-randomizations-short.mp4,22,brashing-randomizations,unknown,335485,7380670,0.24,short
1064,/root/bucket1/joggling-destructo-short.mp4,7,joggling-destructo,bravesites.com,742927,5200489,0.12,short
1934,/videos/2020-02-02/embassages-precognoscing-long.mp4,27,embassages-precognoscing,blog.com,1498,40446,0.41,long
1425,/videos/2020-02-03/avens-electroencephalographic-short.mp4,28,avens-electroencephalographic,yale.edu,1500,42000,0.26,short
1762,/root/bucket1/prunted-outstation-short.mp4,10,prunted-outstation,dailymotion.com,121548,1215480,0.42,short
1494,/videos/2020-02-03/preplanning-prostituted-short.mp4,12,preplanning-prostituted,netvibes.com,41384,496608,0.39,short
512,/root/bucket4/effectualness-scathing-short.mp4,28,effectualness-scathing,yale.edu,1504,42112,0.18,short
1452,/videos/2020-02-04/retrospecting-optics-short.mp4,28,retrospecting-optics,artisteer.com,711539,19923092,0.2,short
199,/root/bucket3/genealogize-maquiladoras-long.mp4,55,genealogize-maquiladoras,unknown,1507,82885,0.24,long
683,/root/bucket5/autorotating-frijole-short.mp4,13,autorotating-frijole,purevolume.com,271628,3531164,0.15,short
683,/root/bucket5/autorotating-frijole-short.mp4,13,autorotating-frijole,unknown,1999,25987,0.19,short
926,/root/bucket4/autorotating-frijole-long.mp4,47,autorotating-frijole,unknown,1513,71111,0.11,long
1114,/videos/2020-02-01/chaffinches-quinquagesimal-short.mp4,17,chaffinches-quinquagesimal,unknown,1511,25687,0.2,short
1114,/videos/2020-02-01/chaffinches-quinquagesimal-short.mp4,17,chaffinches-quinquagesimal,goo.ne.jp,753009,12801153,0.25,short
597,/videos/2020-02-01/trevallys-gunneries-short.mp4,23,trevallys-gunneries,artisteer.com,246178,5662094,0.29,short
705,/root/bucket2/duskened-aldohexose-short.mp4,21,duskened-aldohexose,blog.com,1503,31563,0.45,short
1733,/videos/2020-02-04/aidless-patronized-short.mp4,14,aidless-patronized,sourceforge.net,664622,9304708,0.42,short
1733,/videos/2020-02-04/aidless-patronized-short.mp4,14,aidless-patronized,springer.com,922438,12914132,0.25,short
795,/root/bucket4/syncopation-methenamine-long.mp4,51,syncopation-methenamine,patch.com,842965,42991215,0.46,long
748,/videos/2020-02-01/sinewless-eughen-short.mp4,20,sinewless-eughen,blog.com,1495,29900,0.39,short
642,/root/bucket3/laterising-aquaphobics-short.mp4,28,laterising-aquaphobics,icio.us,731694,20487432,0.41,short
642,/root/bucket3/laterising-aquaphobics-short.mp4,28,laterising-aquaphobics,yale.edu,1499,41972,0.25,short
271,/videos/2020-02-02/pressors-disanimate-short.mp4,28,pressors-disanimate,fc2.com,322082,9018296,0.31,short
1720,/root/bucket2/excel-postilions-long.mp4,48,excel-postilions,ebay.co.uk,1498,71904,0.46,long
314,/root/bucket4/immobilism-sugarcoat-short.mp4,18,immobilism-sugarcoat,ebay.co.uk,1498,26964,0.34,short
314,/root/bucket4/immobilism-sugarcoat-short.mp4,18,immobilism-sugarcoat,hhs.gov,576686,10380348,0.42,short
94,/videos/2020-02-04/immobilism-sugarcoat-long.mp4,51,immobilism-sugarcoat,archive.org,927564,47305764,0.29,long
344,/videos/2020-02-04/reprographic-centralization-short.mp4,29,reprographic-centralization,ebay.co.uk,1506,43674,0.28,short
450,/media/mathematician-beekeepers-short.mp4,30,mathematician-beekeepers,springer.com,624331,18729930,0.44,short
921,/root/bucket2/babouche-footwears-long.mp4,44,babouche-footwears,unknown,162798,7163112,0.45,long
431,/root/bucket1/guanazolos-suburbanized-short.mp4,23,guanazolos-suburbanized,blog.com,1498,34454,0.28,short
831,/media/triggering-lassitude-short.mp4,10,triggering-lassitude,free13runpool.com,552878,5528780,0.18,short
1490,/media/triggering-lassitude-long.mp4,37,triggering-lassitude,unknown,2003,74111,0.25,long
58,/videos/2020-02-01/bigfoots-epispore-long.mp4,38,bigfoots-epispore,yale.edu,435496,16548848,0.49,long
58,/videos/2020-02-01/bigfoots-epispore-long.mp4,38,bigfoots-epispore,unknown,1509,57342,0.44,long
58,/videos/2020-02-01/bigfoots-epispore-long.mp4,38,bigfoots-epispore,yale.edu,1502,57076,0.13,long
498,/videos/2020-02-02/forlana-demivolte-short.mp4,19,forlana-demivolte,wiley.com,218159,4145021,0.45,short
477,/videos/2020-02-04/cystitides-protoxids-short.mp4,29,cystitides-protoxids,unknown,1997,57913,0.13,short
477,/videos/2020-02-04/cystitides-protoxids-short.mp4,29,cystitides-protoxids,comcast.net,875292,25383468,0.14,short
929,/root/bucket5/cystitides-protoxids-long.mp4,42,cystitides-protoxids,jalbum.net,275111,11554662,0.25,long
612,/videos/2020-02-04/sesquiplicate-canalizations-short.mp4,28,sesquiplicate-canalizations,skype.com,402401,11267228,0.34,short
1503,/videos/2020-02-04/ridglings-windsock-short.mp4,12,ridglings-windsock,unknown,1997,23964,0.48,short
1419,/root/bucket4/applies-aerobic-long.mp4,56,applies-aerobic,unknown,622897,34882232,0.42,long
281,/root/bucket4/tabu-lunchrooms-short.mp4,15,tabu-lunchrooms,topsy.com,590859,8862885,0.1,short
20,/root/bucket1/county-postpuberty-short.mp4,22,county-postpuberty,blogs.com,408631,8989882,0.37,short
20,/root/bucket1/county-postpuberty-short.mp4,22,county-postpuberty,yolasite.com,864975,19029450,0.12,short
1577,/root/bucket4/pyloruses-retested-short.mp4,20,pyloruses-retested,fc2.com,331797,6635940,0.2,short
1577,/root/bucket4/pyloruses-retested-short.mp4,20,pyloruses-retested,unknown,3252,65040,0.13,short
1832,/videos/2020-02-04/accorders-rockery-short.mp4,27,accorders-rockery,yale.edu,1502,40554,0.19,short
1832,/videos/2020-02-04/accorders-rockery-short.mp4,27,accorders-rockery,macromedia.com,545298,14723046,0.45,short
1826,/videos/2020-02-04/qins-outquotes-short.mp4,23,qins-outquotes,redcross.org,312072,7177656,0.45,short
1826,/videos/2020-02-04/qins-outquotes-short.mp4,23,qins-outquotes,ebay.co.uk,1502,34546,0.44,short
1796,/media/ohm-snogs-long.mp4,55,ohm-snogs,mail.ru,864483,47546565,0.21,long
16,/root/bucket1/unilinear-villagers-short.mp4,9,unilinear-villagers,ebay.co.uk,1501,13509,0.15,short
628,/root/bucket5/abdicated-midbrain-short.mp4,14,abdicated-midbrain,nba.com,720995,10093930,0.35,short
1480,/videos/2020-02-02/bard-kottaboses-long.mp4,49,bard-kottaboses,yale.edu,1503,73647,0.26,long
1480,/videos/2020-02-02/bard-kottaboses-long.mp4,49,bard-kottaboses,unknown,65333,3201317,0.35,long
1574,/videos/2020-02-01/unwomans-streptothricin-long.mp4,25,unwomans-streptothricin,unknown,2000,50000,0.44,long
575,/root/bucket5/roughcast-untrueness-long.mp4,25,roughcast-untrueness,unknown,149837,3745925,0.42,long
246,/videos/2020-02-04/cerium-multicentric-short.mp4,24,cerium-multicentric,archive.org,825610,19814640,0.45,short
246,/videos/2020-02-04/cerium-multicentric-short.mp4,24,cerium-multicentric,yale.edu,1498,35952,0.32,short
939,/videos/2020-02-03/maunds-counterdemonstrates-long.mp4,38,maunds-counterdemonstrates,free13runpool.com,763221,29002398,0.12,long
1647,/videos/2020-02-01/gastrotrich-plumpiest-short.mp4,14,gastrotrich-plumpiest,unknown,2004,28056,0.11,short
1771,/root/bucket1/outdoers-imposthumated-short.mp4,27,outdoers-imposthumated,ebay.co.uk,1502,40554,0.24,short
1771,/root/bucket1/outdoers-imposthumated-short.mp4,27,outdoers-imposthumated,ebay.co.uk,1505,40635,0.19,short
537,/root/bucket3/incommutability-chromed-long.mp4,28,incommutability-chromed,livejournal.com,488760,13685280,0.12,long
537,/root/bucket3/incommutability-chromed-long.mp4,28,incommutability-chromed,unknown,576520,16142560,0.38,long
537,/root/bucket3/incommutability-chromed-long.mp4,28,incommutability-chromed,webs.com,498896,13969088,0.49,long
424,/root/bucket5/cytoskeletons-includes-short.mp4,8,cytoskeletons-includes,amazon.com,964919,7719352,0.49,short
835,/videos/2020-02-02/marriers-stalks-long.mp4,43,marriers-stalks,about.com,552078,23739354,0.36,long
212,/videos/2020-02-04/achlorhydria-charlotte-short.mp4,14,achlorhydria-charlotte,ebay.co.uk,1500,21000,0.3,short
1440,/videos/2020-02-01/achlorhydria-charlotte-long.mp4,50,achlorhydria-charlotte,yale.edu,1497,74850,0.25,long
290,/videos/2020-02-01/stigmatiser-preplaces-long.mp4,41,stigmatiser-preplaces,comcast.net,711706,29179946,0.37,long
634,/root/bucket1/glutenins-predominant-short.mp4,13,glutenins-predominant,unknown,16611,215943,0.4,short
1528,/root/bucket3/whiplashes-intermediators-long.mp4,53,whiplashes-intermediators,opera.com,891017,47223901,0.16,long
273,/root/bucket4/escortage-postliminious-short.mp4,28,escortage-postliminious,unknown,209943,5878404,0.44,short
1182,/videos/2020-02-01/escortage-postliminious-long.mp4,55,escortage-postliminious,patch.com,890829,48995595,0.31,long
1191,/root/bucket3/dissemination-upwardness-long.mp4,32,dissemination-upwardness,sourceforge.net,992940,31774080,0.14,long
1191,/root/bucket3/dissemination-upwardness-long.mp4,32,dissemination-upwardness,yale.edu,1496,47872,0.22,long
1475,/root/bucket4/beastly-clitella-long.mp4,31,beastly-clitella,unknown,1511,46841,0.26,long
905,/videos/2020-02-01/oiks-expectedness-short.mp4,7,oiks-expectedness,utexas.edu,753122,5271854,0.12,short
1313,/root/bucket1/uranite-apolipoprotein-long.mp4,46,uranite-apolipoprotein,netvibes.com,992694,45663924,0.34,long
1313,/root/bucket1/uranite-apolipoprotein-long.mp4,46,uranite-apolipoprotein,sourceforge.net,28454,1308884,0.38,long
316,/videos/2020-02-04/brik-skeptically-short.mp4,6,brik-skeptically,spotify.com,877969,5267814,0.21,short
1144,/media/bankrollers-orientalized-short.mp4,20,bankrollers-orientalized,moonfruit.com,784837,15696740,0.31,short
166,/videos/2020-02-01/bodkins-belace-long.mp4,36,bodkins-belace,goodreads.com,596399,21470364,0.22,long
1970,/root/bucket5/chemoautotroph-benignantly-long.mp4,46,chemoautotroph-benignantly,blog.com,1499,68954,0.25,long
180,/root/bucket3/postorbital-magnanimity-short.mp4,11,postorbital-magnanimity,ebay.co.uk,1503,16533,0.25,short
1639,/videos/2020-02-03/grievingly-homilists-long.mp4,51,grievingly-homilists,blog.com,1497,76347,0.13,long
1746,/videos/2020-02-01/blotchiest-fatalist-long.mp4,34,blotchiest-fatalist,unknown,873552,29700768,0.31,long
1746,/videos/2020-02-01/blotchiest-fatalist-long.mp4,34,blotchiest-fatalist,usgs.gov,57670,1960780,0.16,long
30,/videos/2020-02-02/calathi-pend-short.mp4,12,calathi-pend,sciencedaily.com,322149,3865788,0.19,short
131,/videos/2020-02-02/calathi-pend-long.mp4,58,calathi-pend,google.fr,997509,57855522,0.34,long
563,/videos/2020-02-04/vermiculated-glitterier-long.mp4,43,vermiculated-glitterier,ustream.tv,337352,14506136,0.24,long
1285,/root/bucket5/communitaires-enchasers-long.mp4,26,communitaires-enchasers,blog.com,1495,38870,0.49,long
369,/root/bucket2/disgorge-subsampled-short.mp4,9,disgorge-subsampled,yale.edu,1497,13473,0.31,short
446,/root/bucket2/overheat-hetaerismic-long.mp4,31,overheat-hetaerismic,foxnews.com,826922,25634582,0.31,long
446,/root/bucket2/overheat-hetaerismic-long.mp4,31,overheat-hetaerismic,unknown,1505,46655,0.11,long
301,/videos/2020-02-04/bedights-amebiasis-short.mp4,21,bedights-amebiasis,g.co,759011,15939231,0.42,short
301,/videos/2020-02-04/bedights-amebiasis-short.mp4,21,bedights-amebiasis,opera.com,64410,1352610,0.19,short
1910,/media/hydroponically-marbling-long.mp4,42,hydroponically-marbling,unknown,1999,83958,0.24,long
1910,/media/hydroponically-marbling-long.mp4,42,hydroponically-marbling,jigsy.com,232602,9769284,0.4,long
250,/root/bucket1/solely-hemocyte-short.mp4,12,solely-hemocyte,unknown,2000,24000,0.34,short
250,/root/bucket1/solely-hemocyte-short.mp4,12,solely-hemocyte,unknown,1512,18144,0.26,short
1396,/videos/2020-02-04/chachkas-xiphophyllous-long.mp4,45,chachkas-xiphophyllous,techcrunch.com,383578,17261010,0.23,long
1392,/root/bucket2/operettists-precentorship-short.mp4,28,operettists-precentorship,unknown,753805,21106540,0.47,short
1392,/root/bucket2/operettists-precentorship-short.mp4,28,operettists-precentorship,ebay.co.uk,1500,42000,0.39,short
1329,/root/bucket4/reviewable-globing-long.mp4,35,reviewable-globing,unknown,2000,70000,0.3,long
1220,/videos/2020-02-04/herewith-areached-short.mp4,24,herewith-areached,unknown,498981,11975544,0.49,short
1220,/videos/2020-02-04/herewith-areached-short.mp4,24,herewith-areached,nature.com,792973,19031352,0.3,short
421,/videos/2020-02-03/blanch-yolky-short.mp4,29,blanch-yolky,comcast.net,777931,22559999,0.42,short
1992,/videos/2020-02-02/snaggiest-merchant-short.mp4,12,snaggiest-merchant,blog.com,1502,18024,0.34,short
1992,/videos/2020-02-02/snaggiest-merchant-short.mp4,12,snaggiest-merchant,washington.edu,569441,6833292,0.44,short
1817,/root/bucket3/ren-deadwoods-long.mp4,53,ren-deadwoods,blog.com,1494,79182,0.24,long
289,/videos/2020-02-03/malingerers-calyptrate-long.mp4,27,malingerers-calyptrate,odnoklassniki.ru,510691,13788657,0.22,long
455,/videos/2020-02-02/tridacnas-heliotropism-short.mp4,16,tridacnas-heliotropism,unknown,952433,15238928,0.15,short
1698,/root/bucket3/raita-fatiguing-short.mp4,20,raita-fatiguing,usgs.gov,513869,10277380,0.4,short
1698,/root/bucket3/raita-fatiguing-short.mp4,20,raita-fatiguing,yale.edu,1499,29980,0.13,short
1764,/root/bucket2/friskers-galvanotropic-short.mp4,30,friskers-galvanotropic,state.gov,653964,19618920,0.37,short
1536,/media/sorely-phytonadiones-short.mp4,28,sorely-phytonadiones,unknown,1998,55944,0.33,short
909,/root/bucket5/incognitas-asepticise-long.mp4,46,incognitas-asepticise,google.nl,544113,25029198,0.4,long
1693,/videos/2020-02-02/nutation-centripetalisms-short.mp4,23,nutation-centripetalisms,yale.edu,1498,34454,0.42,short
1693,/videos/2020-02-02/nutation-centripetalisms-short.mp4,23,nutation-centripetalisms,g.co,71586,1646478,0.49,short
38,/videos/2020-02-01/dicht-druxiest-short.mp4,21,dicht-druxiest,yale.edu,270689,5684469,0.3,short
1564,/root/bucket4/berleying-preferment-long.mp4,31,berleying-preferment,unknown,461774,14314994,0.48,long
1376,/videos/2020-02-04/horopter-pindown-long.mp4,41,horopter-pindown,blog.com,1504,61664,0.42,long
1376,/videos/2020-02-04/horopter-pindown-long.mp4,41,horopter-pindown,unknown,992517,40693197,0.31,long
1376,/videos/2020-02-04/horopter-pindown-long.mp4,41,horopter-pindown,ebay.co.uk,1502,61582,0.47,long
1458,/root/bucket3/siffles-touse-long.mp4,29,siffles-touse,unknown,159058,4612682,0.27,long
839,/root/bucket1/cosmologist-ornithology-short.mp4,28,cosmologist-ornithology,google.fr,621339,17397492,0.15,short
867,/root/bucket4/bottine-areosystile-short.mp4,5,bottine-areosystile,yale.edu,118383,591915,0.11,short
867,/root/bucket4/bottine-areosystile-short.mp4,5,bottine-areosystile,unknown,1509,7545,0.37,short
1550,/videos/2020-02-01/unbedinned-trigonal-long.mp4,50,unbedinned-trigonal,state.gov,662261,33113050,0.44,long
861,/videos/2020-02-01/prayerfully-unpolarizable-short.mp4,20,prayerfully-unpolarizable,state.gov,482384,9647680,0.15,short
538,/root/bucket3/prayerfully-unpolarizable-long.mp4,35,prayerfully-unpolarizable,unknown,475172,16631020,0.18,long
538,/root/bucket3/prayerfully-unpolarizable-long.mp4,35,prayerfully-unpolarizable,phoca.cz,105877,3705695,0.24,long
679,/root/bucket3/besmears-summarizer-long.mp4,53,besmears-summarizer,yale.edu,1501,79553,0.32,long
679,/root/bucket3/besmears-summarizer-long.mp4,53,besmears-summarizer,free13runpool.com,122978,6517834,0.17,long
1399,/root/bucket5/xylographed-epicycloidal-long.mp4,25,xylographed-epicycloidal,unknown,1996,49900,0.39,long
388,/root/bucket4/inconcinnity-deified-short.mp4,8,inconcinnity-deified,ebay.co.uk,1502,12016,0.27,short
388,/root/bucket4/inconcinnity-deified-short.mp4,8,inconcinnity-deified,dailymotion.com,544905,4359240,0.13,short
1607,/root/bucket2/coches-flexitarian-short.mp4,11,coches-flexitarian,moonfruit.com,7352,80872,0.3,short
1154,/root/bucket2/gluttonously-fertilises-short.mp4,14,gluttonously-fertilises,unknown,495006,6930084,0.46,short
1774,/root/bucket2/hectoringly-preconditioning-short.mp4,28,hectoringly-preconditioning,unknown,520425,14571900,0.29,short
91,/videos/2020-02-03/pitchiness-latexes-long.mp4,55,pitchiness-latexes,state.gov,652920,35910600,0.46,long
1892,/videos/2020-02-01/possessiveness-dogmatisms-short.mp4,26,possessiveness-dogmatisms,unknown,542470,14104220,0.15,short
1892,/videos/2020-02-01/possessiveness-dogmatisms-short.mp4,26,possessiveness-dogmatisms,unknown,1510,39260,0.34,short
1737,/media/actins-runkled-short.mp4,13,actins-runkled,unknown,1993,25909,0.2,short
320,/root/bucket5/unlet-neurulas-short.mp4,19,unlet-neurulas,yale.edu,1502,28538,0.27,short
213,/videos/2020-02-03/discrowned-topophilias-short.mp4,19,discrowned-topophilias,webs.com,314901,5983119,0.29,short
1037,/videos/2020-02-03/egressing-destructs-long.mp4,33,egressing-destructs,free13runpool.com,202413,6679629,0.29,long
1037,/videos/2020-02-03/egressing-destructs-long.mp4,33,egressing-destructs,unknown,1512,49896,0.11,long
848,/videos/2020-02-01/quenches-histaminergic-short.mp4,24,quenches-histaminergic,unknown,664722,15953328,0.29,short
1654,/videos/2020-02-04/autotoxaemias-catabolised-short.mp4,23,autotoxaemias-catabolised,shinystat.com,718122,16516806,0.11,short
1654,/videos/2020-02-04/autotoxaemias-catabolised-short.mp4,23,autotoxaemias-catabolised,unknown,2001,46023,0.38,short
1055,/root/bucket5/unequitable-seismometer-long.mp4,35,unequitable-seismometer,wufoo.com,608791,21307685,0.24,long
1055,/root/bucket5/unequitable-seismometer-long.mp4,35,unequitable-seismometer,ebay.co.uk,1501,52535,0.42,long
1055,/root/bucket5/unequitable-seismometer-long.mp4,35,unequitable-seismometer,sciencedaily.com,789457,27630995,0.24,long
1055,/root/bucket5/unequitable-seismometer-long.mp4,35,unequitable-seismometer,blog.com,1498,52430,0.28,long
1474,/root/bucket4/subordinal-blissing-long.mp4,53,subordinal-blissing,unknown,2001,106053,0.21,long
1843,/videos/2020-02-04/toluate-cardialgic-short.mp4,27,toluate-cardialgic,exblog.jp,977934,26404218,0.42,short
1843,/videos/2020-02-04/toluate-cardialgic-short.mp4,27,toluate-cardialgic,ebay.co.uk,1498,40446,0.28,short
845,/root/bucket1/toluate-cardialgic-long.mp4,47,toluate-cardialgic,prnewswire.com,169891,7984877,0.34,long
1768,/videos/2020-02-04/ulna-hemopoieses-long.mp4,27,ulna-hemopoieses,flavors.me,983599,26557173,0.13,long
300,/root/bucket5/winchmen-overburn-short.mp4,12,winchmen-overburn,yale.edu,1499,17988,0.26,short
300,/root/bucket5/winchmen-overburn-short.mp4,12,winchmen-overburn,storify.com,26360,316320,0.18,short
889,/videos/2020-02-02/urning-coffs-short.mp4,17,urning-coffs,fc2.com,692198,11767366,0.37,short
627,/root/bucket5/monogonies-gapeworm-short.mp4,21,monogonies-gapeworm,netvibes.com,963952,20242992,0.4,short
1880,/root/bucket3/glibnesses-peccavi-short.mp4,13,glibnesses-peccavi,unknown,350097,4551261,0.35,short
688,/root/bucket5/heliostat-imprudent-short.mp4,27,heliostat-imprudent,csmonitor.com,850560,22965120,0.38,short
327,/root/bucket3/concubinages-ecumenists-long.mp4,38,concubinages-ecumenists,blog.com,1499,56962,0.37,long
1071,/videos/2020-02-02/silverpoint-encrust-short.mp4,20,silverpoint-encrust,yale.edu,220928,4418560,0.33,short
427,/root/bucket1/recompenses-ashamednesses-long.mp4,25,recompenses-ashamednesses,bravesites.com,618258,15456450,0.12,long
1996,/media/canoodlers-carryalls-long.mp4,31,canoodlers-carryalls,so-net.ne.jp,497327,15417137,0.3,long
1627,/media/sulfureted-polymorphically-short.mp4,27,sulfureted-polymorphically,purevolume.com,81356,2196612,0.46,short
1666,/root/bucket3/processioner-straughter-long.mp4,42,processioner-straughter,unknown,393217,16515114,0.21,long
89,/videos/2020-02-01/electroretinograph-jillion-short.mp4,23,electroretinograph-jillion,icio.us,386576,8891248,0.49,short
1976,/videos/2020-02-04/whimpering-zombified-short.mp4,6,whimpering-zombified,blog.com,1498,8988,0.47,short
1430,/media/busybody-cocobola-short.mp4,28,busybody-cocobola,ebay.co.uk,1501,42028,0.49,short
658,/root/bucket1/twangy-multiuser-short.mp4,10,twangy-multiuser,blog.com,1502,15020,0.15,short
1809,/root/bucket4/hazarding-undersize-long.mp4,32,hazarding-undersize,buzzfeed.com,401416,12845312,0.48,long
758,/root/bucket2/repressed-oviraptor-long.mp4,49,repressed-oviraptor,techcrunch.com,100194,4909506,0.5,long
534,/root/bucket5/kip-bucktail-long.mp4,58,kip-bucktail,ebay.co.uk,1501,87058,0.47,long
534,/root/bucket5/kip-bucktail-long.mp4,58,kip-bucktail,flavors.me,774428,44916824,0.3,long
330,/root/bucket3/enormous-varactor-short.mp4,8,enormous-varactor,yale.edu,177235,1417880,0.34,short
1072,/root/bucket2/ejective-straked-long.mp4,49,ejective-straked,yale.edu,855634,41926066,0.26,long
1072,/root/bucket2/ejective-straked-long.mp4,49,ejective-straked,yale.edu,1502,73598,0.46,long
1612,/videos/2020-02-02/effete-cutch-short.mp4,21,effete-cutch,unknown,618652,12991692,0.17,short
886,/videos/2020-02-01/babblements-heptahedra-short.mp4,28,babblements-heptahedra,storify.com,988895,27689060,0.12,short
122,/root/bucket3/aerodart-porcelainise-short.mp4,21,aerodart-porcelainise,ebay.co.uk,1503,31563,0.42,short
912,/videos/2020-02-01/aerodart-porcelainise-long.mp4,38,aerodart-porcelainise,storify.com,150801,5730438,0.25,long
912,/videos/2020-02-01/aerodart-porcelainise-long.mp4,38,aerodart-porcelainise,issuu.com,365602,13892876,0.16,long
1696,/media/rail-incrementals-short.mp4,7,rail-incrementals,washington.edu,254293,1780051,0.35,short
1930,/root/bucket5/commonplaces-pseudocode-long.mp4,46,commonplaces-pseudocode,unknown,2000,92000,0.12,long
528,/videos/2020-02-01/maraudings-microcelebrity-short.mp4,10,maraudings-microcelebrity,unknown,629566,6295660,0.21,short
528,/videos/2020-02-01/maraudings-microcelebrity-short.mp4,10,maraudings-microcelebrity,twitter.com,569248,5692480,0.12,short
1160,/root/bucket4/bilabiate-belittler-long.mp4,37,bilabiate-belittler,earthlink.net,120428,4455836,0.21,long
1926,/root/bucket1/overperch-overwhelming-short.mp4,10,overperch-overwhelming,unknown,2005,20050,0.19,short
771,/media/enmeshments-rogued-long.mp4,42,enmeshments-rogued,goo.ne.jp,754787,31701054,0.38,long
794,/root/bucket2/protonations-acridities-long.mp4,33,protonations-acridities,unknown,559483,18462939,0.39,long
794,/root/bucket2/protonations-acridities-long.mp4,33,protonations-acridities,unknown,375009,12375297,0.44,long
794,/root/bucket2/protonations-acridities-long.mp4,33,protonations-acridities,unknown,226471,7473543,0.39,long
794,/root/bucket2/protonations-acridities-long.mp4,33,protonations-acridities,yale.edu,1502,49566,0.22,long
884,/videos/2020-02-03/tretinoins-fisheries-short.mp4,7,tretinoins-fisheries,free13runpool.com,384810,2693670,0.31,short
1053,/videos/2020-02-01/clofibrates-divisional-long.mp4,56,clofibrates-divisional,npr.org,312334,17490704,0.25,long
259,/root/bucket2/dibenzofurans-prioritizes-long.mp4,57,dibenzofurans-prioritizes,ebay.co.uk,1496,85272,0.16,long
259,/root/bucket2/dibenzofurans-prioritizes-long.mp4,57,dibenzofurans-prioritizes,yale.edu,1498,85386,0.31,long
146,/root/bucket4/lewisites-liripoop-long.mp4,45,lewisites-liripoop,blog.com,1502,67590,0.47,long
146,/root/bucket4/lewisites-liripoop-long.mp4,45,lewisites-liripoop,ebay.co.uk,1500,67500,0.47,long
1125,/root/bucket5/butane-thatches-short.mp4,8,butane-thatches,blog.com,1500,12000,0.38,short
1445,/videos/2020-02-03/burnooses-malaxage-short.mp4,18,burnooses-malaxage,blog.com,1497,26946,0.39,short
1280,/root/bucket4/stronghold-sylphides-long.mp4,42,stronghold-sylphides,goodreads.com,404137,16973754,0.34,long
574,/root/bucket3/coprophagies-fantads-long.mp4,58,coprophagies-fantads,zdnet.com,265793,15415994,0.24,long
487,/root/bucket1/cevadilla-agon-long.mp4,55,cevadilla-agon,odnoklassniki.ru,114237,6283035,0.48,long
487,/root/bucket1/cevadilla-agon-long.mp4,55,cevadilla-agon,webs.com,370157,20358635,0.42,long
1421,/root/bucket1/overeducating-splotchy-long.mp4,35,overeducating-splotchy,jigsy.com,798024,27930840,0.24,long
1421,/root/bucket1/overeducating-splotchy-long.mp4,35,overeducating-splotchy,moonfruit.com,957365,33507775,0.43,long
1861,/root/bucket5/decumbencies-lairy-long.mp4,33,decumbencies-lairy,shareasale.com,480882,15869106,0.35,long
811,/root/bucket5/punitory-otorhinolaryngologists-short.mp4,25,punitory-otorhinolaryngologists,unknown,943815,23595375,0.28,short
1130,/videos/2020-02-01/sithen-interfiber-short.mp4,22,sithen-interfiber,yale.edu,1502,33044,0.27,short
1130,/videos/2020-02-01/sithen-interfiber-short.mp4,22,sithen-interfiber,unknown,689352,15165744,0.39,short
1868,/root/bucket2/banal-likest-short.mp4,30,banal-likest,netvibes.com,854735,25642050,0.18,short
514,/root/bucket5/consilient-shamefaced-long.mp4,32,consilient-shamefaced,unknown,1999,63968,0.39,long
1223,/root/bucket3/hydrotherapist-hairy-long.mp4,53,hydrotherapist-hairy,livejournal.com,479168,25395904,0.24,long
837,/root/bucket1/decarbonating-apologize-short.mp4,11,decarbonating-apologize,webs.com,105367,1159037,0.17,short
665,/root/bucket3/deckles-pourtraicts-short.mp4,13,deckles-pourtraicts,ebay.co.uk,1498,19474,0.34,short
817,/videos/2020-02-01/blew-thraward-short.mp4,20,blew-thraward,mail.ru,203412,4068240,0.43,short
817,/videos/2020-02-01/blew-thraward-short.mp4,20,blew-thraward,unknown,1510,30200,0.29,short
484,/videos/2020-02-01/scoreboards-preselections-long.mp4,41,scoreboards-preselections,storify.com,137304,5629464,0.47,long
484,/videos/2020-02-01/scoreboards-preselections-long.mp4,41,scoreboards-preselections,unknown,2003,82123,0.13,long
269,/root/bucket2/nonresident-scrofulously-long.mp4,48,nonresident-scrofulously,csmonitor.com,942432,45236736,0.17,long
366,/root/bucket5/prioritises-macromolecular-long.mp4,32,prioritises-macromolecular,fc2.com,470548,15057536,0.23,long
242,/videos/2020-02-03/moleskin-depuratives-short.mp4,9,moleskin-depuratives,ebay.co.uk,1499,13491,0.24,short
1668,/videos/2020-02-03/eyeshadows-disentrail-long.mp4,42,eyeshadows-disentrail,wufoo.com,299646,12585132,0.17,long
1056,/videos/2020-02-03/finaliser-monohydric-long.mp4,60,finaliser-monohydric,purevolume.com,439100,26346000,0.46,long
761,/root/bucket2/hules-belleters-short.mp4,17,hules-belleters,msu.edu,389999,6629983,0.14,short
1855,/root/bucket5/tranquilize-supranationalisms-short.mp4,18,tranquilize-supranationalisms,yale.edu,1500,27000,0.27,short
266,/root/bucket1/barters-unsteadies-short.mp4,21,barters-unsteadies,yale.edu,1501,31521,0.22,short
1375,/root/bucket3/abandonment-distinctness-short.mp4,28,abandonment-distinctness,moonfruit.com,472206,13221768,0.44,short
1675,/videos/2020-02-02/vexillologies-echinuses-long.mp4,29,vexillologies-echinuses,bravesites.com,246256,7141424,0.33,long
1675,/videos/2020-02-02/vexillologies-echinuses-long.mp4,29,vexillologies-echinuses,drupal.org,433350,12567150,0.29,long
522,/root/bucket1/toluols-reaedifyed-short.mp4,24,toluols-reaedifyed,yale.edu,748193,17956632,0.27,short
160,/videos/2020-02-04/nonvegetarian-submittings-short.mp4,20,nonvegetarian-submittings,elegantthemes.com,699894,13997880,0.24,short
844,/root/bucket5/avens-electroencephalographic-long.mp4,30,avens-electroencephalographic,unknown,537736,16132080,0.33,long
1576,/videos/2020-02-03/agaric-articulatenesses-long.mp4,28,agaric-articulatenesses,unknown,699302,19580456,0.36,long
364,/root/bucket5/avifaunas-perchlorate-short.mp4,13,avifaunas-perchlorate,storify.com,62395,811135,0.12,short
235,/root/bucket3/gangsterdom-noncrisis-short.mp4,5,gangsterdom-noncrisis,blog.com,1499,7495,0.28,short
77,/root/bucket5/seamanships-kalpas-long.mp4,54,seamanships-kalpas,ebay.co.uk,1494,80676,0.32,long
15,/root/bucket2/enantiopathies-rechanging-long.mp4,37,enantiopathies-rechanging,istockphoto.com,751817,27817229,0.38,long
15,/root/bucket2/enantiopathies-rechanging-long.mp4,37,enantiopathies-rechanging,cnet.com,367510,13597870,0.27,long
15,/root/bucket2/enantiopathies-rechanging-long.mp4,37,enantiopathies-rechanging,unknown,2000,74000,0.18,long
1864,/media/hemitropous-semiofficially-short.mp4,22,hemitropous-semiofficially,g.co,512479,11274538,0.17,short
1708,/videos/2020-02-02/disaccording-storekeeping-long.mp4,53,disaccording-storekeeping,unknown,898608,47626224,0.2,long
358,/media/emption-snouty-long.mp4,45,emption-snouty,unknown,2000,90000,0.3,long
1479,/videos/2020-02-04/pummelled-acidifies-long.mp4,42,pummelled-acidifies,nature.com,289542,12160764,0.14,long
976,/videos/2020-02-01/fleecy-epacts-long.mp4,31,fleecy-epacts,blog.com,1497,46407,0.13,long
611,/videos/2020-02-02/arachnophobes-whangam-short.mp4,11,arachnophobes-whangam,blog.com,1502,16522,0.23,short
611,/videos/2020-02-02/arachnophobes-whangam-short.mp4,11,arachnophobes-whangam,unknown,374750,4122250,0.31,short
276,/videos/2020-02-02/workfare-gunboat-long.mp4,25,workfare-gunboat,yale.edu,1496,37400,0.47,long
887,/videos/2020-02-03/strewments-calceolarias-long.mp4,60,strewments-calceolarias,blog.com,1497,89820,0.43,long
1433,/videos/2020-02-02/laterising-aquaphobics-long.mp4,60,laterising-aquaphobics,unknown,1506,90360,0.26,long
1110,/root/bucket3/onloads-ballyard-long.mp4,31,onloads-ballyard,state.gov,437100,13550100,0.34,long
1891,/root/bucket5/clabbers-tostada-short.mp4,15,clabbers-tostada,goodreads.com,612949,9194235,0.3,short
1225,/root/bucket2/dimethylhydrazines-quicksilver-long.mp4,32,dimethylhydrazines-quicksilver,unknown,1509,48288,0.4,long
1850,/root/bucket3/henges-thatness-long.mp4,57,henges-thatness,patch.com,384240,21901680,0.3,long
1850,/root/bucket3/henges-thatness-long.mp4,57,henges-thatness,icio.us,664057,37851249,0.14,long
373,/root/bucket2/bellocked-adorably-long.mp4,57,bellocked-adorably,github.com,961153,54785721,0.28,long
750,/root/bucket1/ecstasising-zootechnical-short.mp4,6,ecstasising-zootechnical,de.vu,209500,1257000,0.24,short
222,/root/bucket4/familiarisers-incurved-short.mp4,14,familiarisers-incurved,multiply.com,972821,13619494,0.38,short
1898,/root/bucket2/fixities-madtom-short.mp4,23,fixities-madtom,comcast.net,193108,4441484,0.14,short
168,/root/bucket4/beccaficos-politenesses-long.mp4,28,beccaficos-politenesses,ebay.co.uk,1501,42028,0.36,long
27,/videos/2020-02-01/propylaeum-consulters-short.mp4,5,propylaeum-consulters,reverbnation.com,625099,3125495,0.48,short
241,/videos/2020-02-01/whitewashed-oversteer-long.mp4,40,whitewashed-oversteer,jalbum.net,259365,10374600,0.13,long
241,/videos/2020-02-01/whitewashed-oversteer-long.mp4,40,whitewashed-oversteer,unknown,2001,80040,0.27,long
693,/root/bucket4/maunds-counterdemonstrates-short.mp4,26,maunds-counterdemonstrates,icio.us,510529,13273754,0.37,short
1311,/root/bucket1/interplead-mythomaniac-short.mp4,11,interplead-mythomaniac,yale.edu,1500,16500,0.36,short
304,/root/bucket1/moistened-resolutes-long.mp4,31,moistened-resolutes,odnoklassniki.ru,121567,3768577,0.33,long
916,/media/importable-landgrab-long.mp4,30,importable-landgrab,unknown,1997,59910,0.3,long
1537,/videos/2020-02-02/hikoiing-parasitologist-long.mp4,30,hikoiing-parasitologist,unknown,652035,19561050,0.47,long
1537,/videos/2020-02-02/hikoiing-parasitologist-long.mp4,30,hikoiing-parasitologist,dedecms.com,12579,377370,0.26,long
1089,/videos/2020-02-01/stigmatiser-preplaces-short.mp4,11,stigmatiser-preplaces,flavors.me,174230,1916530,0.25,short
1089,/videos/2020-02-01/stigmatiser-preplaces-short.mp4,11,stigmatiser-preplaces,unknown,1514,16654,0.47,short
716,/videos/2020-02-01/pertinency-strontia-long.mp4,58,pertinency-strontia,yale.edu,1503,87174,0.21,long
875,/videos/2020-02-01/minutely-nostoc-long.mp4,50,minutely-nostoc,unknown,303918,15195900,0.28,long
311,/videos/2020-02-02/hoodia-sociopaths-long.mp4,51,hoodia-sociopaths,msu.edu,216159,11024109,0.24,long
1216,/videos/2020-02-04/skeining-spellings-short.mp4,11,skeining-spellings,yale.edu,1502,16522,0.29,short
515,/root/bucket5/uranite-apolipoprotein-short.mp4,12,uranite-apolipoprotein,yale.edu,1502,18024,0.13,short
680,/videos/2020-02-03/boozing-mispenned-long.mp4,55,boozing-mispenned,opera.com,374487,20596785,0.44,long
1155,/root/bucket4/asquat-waybreads-short.mp4,24,asquat-waybreads,discovery.com,625872,15020928,0.2,short
1330,/media/manchineel-yellings-long.mp4,30,manchineel-yellings,yolasite.com,545477,16364310,0.28,long
151,/media/misstruck-torturously-short.mp4,24,misstruck-torturously,auda.org.au,32311,775464,0.41,short
1533,/root/bucket3/chemoautotroph-benignantly-short.mp4,14,chemoautotroph-benignantly,archive.org,699871,9798194,0.27,short
1246,/root/bucket5/entrailing-covalently-long.mp4,58,entrailing-covalently,yale.edu,1499,86942,0.42,long
1899,/root/bucket3/subbranches-spatially-long.mp4,53,subbranches-spatially,blog.com,1498,79394,0.31,long
957,/root/bucket2/desexualizations-porchettas-short.mp4,12,desexualizations-porchettas,yolasite.com,428577,5142924,0.44,short
1,/root/bucket1/hapuku-directedness-long.mp4,60,hapuku-directedness,unknown,764930,45895800,0.18,long
1517,/root/bucket1/numbers-routers-long.mp4,32,numbers-routers,unknown,764159,24453088,0.31,long
932,/root/bucket1/zhomo-hawkishly-short.mp4,21,zhomo-hawkishly,unknown,1998,41958,0.23,short
328,/root/bucket1/ignitibilities-agatized-short.mp4,17,ignitibilities-agatized,unknown,2002,34034,0.33,short
1862,/root/bucket4/braza-orramen-long.mp4,41,braza-orramen,purevolume.com,184566,7567206,0.21,long
1862,/root/bucket4/braza-orramen-long.mp4,41,braza-orramen,skype.com,641093,26284813,0.38,long
1862,/root/bucket4/braza-orramen-long.mp4,41,braza-orramen,unknown,614967,25213647,0.41,long
339,/media/sinologist-weathercaster-short.mp4,24,sinologist-weathercaster,icio.us,24585,590040,0.38,short
448,/root/bucket5/maggs-docksides-long.mp4,37,maggs-docksides,yale.edu,1500,55500,0.18,long
1232,/root/bucket5/apyrexia-corrigibilities-long.mp4,31,apyrexia-corrigibilities,hhs.gov,714314,22143734,0.16,long
1038,/root/bucket4/lonelier-disagreeables-short.mp4,20,lonelier-disagreeables,unknown,1999,39980,0.21,short
100,/root/bucket3/villose-puftaloons-long.mp4,43,villose-puftaloons,unknown,790028,33971204,0.43,long
46,/videos/2020-02-02/deadlocking-misdividing-long.mp4,43,deadlocking-misdividing,ebay.co.uk,1504,64672,0.45,long
46,/videos/2020-02-02/deadlocking-misdividing-long.mp4,43,deadlocking-misdividing,springer.com,209998,9029914,0.28,long
1394,/root/bucket4/hinges-caffeinic-long.mp4,58,hinges-caffeinic,unknown,1506,87348,0.22,long
1690,/media/citrinin-niobites-long.mp4,36,citrinin-niobites,multiply.com,156889,5648004,0.35,long
124,/root/bucket1/regulus-idealiser-short.mp4,21,regulus-idealiser,ebay.co.uk,1499,31479,0.43,short
1643,/videos/2020-02-03/owning-bilobated-short.mp4,10,owning-bilobated,free13runpool.com,601226,6012260,0.48,short
53,/root/bucket2/overlooked-gynaeceums-short.mp4,23,overlooked-gynaeceums,unknown,260775,5997825,0.49,short
1662,/videos/2020-02-04/overlooked-gynaeceums-long.mp4,36,overlooked-gynaeceums,unknown,1997,71892,0.34,long
991,/root/bucket5/subclassify-sulphas-short.mp4,17,subclassify-sulphas,ebay.co.uk,1501,25517,0.34,short
1203,/videos/2020-02-02/croutes-salutiferous-long.mp4,39,croutes-salutiferous,macromedia.com,264932,10332348,0.38,long
1203,/videos/2020-02-02/croutes-salutiferous-long.mp4,39,croutes-salutiferous,ustream.tv,903374,35231586,0.43,long
1061,/videos/2020-02-04/tumultuousness-vodcasters-short.mp4,21,tumultuousness-vodcasters,ebay.co.uk,1498,31458,0.2,short
1061,/videos/2020-02-04/tumultuousness-vodcasters-short.mp4,21,tumultuousness-vodcasters,unknown,1506,31626,0.44,short
843,/root/bucket5/fernier-odiousnesses-short.mp4,15,fernier-odiousnesses,blog.com,1503,22545,0.41,short
1207,/videos/2020-02-03/retreating-anabolisms-short.mp4,26,retreating-anabolisms,g.co,437036,11362936,0.2,short
1207,/videos/2020-02-03/retreating-anabolisms-short.mp4,26,retreating-anabolisms,auda.org.au,947352,24631152,0.17,short
1635,/videos/2020-02-04/squirmy-capsulizing-short.mp4,11,squirmy-capsulizing,yale.edu,1503,16533,0.4,short
362,/root/bucket3/incalescences-homaloids-long.mp4,44,incalescences-homaloids,ebay.co.uk,1500,66000,0.37,long
362,/root/bucket3/incalescences-homaloids-long.mp4,44,incalescences-homaloids,harvard.edu,575949,25341756,0.2,long
1358,/videos/2020-02-03/astarboard-randems-long.mp4,25,astarboard-randems,unknown,802583,20064575,0.31,long
1358,/videos/2020-02-03/astarboard-randems-long.mp4,25,astarboard-randems,npr.org,654234,16355850,0.26,long
1401,/media/farfetchedness-overcapitalize-long.mp4,56,farfetchedness-overcapitalize,purevolume.com,487155,27280680,0.14,long
410,/videos/2020-02-01/sissynesses-rocker-long.mp4,47,sissynesses-rocker,phoca.cz,507725,23863075,0.22,long
410,/videos/2020-02-01/sissynesses-rocker-long.mp4,47,sissynesses-rocker,wufoo.com,620130,29146110,0.12,long
73,/videos/2020-02-02/resonator-aerofoils-short.mp4,9,resonator-aerofoils,comcast.net,69374,624366,0.16,short
73,/videos/2020-02-02/resonator-aerofoils-short.mp4,9,resonator-aerofoils,unknown,897546,8077914,0.23,short
460,/root/bucket2/abaya-greaseband-long.mp4,43,abaya-greaseband,unknown,1998,85914,0.12,long
105,/root/bucket2/prolongable-triplying-short.mp4,19,prolongable-triplying,bbb.org,858577,16312963,0.47,short
1039,/root/bucket1/sporocarp-biofuels-short.mp4,27,sporocarp-biofuels,yale.edu,1497,40419,0.35,short
1039,/root/bucket1/sporocarp-biofuels-short.mp4,27,sporocarp-biofuels,unknown,1507,40689,0.36,short
74,/media/straked-extendant-long.mp4,39,straked-extendant,g.co,959718,37429002,0.18,long
74,/media/straked-extendant-long.mp4,39,straked-extendant,blog.com,1501,58539,0.42,long
1554,/root/bucket2/emball-encyclic-short.mp4,9,emball-encyclic,ustream.tv,488701,4398309,0.33,short
569,/root/bucket3/dull-rigling-long.mp4,60,dull-rigling,yale.edu,30856,1851360,0.36,long
569,/root/bucket3/dull-rigling-long.mp4,60,dull-rigling,purevolume.com,439532,26371920,0.15,long
1590,/root/bucket2/cognoscenti-waterworn-short.mp4,14,cognoscenti-waterworn,unicef.org,55426,775964,0.22,short
1888,/videos/2020-02-01/prohibitiveness-peptids-short.mp4,20,prohibitiveness-peptids,so-net.ne.jp,92067,1841340,0.23,short
286,/root/bucket3/gnarling-subcollege-short.mp4,19,gnarling-subcollege,washington.edu,451705,8582395,0.32,short
639,/videos/2020-02-01/rutherfords-tallats-long.mp4,33,rutherfords-tallats,free13runpool.com,773904,25538832,0.26,long
365,/root/bucket3/extremities-imitated-long.mp4,34,extremities-imitated,cnet.com,72518,2465612,0.24,long
465,/root/bucket2/steamroller-mousepieces-long.mp4,29,steamroller-mousepieces,unknown,2001,58029,0.48,long
660,/root/bucket5/valuers-otherguess-long.mp4,54,valuers-otherguess,unknown,1507,81378,0.33,long
1476,/root/bucket5/cocks-sarrasins-short.mp4,9,cocks-sarrasins,yale.edu,1500,13500,0.12,short
1808,/media/polysemous-malacia-long.mp4,53,polysemous-malacia,unknown,143869,7625057,0.26,long
1727,/root/bucket4/duckshoves-colorers-short.mp4,9,duckshoves-colorers,shinystat.com,580756,5226804,0.41,short
1505,/videos/2020-02-03/hijackings-bishopdom-short.mp4,20,hijackings-bishopdom,phoca.cz,351791,7035820,0.25,short
1271,/root/bucket4/exabyte-senior-long.mp4,28,exabyte-senior,unknown,732843,20519604,0.42,long
906,/videos/2020-02-01/hulloed-petrifaction-short.mp4,23,hulloed-petrifaction,unknown,202717,4662491,0.26,short
906,/videos/2020-02-01/hulloed-petrifaction-short.mp4,23,hulloed-petrifaction,so-net.ne.jp,129098,2969254,0.35,short
1558,/videos/2020-02-04/bylander-excluded-short.mp4,27,bylander-excluded,icio.us,956324,25820748,0.45,short
651,/root/bucket1/parmacitie-scintillator-long.mp4,41,parmacitie-scintillator,unknown,981992,40261672,0.39,long
857,/videos/2020-02-03/dumfounders-debarkation-short.mp4,8,dumfounders-debarkation,ebay.co.uk,1497,11976,0.14,short
555,/videos/2020-02-01/besmears-summarizer-short.mp4,9,besmears-summarizer,unknown,26316,236844,0.15,short
10,/videos/2020-02-03/farolito-fundamentalisms-short.mp4,8,farolito-fundamentalisms,unknown,539148,4313184,0.44,short
342,/root/bucket3/contendents-unascended-short.mp4,26,contendents-unascended,unknown,1511,39286,0.31,short
1753,/root/bucket3/presummit-sibyllic-short.mp4,23,presummit-sibyllic,unknown,1992,45816,0.4,short
1397,/root/bucket5/unbury-buckers-short.mp4,6,unbury-buckers,unknown,516127,3096762,0.22,short
1638,/media/clementine-microflora-long.mp4,59,clementine-microflora,java.com,274023,16167357,0.44,long
1638,/media/clementine-microflora-long.mp4,59,clementine-microflora,blog.com,1496,88264,0.27,long
156,/media/savoyards-hognuts-short.mp4,18,savoyards-hognuts,unknown,1507,27126,0.38,short
434,/videos/2020-02-02/discrowned-topophilias-long.mp4,31,discrowned-topophilias,unknown,2002,62062,0.45,long
661,/videos/2020-02-02/harshed-watchboxes-long.mp4,56,harshed-watchboxes,epa.gov,392238,21965328,0.36,long
873,/root/bucket3/comprehended-uplook-short.mp4,23,comprehended-uplook,comcast.net,839747,19314181,0.3,short
873,/root/bucket3/comprehended-uplook-short.mp4,23,comprehended-uplook,wufoo.com,252006,5796138,0.38,short
914,/root/bucket5/untruisms-hermeticity-long.mp4,36,untruisms-hermeticity,unknown,253081,9110916,0.26,long
1575,/videos/2020-02-01/saltuses-hessonites-short.mp4,15,saltuses-hessonites,unknown,1510,22650,0.13,short
801,/root/bucket5/voyeuristically-nosedove-short.mp4,12,voyeuristically-nosedove,istockphoto.com,837971,10055652,0.3,short
1407,/root/bucket4/sabir-straitwaistcoat-long.mp4,50,sabir-straitwaistcoat,ebay.co.uk,1498,74900,0.39,long
1407,/root/bucket4/sabir-straitwaistcoat-long.mp4,50,sabir-straitwaistcoat,java.com,560311,28015550,0.27,long
1046,/media/unequitable-seismometer-short.mp4,20,unequitable-seismometer,redcross.org,946436,18928720,0.11,short
810,/videos/2020-02-04/spring-transfixions-short.mp4,16,spring-transfixions,jalbum.net,294137,4706192,0.43,short
810,/videos/2020-02-04/spring-transfixions-short.mp4,16,spring-transfixions,goodreads.com,646066,10337056,0.49,short
1637,/root/bucket5/cyclodiene-grasshook-short.mp4,28,cyclodiene-grasshook,blog.com,1496,41888,0.43,short
644,/videos/2020-02-03/epicontinental-weedlike-short.mp4,20,epicontinental-weedlike,flavors.me,27208,544160,0.21,short
529,/root/bucket3/saccules-advening-short.mp4,28,saccules-advening,unknown,1508,42224,0.41,short
1983,/root/bucket5/anthropomorphization-superadministrator-short.mp4,7,anthropomorphization-superadministrator,yale.edu,1505,10535,0.39,short
1993,/root/bucket4/monogonies-gapeworm-long.mp4,54,monogonies-gapeworm,unknown,1994,107676,0.31,long
331,/media/snippily-foresee-short.mp4,28,snippily-foresee,auda.org.au,977182,27361096,0.25,short
1288,/media/breastplough-leprosities-long.mp4,37,breastplough-leprosities,blog.com,1496,55352,0.17,long
1288,/media/breastplough-leprosities-long.mp4,37,breastplough-leprosities,harvard.edu,175004,6475148,0.19,long
367,/root/bucket2/heliostat-imprudent-long.mp4,44,heliostat-imprudent,java.com,868077,38195388,0.47,long
827,/videos/2020-02-04/payfone-misshapers-long.mp4,49,payfone-misshapers,unknown,1510,73990,0.33,long
1368,/videos/2020-02-04/sayon-haymakings-short.mp4,12,sayon-haymakings,wiley.com,275658,3307896,0.47,short
287,/media/dimidiate-disenchantments-long.mp4,33,dimidiate-disenchantments,reddit.com,678905,22403865,0.4,long
287,/media/dimidiate-disenchantments-long.mp4,33,dimidiate-disenchantments,unknown,688078,22706574,0.26,long
226,/root/bucket5/cottony-chaffiest-long.mp4,31,cottony-chaffiest,unknown,1509,46779,0.28,long
341,/root/bucket1/tawheowheos-presell-long.mp4,43,tawheowheos-presell,nbcnews.com,685596,29480628,0.3,long
824,/root/bucket4/oilcamps-newsbreaks-long.mp4,37,oilcamps-newsbreaks,ebay.co.uk,1500,55500,0.5,long
1625,/videos/2020-02-03/ghostwrote-workaholic-long.mp4,51,ghostwrote-workaholic,nbcnews.com,930551,47458101,0.3,long
346,/root/bucket1/kip-bucktail-short.mp4,26,kip-bucktail,redcross.org,819011,21294286,0.33,short
1215,/videos/2020-02-04/treater-redolence-long.mp4,27,treater-redolence,g.co,810386,21880422,0.34,long
901,/root/bucket2/quantongs-epacts-short.mp4,13,quantongs-epacts,delicious.com,820182,10662366,0.24,short
1506,/root/bucket2/enormous-varactor-long.mp4,52,enormous-varactor,free13runpool.com,346287,18006924,0.39,long
1834,/root/bucket1/outvenomed-tithonias-short.mp4,26,outvenomed-tithonias,amazon.com,57688,1499888,0.14,short
1615,/root/bucket1/outstations-tying-long.mp4,49,outstations-tying,storify.com,111149,5446301,0.38,long
1324,/root/bucket1/suboptimizations-unpunctualities-short.mp4,24,suboptimizations-unpunctualities,unknown,1512,36288,0.41,short
1982,/root/bucket1/frush-beadman-short.mp4,12,frush-beadman,unknown,306704,3680448,0.11,short
1557,/root/bucket2/swingisms-floppily-long.mp4,47,swingisms-floppily,bravesites.com,608557,28602179,0.29,long
1557,/root/bucket2/swingisms-floppily-long.mp4,47,swingisms-floppily,yale.edu,309323,14538181,0.23,long
1557,/root/bucket2/swingisms-floppily-long.mp4,47,swingisms-floppily,github.com,409154,19230238,0.41,long
609,/root/bucket5/accidental-laterized-short.mp4,12,accidental-laterized,artisteer.com,270896,3250752,0.24,short
1273,/videos/2020-02-02/teds-afterwards-long.mp4,50,teds-afterwards,unknown,1505,75250,0.44,long
262,/videos/2020-02-03/eukaryon-claim-short.mp4,18,eukaryon-claim,yale.edu,1499,26982,0.39,short
1111,/root/bucket2/relatives-quellers-short.mp4,16,relatives-quellers,prnewswire.com,189857,3037712,0.11,short
1111,/root/bucket2/relatives-quellers-short.mp4,16,relatives-quellers,nba.com,398381,6374096,0.27,short
1309,/videos/2020-02-04/azym-abelia-short.mp4,19,azym-abelia,jigsy.com,518319,9848061,0.38,short
1309,/videos/2020-02-04/azym-abelia-short.mp4,19,azym-abelia,cafepress.com,549193,10434667,0.32,short
329,/root/bucket4/butane-thatches-long.mp4,31,butane-thatches,blog.com,1501,46531,0.48,long
1825,/root/bucket3/instituted-weathercloths-long.mp4,31,instituted-weathercloths,spotify.com,685167,21240177,0.42,long
51,/videos/2020-02-02/reassembly-therefor-short.mp4,18,reassembly-therefor,meetup.com,680428,12247704,0.32,short
1334,/media/monoecy-pettifoggings-short.mp4,26,monoecy-pettifoggings,earthlink.net,798030,20748780,0.27,short
1919,/media/tomographic-realtones-short.mp4,21,tomographic-realtones,unknown,1999,41979,0.42,short
1258,/videos/2020-02-01/benzoyl-inclose-short.mp4,8,benzoyl-inclose,goodreads.com,424778,3398224,0.44,short
41,/root/bucket2/girsh-offerors-short.mp4,5,girsh-offerors,unknown,1508,7540,0.27,short
206,/videos/2020-02-02/stronghold-sylphides-short.mp4,6,stronghold-sylphides,ebay.co.uk,1499,8994,0.32,short
969,/videos/2020-02-02/battening-georgics-short.mp4,21,battening-georgics,mayoclinic.com,208184,4371864,0.35,short
599,/root/bucket3/unwedgeable-guttating-long.mp4,49,unwedgeable-guttating,flavors.me,921476,45152324,0.41,long
244,/media/tormentings-rhabdomyoma-long.mp4,58,tormentings-rhabdomyoma,163.com,337439,19571462,0.44,long
1552,/root/bucket4/exemplify-thusness-short.mp4,27,exemplify-thusness,wiley.com,417604,11275308,0.44,short
1552,/root/bucket4/exemplify-thusness-short.mp4,27,exemplify-thusness,joomla.org,689758,18623466,0.46,short
562,/videos/2020-02-01/photomosaics-pigsconce-short.mp4,18,photomosaics-pigsconce,unknown,1504,27072,0.44,short
562,/videos/2020-02-01/photomosaics-pigsconce-short.mp4,18,photomosaics-pigsconce,so-net.ne.jp,409298,7367364,0.41,short
1942,/root/bucket2/genizoth-parabases-short.mp4,9,genizoth-parabases,unknown,1997,17973,0.21,short
738,/root/bucket5/genizoth-parabases-long.mp4,50,genizoth-parabases,blog.com,1499,74950,0.11,long
1547,/root/bucket2/hubcaps-onshoring-short.mp4,18,hubcaps-onshoring,sourceforge.net,369834,6657012,0.47,short
249,/videos/2020-02-04/hubcaps-onshoring-long.mp4,43,hubcaps-onshoring,mail.ru,188378,8100254,0.19,long
249,/videos/2020-02-04/hubcaps-onshoring-long.mp4,43,hubcaps-onshoring,blog.com,1501,64543,0.4,long
1573,/root/bucket2/brimfull-protistan-short.mp4,10,brimfull-protistan,unknown,2002,20020,0.11,short
1869,/media/mountebankisms-hushes-long.mp4,52,mountebankisms-hushes,blog.com,1499,77948,0.14,long
654,/videos/2020-02-03/gynaecia-plumberies-long.mp4,47,gynaecia-plumberies,google.fr,840053,39482491,0.48,long
1671,/videos/2020-02-02/secrete-reptiloid-long.mp4,35,secrete-reptiloid,moonfruit.com,890338,31161830,0.2,long
1711,/media/catarrhines-fairnytickle-short.mp4,5,catarrhines-fairnytickle,csmonitor.com,640715,3203575,0.14,short
1402,/videos/2020-02-01/catarrhines-fairnytickle-long.mp4,41,catarrhines-fairnytickle,meetup.com,88829,3641989,0.37,long
1386,/videos/2020-02-04/sows-mairehau-short.mp4,10,sows-mairehau,foxnews.com,992776,9927760,0.15,short
1523,/root/bucket1/nymphomaniacal-arame-short.mp4,7,nymphomaniacal-arame,msu.edu,925900,6481300,0.31,short
1523,/root/bucket1/nymphomaniacal-arame-short.mp4,7,nymphomaniacal-arame,prnewswire.com,508441,3559087,0.27,short
1523,/root/bucket1/nymphomaniacal-arame-short.mp4,7,nymphomaniacal-arame,unknown,1999,13993,0.37,short
224,/media/gentlepersons-irremissions-long.mp4,46,gentlepersons-irremissions,mayoclinic.com,189353,8710238,0.29,long
224,/media/gentlepersons-irremissions-long.mp4,46,gentlepersons-irremissions,msu.edu,915971,42134666,0.45,long
1723,/media/hyperexcited-argon-short.mp4,23,hyperexcited-argon,unknown,1998,45954,0.37,short
1732,/root/bucket4/hyperexcited-argon-long.mp4,46,hyperexcited-argon,artisteer.com,239663,11024498,0.21,long
1444,/videos/2020-02-01/optic-buzzbaits-long.mp4,31,optic-buzzbaits,java.com,138359,4289129,0.3,long
1903,/media/consilient-shamefaced-short.mp4,15,consilient-shamefaced,unknown,17714,265710,0.38,short
1556,/media/myrmecochory-sombreness-long.mp4,45,myrmecochory-sombreness,blog.com,1500,67500,0.31,long
1556,/media/myrmecochory-sombreness-long.mp4,45,myrmecochory-sombreness,odnoklassniki.ru,254036,11431620,0.43,long
1583,/root/bucket5/naughtiness-prequalification-long.mp4,36,naughtiness-prequalification,de.vu,236689,8520804,0.37,long
1583,/root/bucket5/naughtiness-prequalification-long.mp4,36,naughtiness-prequalification,phoca.cz,406299,14626764,0.2,long
733,/root/bucket3/eviscerated-boogers-short.mp4,7,eviscerated-boogers,unknown,2001,14007,0.2,short
1683,/root/bucket4/kenos-choreographies-long.mp4,43,kenos-choreographies,g.co,744245,32002535,0.24,long
1683,/root/bucket4/kenos-choreographies-long.mp4,43,kenos-choreographies,webs.com,400199,17208557,0.19,long
1105,/root/bucket5/iodine-clodhopping-long.mp4,40,iodine-clodhopping,chron.com,391816,15672640,0.22,long
1322,/media/newsgroup-degenerateness-short.mp4,7,newsgroup-degenerateness,yolasite.com,180314,1262198,0.33,short
994,/videos/2020-02-01/cocooned-ampliation-short.mp4,29,cocooned-ampliation,wufoo.com,433646,12575734,0.17,short
